[0m21:36:56.838518 [debug] [Thread-7 (]: Marking all children of 'model.ingatlanmizu.mart_listings_current' to be skipped because of status 'skipped'. 
[0m21:36:56.839005 [debug] [Thread-1 (]: SQL status: COMMIT in 0.001 seconds
[0m21:36:56.840058 [debug] [Thread-1 (]: Applying DROP to: "ingatlanmizu"."silver"."int_observations__unioned__dbt_backup"
[0m21:36:56.840276 [debug] [Thread-3 (]: Began running node test.ingatlanmizu.dbt_utils_unique_combination_of_columns_mart_listings_current_listing_key.fc41e8e7ea
[0m21:36:56.840474 [debug] [Thread-4 (]: Began running node test.ingatlanmizu.not_null_mart_listings_current_listing_key.369a2bce35
[0m21:36:56.840663 [debug] [Thread-2 (]: Began running node test.ingatlanmizu.not_null_mart_listings_current_original_price_huf.1cefc46f7e
[0m21:36:56.840978 [debug] [Thread-1 (]: Using postgres connection "model.ingatlanmizu.int_observations__unioned"
[0m21:36:56.841219 [info ] [Thread-3 (]: 66 of 102 SKIP test dbt_utils_unique_combination_of_columns_mart_listings_current_listing_key  [[33mSKIP[0m]
[0m21:36:56.841464 [info ] [Thread-4 (]: 67 of 102 SKIP test not_null_mart_listings_current_listing_key ................. [[33mSKIP[0m]
[0m21:36:56.841703 [info ] [Thread-2 (]: 68 of 102 SKIP test not_null_mart_listings_current_original_price_huf .......... [[33mSKIP[0m]
[0m21:36:56.841945 [debug] [Thread-1 (]: On model.ingatlanmizu.int_observations__unioned: /* {"app": "dbt", "dbt_version": "1.12.0", "profile_name": "ingatlanmizu", "target_name": "local", "node_id": "model.ingatlanmizu.int_observations__unioned"} */
drop view if exists "ingatlanmizu"."silver"."int_observations__unioned__dbt_backup" cascade
[0m21:36:56.842173 [debug] [Thread-3 (]: Finished running node test.ingatlanmizu.dbt_utils_unique_combination_of_columns_mart_listings_current_listing_key.fc41e8e7ea
[0m21:36:56.842380 [debug] [Thread-4 (]: Finished running node test.ingatlanmizu.not_null_mart_listings_current_listing_key.369a2bce35
[0m21:36:56.842589 [debug] [Thread-2 (]: Finished running node test.ingatlanmizu.not_null_mart_listings_current_original_price_huf.1cefc46f7e
[0m21:36:56.842828 [debug] [Thread-3 (]: Began running node test.ingatlanmizu.not_null_mart_listings_current_price_change_pct.b17c5467bb
[0m21:36:56.843046 [debug] [Thread-4 (]: Began running node test.ingatlanmizu.not_null_mart_listings_current_price_delta_huf.26a81ff6ce
[0m21:36:56.843219 [debug] [Thread-7 (]: Marking all children of 'test.ingatlanmizu.dbt_utils_unique_combination_of_columns_mart_listings_current_listing_key.fc41e8e7ea' to be skipped because of status 'skipped'. 
[0m21:36:56.843428 [debug] [Thread-1 (]: SQL status: DROP VIEW in 0.001 seconds
[0m21:36:56.843667 [info ] [Thread-3 (]: 69 of 102 SKIP test not_null_mart_listings_current_price_change_pct ............ [[33mSKIP[0m]
[0m21:36:56.843911 [info ] [Thread-4 (]: 70 of 102 SKIP test not_null_mart_listings_current_price_delta_huf ............. [[33mSKIP[0m]
[0m21:36:56.844196 [debug] [Thread-7 (]: Marking all children of 'test.ingatlanmizu.not_null_mart_listings_current_listing_key.369a2bce35' to be skipped because of status 'skipped'. 
[0m21:36:56.845010 [debug] [Thread-1 (]: On model.ingatlanmizu.int_observations__unioned: Close
[0m21:36:56.845252 [debug] [Thread-3 (]: Finished running node test.ingatlanmizu.not_null_mart_listings_current_price_change_pct.b17c5467bb
[0m21:36:56.845489 [debug] [Thread-4 (]: Finished running node test.ingatlanmizu.not_null_mart_listings_current_price_delta_huf.26a81ff6ce
[0m21:36:56.845711 [debug] [Thread-7 (]: Marking all children of 'test.ingatlanmizu.not_null_mart_listings_current_original_price_huf.1cefc46f7e' to be skipped because of status 'skipped'. 
[0m21:36:56.846064 [debug] [Thread-1 (]: Sending event: {'category': 'dbt', 'action': 'run_model', 'label': '5ea3dcd7-1656-4860-b387-a72e979c4899', 'context': [<snowplow_tracker.self_describing_json.SelfDescribingJson object at 0x108e54410>]}
[0m21:36:56.846325 [debug] [Thread-7 (]: Marking all children of 'test.ingatlanmizu.not_null_mart_listings_current_price_change_pct.b17c5467bb' to be skipped because of status 'skipped'. 
[0m21:36:56.846696 [info ] [Thread-1 (]: 47 of 102 OK created sql view model silver.int_observations__unioned ........... [[32mCREATE VIEW[0m in 0.03s]
[0m21:36:56.846932 [debug] [Thread-7 (]: Marking all children of 'test.ingatlanmizu.not_null_mart_listings_current_price_delta_huf.26a81ff6ce' to be skipped because of status 'skipped'. 
[0m21:36:56.847229 [debug] [Thread-1 (]: Finished running node model.ingatlanmizu.int_observations__unioned
[0m21:36:56.847719 [debug] [Thread-2 (]: Began running node test.ingatlanmizu.dbt_utils_unique_combination_of_columns_int_observations__unioned_listing_key__observed_at.8a8e346e14
[0m21:36:56.847951 [info ] [Thread-2 (]: 71 of 102 START test dbt_utils_unique_combination_of_columns_int_observations__unioned_listing_key__observed_at  [RUN]
[0m21:36:56.848189 [debug] [Thread-3 (]: Began running node test.ingatlanmizu.not_empty_int_observations__unioned_listing_code.c41adba39b
[0m21:36:56.848446 [debug] [Thread-2 (]: Re-using an available connection from the pool (formerly test.ingatlanmizu.not_null_stg_zenga__observations_listing_code.c911cddbcc, now test.ingatlanmizu.dbt_utils_unique_combination_of_columns_int_observations__unioned_listing_key__observed_at.8a8e346e14)
[0m21:36:56.848661 [debug] [Thread-4 (]: Began running node test.ingatlanmizu.not_empty_int_observations__unioned_listing_key.f6a9ae74c2
[0m21:36:56.848888 [debug] [Thread-1 (]: Began running node test.ingatlanmizu.not_empty_int_observations__unioned_source.7e99c895d8
[0m21:36:56.849115 [info ] [Thread-3 (]: 72 of 102 START test not_empty_int_observations__unioned_listing_code .......... [RUN]
[0m21:36:56.849348 [debug] [Thread-2 (]: Began compiling node test.ingatlanmizu.dbt_utils_unique_combination_of_columns_int_observations__unioned_listing_key__observed_at.8a8e346e14
[0m21:36:56.849555 [info ] [Thread-4 (]: 73 of 102 START test not_empty_int_observations__unioned_listing_key ........... [RUN]
[0m21:36:56.849786 [info ] [Thread-1 (]: 74 of 102 START test not_empty_int_observations__unioned_source ................ [RUN]
[0m21:36:56.850055 [debug] [Thread-3 (]: Re-using an available connection from the pool (formerly test.ingatlanmizu.not_null_stg_zenga__observations_listing_key.aca095ea93, now test.ingatlanmizu.not_empty_int_observations__unioned_listing_code.c41adba39b)
[0m21:36:56.854462 [debug] [Thread-2 (]: Writing injected SQL for node "test.ingatlanmizu.dbt_utils_unique_combination_of_columns_int_observations__unioned_listing_key__observed_at.8a8e346e14"
[0m21:36:56.854742 [debug] [Thread-4 (]: Re-using an available connection from the pool (formerly test.ingatlanmizu.not_null_stg_zenga__observations_ingestion_run_id.ced996d52c, now test.ingatlanmizu.not_empty_int_observations__unioned_listing_key.f6a9ae74c2)
[0m21:36:56.854988 [debug] [Thread-1 (]: Re-using an available connection from the pool (formerly model.ingatlanmizu.int_observations__unioned, now test.ingatlanmizu.not_empty_int_observations__unioned_source.7e99c895d8)
[0m21:36:56.855205 [debug] [Thread-3 (]: Began compiling node test.ingatlanmizu.not_empty_int_observations__unioned_listing_code.c41adba39b
[0m21:36:56.855497 [debug] [Thread-4 (]: Began compiling node test.ingatlanmizu.not_empty_int_observations__unioned_listing_key.f6a9ae74c2
[0m21:36:56.855711 [debug] [Thread-1 (]: Began compiling node test.ingatlanmizu.not_empty_int_observations__unioned_source.7e99c895d8
[0m21:36:56.858936 [debug] [Thread-3 (]: Writing injected SQL for node "test.ingatlanmizu.not_empty_int_observations__unioned_listing_code.c41adba39b"
[0m21:36:56.859169 [debug] [Thread-2 (]: Began executing node test.ingatlanmizu.dbt_utils_unique_combination_of_columns_int_observations__unioned_listing_key__observed_at.8a8e346e14
[0m21:36:56.862420 [debug] [Thread-4 (]: Writing injected SQL for node "test.ingatlanmizu.not_empty_int_observations__unioned_listing_key.f6a9ae74c2"
[0m21:36:56.865712 [debug] [Thread-1 (]: Writing injected SQL for node "test.ingatlanmizu.not_empty_int_observations__unioned_source.7e99c895d8"
[0m21:36:56.866548 [debug] [Thread-2 (]: Writing runtime sql for node "test.ingatlanmizu.dbt_utils_unique_combination_of_columns_int_observations__unioned_listing_key__observed_at.8a8e346e14"
[0m21:36:56.866948 [debug] [Thread-3 (]: Began executing node test.ingatlanmizu.not_empty_int_observations__unioned_listing_code.c41adba39b
[0m21:36:56.867798 [debug] [Thread-3 (]: Writing runtime sql for node "test.ingatlanmizu.not_empty_int_observations__unioned_listing_code.c41adba39b"
[0m21:36:56.868046 [debug] [Thread-1 (]: Began executing node test.ingatlanmizu.not_empty_int_observations__unioned_source.7e99c895d8
[0m21:36:56.868275 [debug] [Thread-4 (]: Began executing node test.ingatlanmizu.not_empty_int_observations__unioned_listing_key.f6a9ae74c2
[0m21:36:56.868582 [debug] [Thread-2 (]: Using postgres connection "test.ingatlanmizu.dbt_utils_unique_combination_of_columns_int_observations__unioned_listing_key__observed_at.8a8e346e14"
[0m21:36:56.869334 [debug] [Thread-1 (]: Writing runtime sql for node "test.ingatlanmizu.not_empty_int_observations__unioned_source.7e99c895d8"
[0m21:36:56.870102 [debug] [Thread-4 (]: Writing runtime sql for node "test.ingatlanmizu.not_empty_int_observations__unioned_listing_key.f6a9ae74c2"
[0m21:36:56.870343 [debug] [Thread-3 (]: Using postgres connection "test.ingatlanmizu.not_empty_int_observations__unioned_listing_code.c41adba39b"
[0m21:36:56.870572 [debug] [Thread-2 (]: On test.ingatlanmizu.dbt_utils_unique_combination_of_columns_int_observations__unioned_listing_key__observed_at.8a8e346e14: /* {"app": "dbt", "dbt_version": "1.12.0", "profile_name": "ingatlanmizu", "target_name": "local", "node_id": "test.ingatlanmizu.dbt_utils_unique_combination_of_columns_int_observations__unioned_listing_key__observed_at.8a8e346e14"} */

    
    select
      count(*) as failures,
      count(*) != 0 as should_warn,
      count(*) != 0 as should_error
    from (
      
    
  





with validation_errors as (

    select
        listing_key, observed_at
    from "ingatlanmizu"."silver"."int_observations__unioned"
    group by listing_key, observed_at
    having count(*) > 1

)

select *
from validation_errors



  
  
      
    ) dbt_internal_test
[0m21:36:56.870919 [debug] [Thread-3 (]: On test.ingatlanmizu.not_empty_int_observations__unioned_listing_code.c41adba39b: /* {"app": "dbt", "dbt_version": "1.12.0", "profile_name": "ingatlanmizu", "target_name": "local", "node_id": "test.ingatlanmizu.not_empty_int_observations__unioned_listing_code.c41adba39b"} */

    
    select
      count(*) as failures,
      count(*) != 0 as should_warn,
      count(*) != 0 as should_error
    from (
      
    
  

select *
from "ingatlanmizu"."silver"."int_observations__unioned"
where trim(listing_code) = ''


  
  
      
    ) dbt_internal_test
[0m21:36:56.871204 [debug] [Thread-2 (]: Opening a new connection, currently in state closed
[0m21:36:56.871418 [debug] [Thread-1 (]: Using postgres connection "test.ingatlanmizu.not_empty_int_observations__unioned_source.7e99c895d8"
[0m21:36:56.871635 [debug] [Thread-4 (]: Using postgres connection "test.ingatlanmizu.not_empty_int_observations__unioned_listing_key.f6a9ae74c2"
[0m21:36:56.871840 [debug] [Thread-3 (]: Opening a new connection, currently in state closed
[0m21:36:56.872124 [debug] [Thread-1 (]: On test.ingatlanmizu.not_empty_int_observations__unioned_source.7e99c895d8: /* {"app": "dbt", "dbt_version": "1.12.0", "profile_name": "ingatlanmizu", "target_name": "local", "node_id": "test.ingatlanmizu.not_empty_int_observations__unioned_source.7e99c895d8"} */

    
    select
      count(*) as failures,
      count(*) != 0 as should_warn,
      count(*) != 0 as should_error
    from (
      
    
  

select *
from "ingatlanmizu"."silver"."int_observations__unioned"
where trim(source) = ''


  
  
      
    ) dbt_internal_test
[0m21:36:56.872370 [debug] [Thread-4 (]: On test.ingatlanmizu.not_empty_int_observations__unioned_listing_key.f6a9ae74c2: /* {"app": "dbt", "dbt_version": "1.12.0", "profile_name": "ingatlanmizu", "target_name": "local", "node_id": "test.ingatlanmizu.not_empty_int_observations__unioned_listing_key.f6a9ae74c2"} */

    
    select
      count(*) as failures,
      count(*) != 0 as should_warn,
      count(*) != 0 as should_error
    from (
      
    
  

select *
from "ingatlanmizu"."silver"."int_observations__unioned"
where trim(listing_key) = ''


  
  
      
    ) dbt_internal_test
[0m21:36:56.872667 [debug] [Thread-1 (]: Opening a new connection, currently in state closed
[0m21:36:56.872893 [debug] [Thread-4 (]: Opening a new connection, currently in state closed
[0m21:36:56.887802 [debug] [Thread-4 (]: SQL status: SELECT 1 in 0.015 seconds
[0m21:36:56.888023 [debug] [Thread-3 (]: SQL status: SELECT 1 in 0.016 seconds
[0m21:36:56.888244 [debug] [Thread-1 (]: SQL status: SELECT 1 in 0.016 seconds
[0m21:36:56.888436 [debug] [Thread-2 (]: SQL status: SELECT 1 in 0.017 seconds
[0m21:36:56.889301 [debug] [Thread-4 (]: On test.ingatlanmizu.not_empty_int_observations__unioned_listing_key.f6a9ae74c2: ROLLBACK
[0m21:36:56.890001 [debug] [Thread-3 (]: On test.ingatlanmizu.not_empty_int_observations__unioned_listing_code.c41adba39b: ROLLBACK
[0m21:36:56.890698 [debug] [Thread-1 (]: On test.ingatlanmizu.not_empty_int_observations__unioned_source.7e99c895d8: ROLLBACK
[0m21:36:56.891373 [debug] [Thread-2 (]: On test.ingatlanmizu.dbt_utils_unique_combination_of_columns_int_observations__unioned_listing_key__observed_at.8a8e346e14: ROLLBACK
[0m21:36:56.892007 [debug] [Thread-4 (]: On test.ingatlanmizu.not_empty_int_observations__unioned_listing_key.f6a9ae74c2: Close
[0m21:36:56.892214 [debug] [Thread-3 (]: On test.ingatlanmizu.not_empty_int_observations__unioned_listing_code.c41adba39b: Close
[0m21:36:56.892406 [debug] [Thread-1 (]: On test.ingatlanmizu.not_empty_int_observations__unioned_source.7e99c895d8: Close
[0m21:36:56.892596 [debug] [Thread-2 (]: On test.ingatlanmizu.dbt_utils_unique_combination_of_columns_int_observations__unioned_listing_key__observed_at.8a8e346e14: Close
[0m21:36:56.892959 [info ] [Thread-4 (]: 73 of 102 PASS not_empty_int_observations__unioned_listing_key ................. [[32mPASS[0m in 0.04s]
[0m21:36:56.893344 [info ] [Thread-3 (]: 72 of 102 PASS not_empty_int_observations__unioned_listing_code ................ [[32mPASS[0m in 0.04s]
[0m21:36:56.893706 [info ] [Thread-1 (]: 74 of 102 PASS not_empty_int_observations__unioned_source ...................... [[32mPASS[0m in 0.04s]
[0m21:36:56.894175 [debug] [Thread-4 (]: Finished running node test.ingatlanmizu.not_empty_int_observations__unioned_listing_key.f6a9ae74c2
[0m21:36:56.894486 [debug] [Thread-3 (]: Finished running node test.ingatlanmizu.not_empty_int_observations__unioned_listing_code.c41adba39b
[0m21:36:56.895081 [debug] [Thread-1 (]: Finished running node test.ingatlanmizu.not_empty_int_observations__unioned_source.7e99c895d8
[0m21:36:56.894811 [info ] [Thread-2 (]: 71 of 102 PASS dbt_utils_unique_combination_of_columns_int_observations__unioned_listing_key__observed_at  [[32mPASS[0m in 0.05s]
[0m21:36:56.895422 [debug] [Thread-4 (]: Began running node test.ingatlanmizu.not_null_int_observations__unioned_bronze_id.a73c8c7f51
[0m21:36:56.895703 [debug] [Thread-3 (]: Began running node test.ingatlanmizu.not_null_int_observations__unioned_ingestion_run_id.b9debcc6b2
[0m21:36:56.895972 [debug] [Thread-1 (]: Began running node test.ingatlanmizu.not_null_int_observations__unioned_listing_code.4848edf7d7
[0m21:36:56.896309 [debug] [Thread-2 (]: Finished running node test.ingatlanmizu.dbt_utils_unique_combination_of_columns_int_observations__unioned_listing_key__observed_at.8a8e346e14
[0m21:36:56.896546 [info ] [Thread-4 (]: 75 of 102 START test not_null_int_observations__unioned_bronze_id .............. [RUN]
[0m21:36:56.896824 [info ] [Thread-3 (]: 76 of 102 START test not_null_int_observations__unioned_ingestion_run_id ....... [RUN]
[0m21:36:56.897072 [info ] [Thread-1 (]: 77 of 102 START test not_null_int_observations__unioned_listing_code ........... [RUN]
[0m21:36:56.897329 [debug] [Thread-2 (]: Began running node test.ingatlanmizu.not_null_int_observations__unioned_listing_key.3b505f918a
[0m21:36:56.897612 [debug] [Thread-4 (]: Re-using an available connection from the pool (formerly test.ingatlanmizu.not_empty_int_observations__unioned_listing_key.f6a9ae74c2, now test.ingatlanmizu.not_null_int_observations__unioned_bronze_id.a73c8c7f51)
[0m21:36:56.897853 [debug] [Thread-3 (]: Re-using an available connection from the pool (formerly test.ingatlanmizu.not_empty_int_observations__unioned_listing_code.c41adba39b, now test.ingatlanmizu.not_null_int_observations__unioned_ingestion_run_id.b9debcc6b2)
[0m21:36:56.898094 [debug] [Thread-1 (]: Re-using an available connection from the pool (formerly test.ingatlanmizu.not_empty_int_observations__unioned_source.7e99c895d8, now test.ingatlanmizu.not_null_int_observations__unioned_listing_code.4848edf7d7)
[0m21:36:56.898344 [info ] [Thread-2 (]: 78 of 102 START test not_null_int_observations__unioned_listing_key ............ [RUN]
[0m21:36:56.898575 [debug] [Thread-4 (]: Began compiling node test.ingatlanmizu.not_null_int_observations__unioned_bronze_id.a73c8c7f51
[0m21:36:56.898791 [debug] [Thread-3 (]: Began compiling node test.ingatlanmizu.not_null_int_observations__unioned_ingestion_run_id.b9debcc6b2
[0m21:36:56.899000 [debug] [Thread-1 (]: Began compiling node test.ingatlanmizu.not_null_int_observations__unioned_listing_code.4848edf7d7
[0m21:36:56.899221 [debug] [Thread-2 (]: Re-using an available connection from the pool (formerly test.ingatlanmizu.dbt_utils_unique_combination_of_columns_int_observations__unioned_listing_key__observed_at.8a8e346e14, now test.ingatlanmizu.not_null_int_observations__unioned_listing_key.3b505f918a)
[0m21:36:56.902780 [debug] [Thread-4 (]: Writing injected SQL for node "test.ingatlanmizu.not_null_int_observations__unioned_bronze_id.a73c8c7f51"
[0m21:36:56.905953 [debug] [Thread-3 (]: Writing injected SQL for node "test.ingatlanmizu.not_null_int_observations__unioned_ingestion_run_id.b9debcc6b2"
[0m21:36:56.909258 [debug] [Thread-1 (]: Writing injected SQL for node "test.ingatlanmizu.not_null_int_observations__unioned_listing_code.4848edf7d7"
[0m21:36:56.909501 [debug] [Thread-2 (]: Began compiling node test.ingatlanmizu.not_null_int_observations__unioned_listing_key.3b505f918a
[0m21:36:56.913036 [debug] [Thread-2 (]: Writing injected SQL for node "test.ingatlanmizu.not_null_int_observations__unioned_listing_key.3b505f918a"
[0m21:36:56.913263 [debug] [Thread-3 (]: Began executing node test.ingatlanmizu.not_null_int_observations__unioned_ingestion_run_id.b9debcc6b2
[0m21:36:56.913502 [debug] [Thread-4 (]: Began executing node test.ingatlanmizu.not_null_int_observations__unioned_bronze_id.a73c8c7f51
[0m21:36:56.914310 [debug] [Thread-3 (]: Writing runtime sql for node "test.ingatlanmizu.not_null_int_observations__unioned_ingestion_run_id.b9debcc6b2"
[0m21:36:56.914537 [debug] [Thread-1 (]: Began executing node test.ingatlanmizu.not_null_int_observations__unioned_listing_code.4848edf7d7
[0m21:36:56.915348 [debug] [Thread-4 (]: Writing runtime sql for node "test.ingatlanmizu.not_null_int_observations__unioned_bronze_id.a73c8c7f51"
[0m21:36:56.915575 [debug] [Thread-2 (]: Began executing node test.ingatlanmizu.not_null_int_observations__unioned_listing_key.3b505f918a
[0m21:36:56.916310 [debug] [Thread-1 (]: Writing runtime sql for node "test.ingatlanmizu.not_null_int_observations__unioned_listing_code.4848edf7d7"
[0m21:36:56.917094 [debug] [Thread-2 (]: Writing runtime sql for node "test.ingatlanmizu.not_null_int_observations__unioned_listing_key.3b505f918a"
[0m21:36:56.917342 [debug] [Thread-3 (]: Using postgres connection "test.ingatlanmizu.not_null_int_observations__unioned_ingestion_run_id.b9debcc6b2"
[0m21:36:56.917625 [debug] [Thread-4 (]: Using postgres connection "test.ingatlanmizu.not_null_int_observations__unioned_bronze_id.a73c8c7f51"
[0m21:36:56.917927 [debug] [Thread-3 (]: On test.ingatlanmizu.not_null_int_observations__unioned_ingestion_run_id.b9debcc6b2: /* {"app": "dbt", "dbt_version": "1.12.0", "profile_name": "ingatlanmizu", "target_name": "local", "node_id": "test.ingatlanmizu.not_null_int_observations__unioned_ingestion_run_id.b9debcc6b2"} */

    
    select
      count(*) as failures,
      count(*) != 0 as should_warn,
      count(*) != 0 as should_error
    from (
      
    
  
    
    



select ingestion_run_id
from "ingatlanmizu"."silver"."int_observations__unioned"
where ingestion_run_id is null



  
  
      
    ) dbt_internal_test
[0m21:36:56.918234 [debug] [Thread-1 (]: Using postgres connection "test.ingatlanmizu.not_null_int_observations__unioned_listing_code.4848edf7d7"
[0m21:36:56.918486 [debug] [Thread-4 (]: On test.ingatlanmizu.not_null_int_observations__unioned_bronze_id.a73c8c7f51: /* {"app": "dbt", "dbt_version": "1.12.0", "profile_name": "ingatlanmizu", "target_name": "local", "node_id": "test.ingatlanmizu.not_null_int_observations__unioned_bronze_id.a73c8c7f51"} */

    
    select
      count(*) as failures,
      count(*) != 0 as should_warn,
      count(*) != 0 as should_error
    from (
      
    
  
    
    



select bronze_id
from "ingatlanmizu"."silver"."int_observations__unioned"
where bronze_id is null



  
  
      
    ) dbt_internal_test
[0m21:36:56.918721 [debug] [Thread-2 (]: Using postgres connection "test.ingatlanmizu.not_null_int_observations__unioned_listing_key.3b505f918a"
[0m21:36:56.918926 [debug] [Thread-3 (]: Opening a new connection, currently in state closed
[0m21:36:56.919144 [debug] [Thread-1 (]: On test.ingatlanmizu.not_null_int_observations__unioned_listing_code.4848edf7d7: /* {"app": "dbt", "dbt_version": "1.12.0", "profile_name": "ingatlanmizu", "target_name": "local", "node_id": "test.ingatlanmizu.not_null_int_observations__unioned_listing_code.4848edf7d7"} */

    
    select
      count(*) as failures,
      count(*) != 0 as should_warn,
      count(*) != 0 as should_error
    from (
      
    
  
    
    



select listing_code
from "ingatlanmizu"."silver"."int_observations__unioned"
where listing_code is null



  
  
      
    ) dbt_internal_test
[0m21:36:56.919350 [debug] [Thread-4 (]: Opening a new connection, currently in state closed
[0m21:36:56.919558 [debug] [Thread-2 (]: On test.ingatlanmizu.not_null_int_observations__unioned_listing_key.3b505f918a: /* {"app": "dbt", "dbt_version": "1.12.0", "profile_name": "ingatlanmizu", "target_name": "local", "node_id": "test.ingatlanmizu.not_null_int_observations__unioned_listing_key.3b505f918a"} */

    
    select
      count(*) as failures,
      count(*) != 0 as should_warn,
      count(*) != 0 as should_error
    from (
      
    
  
    
    



select listing_key
from "ingatlanmizu"."silver"."int_observations__unioned"
where listing_key is null



  
  
      
    ) dbt_internal_test
[0m21:36:56.919833 [debug] [Thread-1 (]: Opening a new connection, currently in state closed
[0m21:36:56.920098 [debug] [Thread-2 (]: Opening a new connection, currently in state closed
[0m21:36:56.936581 [debug] [Thread-4 (]: SQL status: SELECT 1 in 0.017 seconds
[0m21:36:56.936800 [debug] [Thread-3 (]: SQL status: SELECT 1 in 0.018 seconds
[0m21:36:56.937001 [debug] [Thread-1 (]: SQL status: SELECT 1 in 0.017 seconds
[0m21:36:56.937183 [debug] [Thread-2 (]: SQL status: SELECT 1 in 0.017 seconds
[0m21:36:56.937975 [debug] [Thread-4 (]: On test.ingatlanmizu.not_null_int_observations__unioned_bronze_id.a73c8c7f51: ROLLBACK
[0m21:36:56.938670 [debug] [Thread-3 (]: On test.ingatlanmizu.not_null_int_observations__unioned_ingestion_run_id.b9debcc6b2: ROLLBACK
[0m21:36:56.939322 [debug] [Thread-1 (]: On test.ingatlanmizu.not_null_int_observations__unioned_listing_code.4848edf7d7: ROLLBACK
[0m21:36:56.939972 [debug] [Thread-2 (]: On test.ingatlanmizu.not_null_int_observations__unioned_listing_key.3b505f918a: ROLLBACK
[0m21:36:56.940769 [debug] [Thread-1 (]: On test.ingatlanmizu.not_null_int_observations__unioned_listing_code.4848edf7d7: Close
[0m21:36:56.940968 [debug] [Thread-4 (]: On test.ingatlanmizu.not_null_int_observations__unioned_bronze_id.a73c8c7f51: Close
[0m21:36:56.941157 [debug] [Thread-3 (]: On test.ingatlanmizu.not_null_int_observations__unioned_ingestion_run_id.b9debcc6b2: Close
[0m21:36:56.941338 [debug] [Thread-2 (]: On test.ingatlanmizu.not_null_int_observations__unioned_listing_key.3b505f918a: Close
[0m21:36:56.941669 [info ] [Thread-1 (]: 77 of 102 PASS not_null_int_observations__unioned_listing_code ................. [[32mPASS[0m in 0.04s]
[0m21:36:56.942012 [info ] [Thread-4 (]: 75 of 102 PASS not_null_int_observations__unioned_bronze_id .................... [[32mPASS[0m in 0.04s]
[0m21:36:56.942383 [info ] [Thread-3 (]: 76 of 102 PASS not_null_int_observations__unioned_ingestion_run_id ............. [[32mPASS[0m in 0.04s]
[0m21:36:56.942730 [info ] [Thread-2 (]: 78 of 102 PASS not_null_int_observations__unioned_listing_key .................. [[32mPASS[0m in 0.04s]
[0m21:36:56.943063 [debug] [Thread-1 (]: Finished running node test.ingatlanmizu.not_null_int_observations__unioned_listing_code.4848edf7d7
[0m21:36:56.943331 [debug] [Thread-4 (]: Finished running node test.ingatlanmizu.not_null_int_observations__unioned_bronze_id.a73c8c7f51
[0m21:36:56.943588 [debug] [Thread-3 (]: Finished running node test.ingatlanmizu.not_null_int_observations__unioned_ingestion_run_id.b9debcc6b2
[0m21:36:56.943842 [debug] [Thread-2 (]: Finished running node test.ingatlanmizu.not_null_int_observations__unioned_listing_key.3b505f918a
[0m21:36:56.944055 [debug] [Thread-1 (]: Began running node test.ingatlanmizu.not_null_int_observations__unioned_source.7b1725f5ca
[0m21:36:56.944479 [info ] [Thread-1 (]: 79 of 102 START test not_null_int_observations__unioned_source ................. [RUN]
[0m21:36:56.944732 [debug] [Thread-1 (]: Re-using an available connection from the pool (formerly test.ingatlanmizu.not_null_int_observations__unioned_listing_code.4848edf7d7, now test.ingatlanmizu.not_null_int_observations__unioned_source.7b1725f5ca)
[0m21:36:56.944937 [debug] [Thread-1 (]: Began compiling node test.ingatlanmizu.not_null_int_observations__unioned_source.7b1725f5ca
[0m21:36:56.948987 [debug] [Thread-1 (]: Writing injected SQL for node "test.ingatlanmizu.not_null_int_observations__unioned_source.7b1725f5ca"
[0m21:36:56.949500 [debug] [Thread-1 (]: Began executing node test.ingatlanmizu.not_null_int_observations__unioned_source.7b1725f5ca
[0m21:36:56.950212 [debug] [Thread-1 (]: Writing runtime sql for node "test.ingatlanmizu.not_null_int_observations__unioned_source.7b1725f5ca"
[0m21:36:56.951500 [debug] [Thread-1 (]: Using postgres connection "test.ingatlanmizu.not_null_int_observations__unioned_source.7b1725f5ca"
[0m21:36:56.951727 [debug] [Thread-1 (]: On test.ingatlanmizu.not_null_int_observations__unioned_source.7b1725f5ca: /* {"app": "dbt", "dbt_version": "1.12.0", "profile_name": "ingatlanmizu", "target_name": "local", "node_id": "test.ingatlanmizu.not_null_int_observations__unioned_source.7b1725f5ca"} */

    
    select
      count(*) as failures,
      count(*) != 0 as should_warn,
      count(*) != 0 as should_error
    from (
      
    
  
    
    



select source
from "ingatlanmizu"."silver"."int_observations__unioned"
where source is null



  
  
      
    ) dbt_internal_test
[0m21:36:56.951931 [debug] [Thread-1 (]: Opening a new connection, currently in state closed
[0m21:36:56.965090 [debug] [Thread-1 (]: SQL status: SELECT 1 in 0.013 seconds
[0m21:36:56.965942 [debug] [Thread-1 (]: On test.ingatlanmizu.not_null_int_observations__unioned_source.7b1725f5ca: ROLLBACK
[0m21:36:56.966402 [debug] [Thread-1 (]: On test.ingatlanmizu.not_null_int_observations__unioned_source.7b1725f5ca: Close
[0m21:36:56.966734 [info ] [Thread-1 (]: 79 of 102 PASS not_null_int_observations__unioned_source ....................... [[32mPASS[0m in 0.02s]
[0m21:36:56.967061 [debug] [Thread-1 (]: Finished running node test.ingatlanmizu.not_null_int_observations__unioned_source.7b1725f5ca
[0m21:36:56.967480 [debug] [Thread-4 (]: Began running node model.ingatlanmizu.int_listings__monthly
[0m21:36:56.967722 [debug] [Thread-3 (]: Began running node model.ingatlanmizu.int_listings__time_on_market
[0m21:36:56.967984 [info ] [Thread-4 (]: 80 of 102 SKIP relation silver.int_listings__monthly ........................... [[33mSKIP[0m]
[0m21:36:56.968310 [info ] [Thread-3 (]: 81 of 102 START sql view model silver.int_listings__time_on_market ............. [RUN]
[0m21:36:56.968565 [debug] [Thread-4 (]: Finished running node model.ingatlanmizu.int_listings__monthly
[0m21:36:56.968798 [debug] [Thread-3 (]: Re-using an available connection from the pool (formerly test.ingatlanmizu.not_null_int_observations__unioned_ingestion_run_id.b9debcc6b2, now model.ingatlanmizu.int_listings__time_on_market)
[0m21:36:56.969010 [debug] [Thread-7 (]: Marking all children of 'model.ingatlanmizu.int_listings__monthly' to be skipped because of status 'skipped'. 
[0m21:36:56.969213 [debug] [Thread-3 (]: Began compiling node model.ingatlanmizu.int_listings__time_on_market
[0m21:36:56.969496 [debug] [Thread-1 (]: Began running node model.ingatlanmizu.mart_market_monthly
[0m21:36:56.970685 [debug] [Thread-3 (]: Writing injected SQL for node "model.ingatlanmizu.int_listings__time_on_market"
[0m21:36:56.970940 [info ] [Thread-1 (]: 82 of 102 SKIP relation gold.mart_market_monthly ............................... [[33mSKIP[0m]
[0m21:36:56.971260 [debug] [Thread-1 (]: Finished running node model.ingatlanmizu.mart_market_monthly
[0m21:36:56.971465 [debug] [Thread-7 (]: Marking all children of 'model.ingatlanmizu.mart_market_monthly' to be skipped because of status 'skipped'. 
[0m21:36:56.971969 [debug] [Thread-4 (]: Began running node test.ingatlanmizu.accepted_values_mart_market_monthly_main_type__H_z__Lak_s.04a0593e44
[0m21:36:56.972195 [debug] [Thread-2 (]: Began running node test.ingatlanmizu.dbt_utils_unique_combination_of_columns_mart_market_monthly_month_start__city__main_type__sub_type.878e12821e
[0m21:36:56.972446 [debug] [Thread-1 (]: Began running node test.ingatlanmizu.not_empty_mart_market_monthly_city.e017525ac9
[0m21:36:56.972850 [debug] [Thread-3 (]: Began executing node model.ingatlanmizu.int_listings__time_on_market
[0m21:36:56.972678 [info ] [Thread-4 (]: 83 of 102 SKIP test accepted_values_mart_market_monthly_main_type__H_z__Lak_s .. [[33mSKIP[0m]
[0m21:36:56.973142 [info ] [Thread-2 (]: 84 of 102 SKIP test dbt_utils_unique_combination_of_columns_mart_market_monthly_month_start__city__main_type__sub_type  [[33mSKIP[0m]
[0m21:36:56.973405 [info ] [Thread-1 (]: 85 of 102 SKIP test not_empty_mart_market_monthly_city ......................... [[33mSKIP[0m]
[0m21:36:56.974851 [debug] [Thread-3 (]: Writing runtime sql for node "model.ingatlanmizu.int_listings__time_on_market"
[0m21:36:56.975099 [debug] [Thread-4 (]: Finished running node test.ingatlanmizu.accepted_values_mart_market_monthly_main_type__H_z__Lak_s.04a0593e44
[0m21:36:56.975350 [debug] [Thread-2 (]: Finished running node test.ingatlanmizu.dbt_utils_unique_combination_of_columns_mart_market_monthly_month_start__city__main_type__sub_type.878e12821e
[0m21:36:56.975583 [debug] [Thread-1 (]: Finished running node test.ingatlanmizu.not_empty_mart_market_monthly_city.e017525ac9
[0m21:36:56.975851 [debug] [Thread-4 (]: Began running node test.ingatlanmizu.not_null_mart_market_monthly_city.db5751dbef
[0m21:36:56.976027 [debug] [Thread-7 (]: Marking all children of 'test.ingatlanmizu.accepted_values_mart_market_monthly_main_type__H_z__Lak_s.04a0593e44' to be skipped because of status 'skipped'. 
[0m21:36:56.976270 [debug] [Thread-2 (]: Began running node test.ingatlanmizu.not_null_mart_market_monthly_main_type.f2627789cf
[0m21:36:56.976485 [debug] [Thread-1 (]: Began running node test.ingatlanmizu.not_null_mart_market_monthly_month_start.614b9d0b7b
[0m21:36:56.976712 [debug] [Thread-3 (]: Using postgres connection "model.ingatlanmizu.int_listings__time_on_market"
[0m21:36:56.976933 [info ] [Thread-4 (]: 86 of 102 SKIP test not_null_mart_market_monthly_city .......................... [[33mSKIP[0m]
[0m21:36:56.977178 [debug] [Thread-7 (]: Marking all children of 'test.ingatlanmizu.dbt_utils_unique_combination_of_columns_mart_market_monthly_month_start__city__main_type__sub_type.878e12821e' to be skipped because of status 'skipped'. 
[0m21:36:56.977403 [info ] [Thread-2 (]: 87 of 102 SKIP test not_null_mart_market_monthly_main_type ..................... [[33mSKIP[0m]
[0m21:36:56.977655 [info ] [Thread-1 (]: 88 of 102 SKIP test not_null_mart_market_monthly_month_start ................... [[33mSKIP[0m]
[0m21:36:56.977926 [debug] [Thread-3 (]: On model.ingatlanmizu.int_listings__time_on_market: /* {"app": "dbt", "dbt_version": "1.12.0", "profile_name": "ingatlanmizu", "target_name": "local", "node_id": "model.ingatlanmizu.int_listings__time_on_market"} */

  create view "ingatlanmizu"."silver"."int_listings__time_on_market__dbt_tmp"
    
    
  as (
    with 
	observations as (
		select * from "ingatlanmizu"."silver"."int_observations__unioned"
	),
	
	source_observations as (
		select 
			source,
			min(observed_at)::date as source_first_observed_at, 
			max(observed_at)::date as source_last_observed_at
		from observations
		group by source
	),
	
	times_seen as (
		select
			listing_key,
			source,
			min(observed_at)::date as first_seen_at, 
			max(observed_at)::date as last_seen_at,
			count(ingestion_run_id) times_observed
		from observations
		group by listing_key, source
	)
	
select
    times_seen.listing_key,
    times_seen.source,
    times_seen.first_seen_at,
	times_seen.last_seen_at,
    times_seen.times_observed,
	(times_seen.last_seen_at - times_seen.first_seen_at) + 1 as days_on_market,
	times_seen.last_seen_at >= source_observations.source_last_observed_at - 3 as is_active
from times_seen
join source_observations 
on times_seen.source = source_observations.source
  );
[0m21:36:56.978183 [debug] [Thread-4 (]: Finished running node test.ingatlanmizu.not_null_mart_market_monthly_city.db5751dbef
[0m21:36:56.978394 [debug] [Thread-7 (]: Marking all children of 'test.ingatlanmizu.not_empty_mart_market_monthly_city.e017525ac9' to be skipped because of status 'skipped'. 
[0m21:36:56.978603 [debug] [Thread-2 (]: Finished running node test.ingatlanmizu.not_null_mart_market_monthly_main_type.f2627789cf
[0m21:36:56.978808 [debug] [Thread-1 (]: Finished running node test.ingatlanmizu.not_null_mart_market_monthly_month_start.614b9d0b7b
[0m21:36:56.979004 [debug] [Thread-3 (]: Opening a new connection, currently in state closed
[0m21:36:56.979206 [debug] [Thread-4 (]: Began running node test.ingatlanmizu.not_null_mart_market_monthly_sub_type.caa99de7b5
[0m21:36:56.979393 [debug] [Thread-7 (]: Marking all children of 'test.ingatlanmizu.not_null_mart_market_monthly_city.db5751dbef' to be skipped because of status 'skipped'. 
[0m21:36:56.979713 [info ] [Thread-4 (]: 89 of 102 SKIP test not_null_mart_market_monthly_sub_type ...................... [[33mSKIP[0m]
[0m21:36:56.979935 [debug] [Thread-7 (]: Marking all children of 'test.ingatlanmizu.not_null_mart_market_monthly_main_type.f2627789cf' to be skipped because of status 'skipped'. 
[0m21:36:56.980173 [debug] [Thread-4 (]: Finished running node test.ingatlanmizu.not_null_mart_market_monthly_sub_type.caa99de7b5
[0m21:36:56.980384 [debug] [Thread-7 (]: Marking all children of 'test.ingatlanmizu.not_null_mart_market_monthly_month_start.614b9d0b7b' to be skipped because of status 'skipped'. 
[0m21:36:56.980609 [debug] [Thread-7 (]: Marking all children of 'test.ingatlanmizu.not_null_mart_market_monthly_sub_type.caa99de7b5' to be skipped because of status 'skipped'. 
[0m21:36:56.991209 [debug] [Thread-3 (]: SQL status: CREATE VIEW in 0.012 seconds
[0m21:36:56.992322 [debug] [Thread-3 (]: Using postgres connection "model.ingatlanmizu.int_listings__time_on_market"
[0m21:36:56.992541 [debug] [Thread-3 (]: On model.ingatlanmizu.int_listings__time_on_market: /* {"app": "dbt", "dbt_version": "1.12.0", "profile_name": "ingatlanmizu", "target_name": "local", "node_id": "model.ingatlanmizu.int_listings__time_on_market"} */
alter table "ingatlanmizu"."silver"."int_listings__time_on_market__dbt_tmp" rename to "int_listings__time_on_market"
[0m21:36:56.993072 [debug] [Thread-3 (]: SQL status: ALTER TABLE in 0.000 seconds
[0m21:36:56.993826 [debug] [Thread-3 (]: On model.ingatlanmizu.int_listings__time_on_market: COMMIT
[0m21:36:56.994043 [debug] [Thread-3 (]: Using postgres connection "model.ingatlanmizu.int_listings__time_on_market"
[0m21:36:56.994245 [debug] [Thread-3 (]: On model.ingatlanmizu.int_listings__time_on_market: COMMIT
[0m21:36:56.994995 [debug] [Thread-3 (]: SQL status: COMMIT in 0.001 seconds
[0m21:36:56.995697 [debug] [Thread-3 (]: Applying DROP to: "ingatlanmizu"."silver"."int_listings__time_on_market__dbt_backup"
[0m21:36:56.996088 [debug] [Thread-3 (]: Using postgres connection "model.ingatlanmizu.int_listings__time_on_market"
[0m21:36:56.996293 [debug] [Thread-3 (]: On model.ingatlanmizu.int_listings__time_on_market: /* {"app": "dbt", "dbt_version": "1.12.0", "profile_name": "ingatlanmizu", "target_name": "local", "node_id": "model.ingatlanmizu.int_listings__time_on_market"} */
drop view if exists "ingatlanmizu"."silver"."int_listings__time_on_market__dbt_backup" cascade
[0m21:36:56.996701 [debug] [Thread-3 (]: SQL status: DROP VIEW in 0.000 seconds
[0m21:36:56.997346 [debug] [Thread-3 (]: On model.ingatlanmizu.int_listings__time_on_market: Close
[0m21:36:56.997654 [debug] [Thread-3 (]: Sending event: {'category': 'dbt', 'action': 'run_model', 'label': '5ea3dcd7-1656-4860-b387-a72e979c4899', 'context': [<snowplow_tracker.self_describing_json.SelfDescribingJson object at 0x10aec6420>]}
[0m21:36:56.998000 [info ] [Thread-3 (]: 81 of 102 OK created sql view model silver.int_listings__time_on_market ........ [[32mCREATE VIEW[0m in 0.03s]
[0m21:36:56.998305 [debug] [Thread-3 (]: Finished running node model.ingatlanmizu.int_listings__time_on_market
[0m21:36:56.998778 [debug] [Thread-2 (]: Began running node test.ingatlanmizu.dbt_utils_accepted_range_int_listings__time_on_market_days_on_market__1000__1.68670884e3
[0m21:36:56.999022 [debug] [Thread-1 (]: Began running node test.ingatlanmizu.dbt_utils_accepted_range_int_listings__time_on_market_times_observed__1000__1.ec76e71ad8
[0m21:36:56.999245 [debug] [Thread-4 (]: Began running node test.ingatlanmizu.dbt_utils_expression_is_true_int_listings__time_on_market_first_seen_at_last_seen_at.25f1b7951e
[0m21:36:56.999475 [debug] [Thread-3 (]: Began running node test.ingatlanmizu.dbt_utils_unique_combination_of_columns_int_listings__time_on_market_listing_key.4a4d3b49fd
[0m21:36:56.999708 [info ] [Thread-2 (]: 90 of 102 START test dbt_utils_accepted_range_int_listings__time_on_market_days_on_market__1000__1  [RUN]
[0m21:36:56.999954 [info ] [Thread-1 (]: 91 of 102 START test dbt_utils_accepted_range_int_listings__time_on_market_times_observed__1000__1  [RUN]
[0m21:36:57.000205 [info ] [Thread-4 (]: 92 of 102 START test dbt_utils_expression_is_true_int_listings__time_on_market_first_seen_at_last_seen_at  [RUN]
[0m21:36:57.000447 [info ] [Thread-3 (]: 93 of 102 START test dbt_utils_unique_combination_of_columns_int_listings__time_on_market_listing_key  [RUN]
[0m21:36:57.000728 [debug] [Thread-2 (]: Re-using an available connection from the pool (formerly test.ingatlanmizu.not_null_int_observations__unioned_listing_key.3b505f918a, now test.ingatlanmizu.dbt_utils_accepted_range_int_listings__time_on_market_days_on_market__1000__1.68670884e3)
[0m21:36:57.000995 [debug] [Thread-1 (]: Re-using an available connection from the pool (formerly test.ingatlanmizu.not_null_int_observations__unioned_source.7b1725f5ca, now test.ingatlanmizu.dbt_utils_accepted_range_int_listings__time_on_market_times_observed__1000__1.ec76e71ad8)
[0m21:36:57.001248 [debug] [Thread-4 (]: Re-using an available connection from the pool (formerly test.ingatlanmizu.not_null_int_observations__unioned_bronze_id.a73c8c7f51, now test.ingatlanmizu.dbt_utils_expression_is_true_int_listings__time_on_market_first_seen_at_last_seen_at.25f1b7951e)
[0m21:36:57.001492 [debug] [Thread-3 (]: Re-using an available connection from the pool (formerly model.ingatlanmizu.int_listings__time_on_market, now test.ingatlanmizu.dbt_utils_unique_combination_of_columns_int_listings__time_on_market_listing_key.4a4d3b49fd)
[0m21:36:57.001705 [debug] [Thread-2 (]: Began compiling node test.ingatlanmizu.dbt_utils_accepted_range_int_listings__time_on_market_days_on_market__1000__1.68670884e3
[0m21:36:57.001910 [debug] [Thread-1 (]: Began compiling node test.ingatlanmizu.dbt_utils_accepted_range_int_listings__time_on_market_times_observed__1000__1.ec76e71ad8
[0m21:36:57.002112 [debug] [Thread-4 (]: Began compiling node test.ingatlanmizu.dbt_utils_expression_is_true_int_listings__time_on_market_first_seen_at_last_seen_at.25f1b7951e
[0m21:36:57.002316 [debug] [Thread-3 (]: Began compiling node test.ingatlanmizu.dbt_utils_unique_combination_of_columns_int_listings__time_on_market_listing_key.4a4d3b49fd
[0m21:36:57.006196 [debug] [Thread-2 (]: Writing injected SQL for node "test.ingatlanmizu.dbt_utils_accepted_range_int_listings__time_on_market_days_on_market__1000__1.68670884e3"
[0m21:36:57.009773 [debug] [Thread-1 (]: Writing injected SQL for node "test.ingatlanmizu.dbt_utils_accepted_range_int_listings__time_on_market_times_observed__1000__1.ec76e71ad8"
[0m21:36:57.019745 [debug] [Thread-4 (]: Writing injected SQL for node "test.ingatlanmizu.dbt_utils_expression_is_true_int_listings__time_on_market_first_seen_at_last_seen_at.25f1b7951e"
[0m21:36:57.023524 [debug] [Thread-3 (]: Writing injected SQL for node "test.ingatlanmizu.dbt_utils_unique_combination_of_columns_int_listings__time_on_market_listing_key.4a4d3b49fd"
[0m21:36:57.024397 [debug] [Thread-1 (]: Began executing node test.ingatlanmizu.dbt_utils_accepted_range_int_listings__time_on_market_times_observed__1000__1.ec76e71ad8
[0m21:36:57.024662 [debug] [Thread-2 (]: Began executing node test.ingatlanmizu.dbt_utils_accepted_range_int_listings__time_on_market_days_on_market__1000__1.68670884e3
[0m21:36:57.025584 [debug] [Thread-1 (]: Writing runtime sql for node "test.ingatlanmizu.dbt_utils_accepted_range_int_listings__time_on_market_times_observed__1000__1.ec76e71ad8"
[0m21:36:57.026435 [debug] [Thread-2 (]: Writing runtime sql for node "test.ingatlanmizu.dbt_utils_accepted_range_int_listings__time_on_market_days_on_market__1000__1.68670884e3"
[0m21:36:57.026680 [debug] [Thread-3 (]: Began executing node test.ingatlanmizu.dbt_utils_unique_combination_of_columns_int_listings__time_on_market_listing_key.4a4d3b49fd
[0m21:36:57.026980 [debug] [Thread-4 (]: Began executing node test.ingatlanmizu.dbt_utils_expression_is_true_int_listings__time_on_market_first_seen_at_last_seen_at.25f1b7951e
[0m21:36:57.027924 [debug] [Thread-3 (]: Writing runtime sql for node "test.ingatlanmizu.dbt_utils_unique_combination_of_columns_int_listings__time_on_market_listing_key.4a4d3b49fd"
[0m21:36:57.028687 [debug] [Thread-4 (]: Writing runtime sql for node "test.ingatlanmizu.dbt_utils_expression_is_true_int_listings__time_on_market_first_seen_at_last_seen_at.25f1b7951e"
[0m21:36:57.029022 [debug] [Thread-1 (]: Using postgres connection "test.ingatlanmizu.dbt_utils_accepted_range_int_listings__time_on_market_times_observed__1000__1.ec76e71ad8"
[0m21:36:57.029317 [debug] [Thread-2 (]: Using postgres connection "test.ingatlanmizu.dbt_utils_accepted_range_int_listings__time_on_market_days_on_market__1000__1.68670884e3"
[0m21:36:57.029670 [debug] [Thread-3 (]: Using postgres connection "test.ingatlanmizu.dbt_utils_unique_combination_of_columns_int_listings__time_on_market_listing_key.4a4d3b49fd"
[0m21:36:57.069394 [debug] [Thread-3 (]: On test.ingatlanmizu.dbt_utils_unique_combination_of_columns_int_listings__time_on_market_listing_key.4a4d3b49fd: /* {"app": "dbt", "dbt_version": "1.12.0", "profile_name": "ingatlanmizu", "target_name": "local", "node_id": "test.ingatlanmizu.dbt_utils_unique_combination_of_columns_int_listings__time_on_market_listing_key.4a4d3b49fd"} */

    
    select
      count(*) as failures,
      count(*) != 0 as should_warn,
      count(*) != 0 as should_error
    from (
      
    
  





with validation_errors as (

    select
        listing_key
    from "ingatlanmizu"."silver"."int_listings__time_on_market"
    group by listing_key
    having count(*) > 1

)

select *
from validation_errors



  
  
      
    ) dbt_internal_test
[0m21:36:57.069789 [debug] [Thread-3 (]: Opening a new connection, currently in state closed
[0m21:36:57.029931 [debug] [Thread-1 (]: On test.ingatlanmizu.dbt_utils_accepted_range_int_listings__time_on_market_times_observed__1000__1.ec76e71ad8: /* {"app": "dbt", "dbt_version": "1.12.0", "profile_name": "ingatlanmizu", "target_name": "local", "node_id": "test.ingatlanmizu.dbt_utils_accepted_range_int_listings__time_on_market_times_observed__1000__1.ec76e71ad8"} */

    
    select
      count(*) as failures,
      count(*) != 0 as should_warn,
      count(*) != 0 as should_error
    from (
      
    
  

with meet_condition as(
  select *
  from "ingatlanmizu"."silver"."int_listings__time_on_market"
),

validation_errors as (
  select *
  from meet_condition
  where
    -- never true, defaults to an empty result set. Exists to ensure any combo of the `or` clauses below succeeds
    1 = 2
    -- records with a value >= min_value are permitted. The `not` flips this to find records that don't meet the rule.
    or not times_observed >= 1
    -- records with a value <= max_value are permitted. The `not` flips this to find records that don't meet the rule.
    or not times_observed <= 1000
)

select *
from validation_errors


  
  
      
    ) dbt_internal_test
[0m21:36:57.030187 [debug] [Thread-4 (]: Using postgres connection "test.ingatlanmizu.dbt_utils_expression_is_true_int_listings__time_on_market_first_seen_at_last_seen_at.25f1b7951e"
[0m21:36:57.037040 [debug] [Thread-2 (]: On test.ingatlanmizu.dbt_utils_accepted_range_int_listings__time_on_market_days_on_market__1000__1.68670884e3: /* {"app": "dbt", "dbt_version": "1.12.0", "profile_name": "ingatlanmizu", "target_name": "local", "node_id": "test.ingatlanmizu.dbt_utils_accepted_range_int_listings__time_on_market_days_on_market__1000__1.68670884e3"} */

    
    select
      count(*) as failures,
      count(*) != 0 as should_warn,
      count(*) != 0 as should_error
    from (
      
    
  

with meet_condition as(
  select *
  from "ingatlanmizu"."silver"."int_listings__time_on_market"
),

validation_errors as (
  select *
  from meet_condition
  where
    -- never true, defaults to an empty result set. Exists to ensure any combo of the `or` clauses below succeeds
    1 = 2
    -- records with a value >= min_value are permitted. The `not` flips this to find records that don't meet the rule.
    or not days_on_market >= 1
    -- records with a value <= max_value are permitted. The `not` flips this to find records that don't meet the rule.
    or not days_on_market <= 1000
)

select *
from validation_errors


  
  
      
    ) dbt_internal_test
[0m21:36:57.084717 [debug] [Thread-1 (]: Opening a new connection, currently in state closed
[0m21:36:57.086002 [debug] [Thread-4 (]: On test.ingatlanmizu.dbt_utils_expression_is_true_int_listings__time_on_market_first_seen_at_last_seen_at.25f1b7951e: /* {"app": "dbt", "dbt_version": "1.12.0", "profile_name": "ingatlanmizu", "target_name": "local", "node_id": "test.ingatlanmizu.dbt_utils_expression_is_true_int_listings__time_on_market_first_seen_at_last_seen_at.25f1b7951e"} */

    
    select
      count(*) as failures,
      count(*) != 0 as should_warn,
      count(*) != 0 as should_error
    from (
      
    
  



select
    1
from "ingatlanmizu"."silver"."int_listings__time_on_market"

where not(first_seen_at <= last_seen_at)


  
  
      
    ) dbt_internal_test
[0m21:36:57.086370 [debug] [Thread-2 (]: Opening a new connection, currently in state closed
[0m21:36:57.086750 [debug] [Thread-4 (]: Opening a new connection, currently in state closed
[0m21:36:57.107173 [debug] [Thread-3 (]: SQL status: SELECT 1 in 0.037 seconds
[0m21:36:57.108286 [debug] [Thread-3 (]: On test.ingatlanmizu.dbt_utils_unique_combination_of_columns_int_listings__time_on_market_listing_key.4a4d3b49fd: ROLLBACK
[0m21:36:57.108602 [debug] [Thread-4 (]: SQL status: SELECT 1 in 0.022 seconds
[0m21:36:57.109682 [debug] [Thread-4 (]: On test.ingatlanmizu.dbt_utils_expression_is_true_int_listings__time_on_market_first_seen_at_last_seen_at.25f1b7951e: ROLLBACK
[0m21:36:57.109937 [debug] [Thread-3 (]: On test.ingatlanmizu.dbt_utils_unique_combination_of_columns_int_listings__time_on_market_listing_key.4a4d3b49fd: Close
[0m21:36:57.110422 [info ] [Thread-3 (]: 93 of 102 PASS dbt_utils_unique_combination_of_columns_int_listings__time_on_market_listing_key  [[32mPASS[0m in 0.11s]
[0m21:36:57.110788 [debug] [Thread-3 (]: Finished running node test.ingatlanmizu.dbt_utils_unique_combination_of_columns_int_listings__time_on_market_listing_key.4a4d3b49fd
[0m21:36:57.111031 [debug] [Thread-4 (]: On test.ingatlanmizu.dbt_utils_expression_is_true_int_listings__time_on_market_first_seen_at_last_seen_at.25f1b7951e: Close
[0m21:36:57.111277 [debug] [Thread-3 (]: Began running node test.ingatlanmizu.not_empty_int_listings__time_on_market_listing_key.c68831c381
[0m21:36:57.111580 [debug] [Thread-1 (]: SQL status: SELECT 1 in 0.031 seconds
[0m21:36:57.111834 [debug] [Thread-2 (]: SQL status: SELECT 1 in 0.025 seconds
[0m21:36:57.112120 [info ] [Thread-3 (]: 94 of 102 START test not_empty_int_listings__time_on_market_listing_key ........ [RUN]
[0m21:36:57.112469 [info ] [Thread-4 (]: 92 of 102 PASS dbt_utils_expression_is_true_int_listings__time_on_market_first_seen_at_last_seen_at  [[32mPASS[0m in 0.11s]
[0m21:36:57.113344 [debug] [Thread-1 (]: On test.ingatlanmizu.dbt_utils_accepted_range_int_listings__time_on_market_times_observed__1000__1.ec76e71ad8: ROLLBACK
[0m21:36:57.114094 [debug] [Thread-2 (]: On test.ingatlanmizu.dbt_utils_accepted_range_int_listings__time_on_market_days_on_market__1000__1.68670884e3: ROLLBACK
[0m21:36:57.114370 [debug] [Thread-3 (]: Re-using an available connection from the pool (formerly test.ingatlanmizu.dbt_utils_unique_combination_of_columns_int_listings__time_on_market_listing_key.4a4d3b49fd, now test.ingatlanmizu.not_empty_int_listings__time_on_market_listing_key.c68831c381)
[0m21:36:57.114665 [debug] [Thread-4 (]: Finished running node test.ingatlanmizu.dbt_utils_expression_is_true_int_listings__time_on_market_first_seen_at_last_seen_at.25f1b7951e
[0m21:36:57.114943 [debug] [Thread-3 (]: Began compiling node test.ingatlanmizu.not_empty_int_listings__time_on_market_listing_key.c68831c381
[0m21:36:57.115183 [debug] [Thread-1 (]: On test.ingatlanmizu.dbt_utils_accepted_range_int_listings__time_on_market_times_observed__1000__1.ec76e71ad8: Close
[0m21:36:57.115382 [debug] [Thread-2 (]: On test.ingatlanmizu.dbt_utils_accepted_range_int_listings__time_on_market_days_on_market__1000__1.68670884e3: Close
[0m21:36:57.115593 [debug] [Thread-4 (]: Began running node test.ingatlanmizu.not_empty_int_listings__time_on_market_source.ee66b7ce04
[0m21:36:57.119752 [debug] [Thread-3 (]: Writing injected SQL for node "test.ingatlanmizu.not_empty_int_listings__time_on_market_listing_key.c68831c381"
[0m21:36:57.120128 [info ] [Thread-1 (]: 91 of 102 PASS dbt_utils_accepted_range_int_listings__time_on_market_times_observed__1000__1  [[32mPASS[0m in 0.12s]
[0m21:36:57.120528 [info ] [Thread-2 (]: 90 of 102 PASS dbt_utils_accepted_range_int_listings__time_on_market_days_on_market__1000__1  [[32mPASS[0m in 0.12s]
[0m21:36:57.120766 [info ] [Thread-4 (]: 95 of 102 START test not_empty_int_listings__time_on_market_source ............. [RUN]
[0m21:36:57.121143 [debug] [Thread-1 (]: Finished running node test.ingatlanmizu.dbt_utils_accepted_range_int_listings__time_on_market_times_observed__1000__1.ec76e71ad8
[0m21:36:57.121485 [debug] [Thread-2 (]: Finished running node test.ingatlanmizu.dbt_utils_accepted_range_int_listings__time_on_market_days_on_market__1000__1.68670884e3
[0m21:36:57.121731 [debug] [Thread-4 (]: Re-using an available connection from the pool (formerly test.ingatlanmizu.dbt_utils_expression_is_true_int_listings__time_on_market_first_seen_at_last_seen_at.25f1b7951e, now test.ingatlanmizu.not_empty_int_listings__time_on_market_source.ee66b7ce04)
[0m21:36:57.121942 [debug] [Thread-3 (]: Began executing node test.ingatlanmizu.not_empty_int_listings__time_on_market_listing_key.c68831c381
[0m21:36:57.122175 [debug] [Thread-1 (]: Began running node test.ingatlanmizu.not_null_int_listings__time_on_market_first_seen_at.92fa524faa
[0m21:36:57.122417 [debug] [Thread-2 (]: Began running node test.ingatlanmizu.not_null_int_listings__time_on_market_is_active.b285fdcc05
[0m21:36:57.122637 [debug] [Thread-4 (]: Began compiling node test.ingatlanmizu.not_empty_int_listings__time_on_market_source.ee66b7ce04
[0m21:36:57.123454 [debug] [Thread-3 (]: Writing runtime sql for node "test.ingatlanmizu.not_empty_int_listings__time_on_market_listing_key.c68831c381"
[0m21:36:57.123689 [info ] [Thread-1 (]: 96 of 102 START test not_null_int_listings__time_on_market_first_seen_at ....... [RUN]
[0m21:36:57.123935 [info ] [Thread-2 (]: 97 of 102 START test not_null_int_listings__time_on_market_is_active ........... [RUN]
[0m21:36:57.127332 [debug] [Thread-4 (]: Writing injected SQL for node "test.ingatlanmizu.not_empty_int_listings__time_on_market_source.ee66b7ce04"
[0m21:36:57.127699 [debug] [Thread-1 (]: Re-using an available connection from the pool (formerly test.ingatlanmizu.dbt_utils_accepted_range_int_listings__time_on_market_times_observed__1000__1.ec76e71ad8, now test.ingatlanmizu.not_null_int_listings__time_on_market_first_seen_at.92fa524faa)
[0m21:36:57.127992 [debug] [Thread-2 (]: Re-using an available connection from the pool (formerly test.ingatlanmizu.dbt_utils_accepted_range_int_listings__time_on_market_days_on_market__1000__1.68670884e3, now test.ingatlanmizu.not_null_int_listings__time_on_market_is_active.b285fdcc05)
[0m21:36:57.128261 [debug] [Thread-3 (]: Using postgres connection "test.ingatlanmizu.not_empty_int_listings__time_on_market_listing_key.c68831c381"
[0m21:36:57.128547 [debug] [Thread-1 (]: Began compiling node test.ingatlanmizu.not_null_int_listings__time_on_market_first_seen_at.92fa524faa
[0m21:36:57.128800 [debug] [Thread-2 (]: Began compiling node test.ingatlanmizu.not_null_int_listings__time_on_market_is_active.b285fdcc05
[0m21:36:57.129067 [debug] [Thread-3 (]: On test.ingatlanmizu.not_empty_int_listings__time_on_market_listing_key.c68831c381: /* {"app": "dbt", "dbt_version": "1.12.0", "profile_name": "ingatlanmizu", "target_name": "local", "node_id": "test.ingatlanmizu.not_empty_int_listings__time_on_market_listing_key.c68831c381"} */

    
    select
      count(*) as failures,
      count(*) != 0 as should_warn,
      count(*) != 0 as should_error
    from (
      
    
  

select *
from "ingatlanmizu"."silver"."int_listings__time_on_market"
where trim(listing_key) = ''


  
  
      
    ) dbt_internal_test
[0m21:36:57.129303 [debug] [Thread-4 (]: Began executing node test.ingatlanmizu.not_empty_int_listings__time_on_market_source.ee66b7ce04
[0m21:36:57.132723 [debug] [Thread-1 (]: Writing injected SQL for node "test.ingatlanmizu.not_null_int_listings__time_on_market_first_seen_at.92fa524faa"
[0m21:36:57.136012 [debug] [Thread-2 (]: Writing injected SQL for node "test.ingatlanmizu.not_null_int_listings__time_on_market_is_active.b285fdcc05"
[0m21:36:57.136256 [debug] [Thread-3 (]: Opening a new connection, currently in state closed
[0m21:36:57.136998 [debug] [Thread-4 (]: Writing runtime sql for node "test.ingatlanmizu.not_empty_int_listings__time_on_market_source.ee66b7ce04"
[0m21:36:57.137632 [debug] [Thread-1 (]: Began executing node test.ingatlanmizu.not_null_int_listings__time_on_market_first_seen_at.92fa524faa
[0m21:36:57.137873 [debug] [Thread-4 (]: Using postgres connection "test.ingatlanmizu.not_empty_int_listings__time_on_market_source.ee66b7ce04"
[0m21:36:57.138093 [debug] [Thread-2 (]: Began executing node test.ingatlanmizu.not_null_int_listings__time_on_market_is_active.b285fdcc05
[0m21:36:57.138960 [debug] [Thread-1 (]: Writing runtime sql for node "test.ingatlanmizu.not_null_int_listings__time_on_market_first_seen_at.92fa524faa"
[0m21:36:57.139224 [debug] [Thread-4 (]: On test.ingatlanmizu.not_empty_int_listings__time_on_market_source.ee66b7ce04: /* {"app": "dbt", "dbt_version": "1.12.0", "profile_name": "ingatlanmizu", "target_name": "local", "node_id": "test.ingatlanmizu.not_empty_int_listings__time_on_market_source.ee66b7ce04"} */

    
    select
      count(*) as failures,
      count(*) != 0 as should_warn,
      count(*) != 0 as should_error
    from (
      
    
  

select *
from "ingatlanmizu"."silver"."int_listings__time_on_market"
where trim(source) = ''


  
  
      
    ) dbt_internal_test
[0m21:36:57.139980 [debug] [Thread-2 (]: Writing runtime sql for node "test.ingatlanmizu.not_null_int_listings__time_on_market_is_active.b285fdcc05"
[0m21:36:57.140255 [debug] [Thread-4 (]: Opening a new connection, currently in state closed
[0m21:36:57.140637 [debug] [Thread-1 (]: Using postgres connection "test.ingatlanmizu.not_null_int_listings__time_on_market_first_seen_at.92fa524faa"
[0m21:36:57.140906 [debug] [Thread-1 (]: On test.ingatlanmizu.not_null_int_listings__time_on_market_first_seen_at.92fa524faa: /* {"app": "dbt", "dbt_version": "1.12.0", "profile_name": "ingatlanmizu", "target_name": "local", "node_id": "test.ingatlanmizu.not_null_int_listings__time_on_market_first_seen_at.92fa524faa"} */

    
    select
      count(*) as failures,
      count(*) != 0 as should_warn,
      count(*) != 0 as should_error
    from (
      
    
  
    
    



select first_seen_at
from "ingatlanmizu"."silver"."int_listings__time_on_market"
where first_seen_at is null



  
  
      
    ) dbt_internal_test
[0m21:36:57.141153 [debug] [Thread-1 (]: Opening a new connection, currently in state closed
[0m21:36:57.141385 [debug] [Thread-2 (]: Using postgres connection "test.ingatlanmizu.not_null_int_listings__time_on_market_is_active.b285fdcc05"
[0m21:36:57.141683 [debug] [Thread-2 (]: On test.ingatlanmizu.not_null_int_listings__time_on_market_is_active.b285fdcc05: /* {"app": "dbt", "dbt_version": "1.12.0", "profile_name": "ingatlanmizu", "target_name": "local", "node_id": "test.ingatlanmizu.not_null_int_listings__time_on_market_is_active.b285fdcc05"} */

    
    select
      count(*) as failures,
      count(*) != 0 as should_warn,
      count(*) != 0 as should_error
    from (
      
    
  
    
    



select is_active
from "ingatlanmizu"."silver"."int_listings__time_on_market"
where is_active is null



  
  
      
    ) dbt_internal_test
[0m21:36:57.141931 [debug] [Thread-2 (]: Opening a new connection, currently in state closed
[0m21:36:57.145762 [debug] [Thread-3 (]: SQL status: SELECT 1 in 0.009 seconds
[0m21:36:57.146665 [debug] [Thread-3 (]: On test.ingatlanmizu.not_empty_int_listings__time_on_market_listing_key.c68831c381: ROLLBACK
[0m21:36:57.147203 [debug] [Thread-3 (]: On test.ingatlanmizu.not_empty_int_listings__time_on_market_listing_key.c68831c381: Close
[0m21:36:57.147598 [info ] [Thread-3 (]: 94 of 102 PASS not_empty_int_listings__time_on_market_listing_key .............. [[32mPASS[0m in 0.03s]
[0m21:36:57.148023 [debug] [Thread-3 (]: Finished running node test.ingatlanmizu.not_empty_int_listings__time_on_market_listing_key.c68831c381
[0m21:36:57.148280 [debug] [Thread-3 (]: Began running node test.ingatlanmizu.not_null_int_listings__time_on_market_last_seen_at.15cdb3c0c1
[0m21:36:57.148509 [info ] [Thread-3 (]: 98 of 102 START test not_null_int_listings__time_on_market_last_seen_at ........ [RUN]
[0m21:36:57.148836 [debug] [Thread-3 (]: Re-using an available connection from the pool (formerly test.ingatlanmizu.not_empty_int_listings__time_on_market_listing_key.c68831c381, now test.ingatlanmizu.not_null_int_listings__time_on_market_last_seen_at.15cdb3c0c1)
[0m21:36:57.149101 [debug] [Thread-3 (]: Began compiling node test.ingatlanmizu.not_null_int_listings__time_on_market_last_seen_at.15cdb3c0c1
[0m21:36:57.152815 [debug] [Thread-3 (]: Writing injected SQL for node "test.ingatlanmizu.not_null_int_listings__time_on_market_last_seen_at.15cdb3c0c1"
[0m21:36:57.153062 [debug] [Thread-4 (]: SQL status: SELECT 1 in 0.013 seconds
[0m21:36:57.153291 [debug] [Thread-1 (]: SQL status: SELECT 1 in 0.012 seconds
[0m21:36:57.153500 [debug] [Thread-2 (]: SQL status: SELECT 1 in 0.012 seconds
[0m21:36:57.154337 [debug] [Thread-4 (]: On test.ingatlanmizu.not_empty_int_listings__time_on_market_source.ee66b7ce04: ROLLBACK
[0m21:36:57.155048 [debug] [Thread-1 (]: On test.ingatlanmizu.not_null_int_listings__time_on_market_first_seen_at.92fa524faa: ROLLBACK
[0m21:36:57.155805 [debug] [Thread-2 (]: On test.ingatlanmizu.not_null_int_listings__time_on_market_is_active.b285fdcc05: ROLLBACK
[0m21:36:57.156038 [debug] [Thread-3 (]: Began executing node test.ingatlanmizu.not_null_int_listings__time_on_market_last_seen_at.15cdb3c0c1
[0m21:36:57.156914 [debug] [Thread-3 (]: Writing runtime sql for node "test.ingatlanmizu.not_null_int_listings__time_on_market_last_seen_at.15cdb3c0c1"
[0m21:36:57.157147 [debug] [Thread-1 (]: On test.ingatlanmizu.not_null_int_listings__time_on_market_first_seen_at.92fa524faa: Close
[0m21:36:57.157354 [debug] [Thread-2 (]: On test.ingatlanmizu.not_null_int_listings__time_on_market_is_active.b285fdcc05: Close
[0m21:36:57.157533 [debug] [Thread-4 (]: On test.ingatlanmizu.not_empty_int_listings__time_on_market_source.ee66b7ce04: Close
[0m21:36:57.157902 [info ] [Thread-1 (]: 96 of 102 PASS not_null_int_listings__time_on_market_first_seen_at ............. [[32mPASS[0m in 0.03s]
[0m21:36:57.158246 [info ] [Thread-2 (]: 97 of 102 PASS not_null_int_listings__time_on_market_is_active ................. [[32mPASS[0m in 0.03s]
[0m21:36:57.158653 [info ] [Thread-4 (]: 95 of 102 PASS not_empty_int_listings__time_on_market_source ................... [[32mPASS[0m in 0.04s]
[0m21:36:57.159003 [debug] [Thread-3 (]: Using postgres connection "test.ingatlanmizu.not_null_int_listings__time_on_market_last_seen_at.15cdb3c0c1"
[0m21:36:57.159300 [debug] [Thread-1 (]: Finished running node test.ingatlanmizu.not_null_int_listings__time_on_market_first_seen_at.92fa524faa
[0m21:36:57.159591 [debug] [Thread-2 (]: Finished running node test.ingatlanmizu.not_null_int_listings__time_on_market_is_active.b285fdcc05
[0m21:36:57.159867 [debug] [Thread-4 (]: Finished running node test.ingatlanmizu.not_empty_int_listings__time_on_market_source.ee66b7ce04
[0m21:36:57.160099 [debug] [Thread-3 (]: On test.ingatlanmizu.not_null_int_listings__time_on_market_last_seen_at.15cdb3c0c1: /* {"app": "dbt", "dbt_version": "1.12.0", "profile_name": "ingatlanmizu", "target_name": "local", "node_id": "test.ingatlanmizu.not_null_int_listings__time_on_market_last_seen_at.15cdb3c0c1"} */

    
    select
      count(*) as failures,
      count(*) != 0 as should_warn,
      count(*) != 0 as should_error
    from (
      
    
  
    
    



select last_seen_at
from "ingatlanmizu"."silver"."int_listings__time_on_market"
where last_seen_at is null



  
  
      
    ) dbt_internal_test
[0m21:36:57.160346 [debug] [Thread-1 (]: Began running node test.ingatlanmizu.not_null_int_listings__time_on_market_listing_key.2c4fd4fb7b
[0m21:36:57.160589 [debug] [Thread-2 (]: Began running node test.ingatlanmizu.not_null_int_listings__time_on_market_source.27f58358d1
[0m21:36:57.160822 [debug] [Thread-4 (]: Began running node test.ingatlanmizu.unique_int_listings__time_on_market_listing_key.71b7d4696d
[0m21:36:57.161048 [debug] [Thread-3 (]: Opening a new connection, currently in state closed
[0m21:36:57.161257 [info ] [Thread-1 (]: 99 of 102 START test not_null_int_listings__time_on_market_listing_key ......... [RUN]
[0m21:36:57.161483 [info ] [Thread-2 (]: 100 of 102 START test not_null_int_listings__time_on_market_source ............. [RUN]
[0m21:36:57.161707 [info ] [Thread-4 (]: 101 of 102 START test unique_int_listings__time_on_market_listing_key .......... [RUN]
[0m21:36:57.162055 [debug] [Thread-1 (]: Re-using an available connection from the pool (formerly test.ingatlanmizu.not_null_int_listings__time_on_market_first_seen_at.92fa524faa, now test.ingatlanmizu.not_null_int_listings__time_on_market_listing_key.2c4fd4fb7b)
[0m21:36:57.162304 [debug] [Thread-2 (]: Re-using an available connection from the pool (formerly test.ingatlanmizu.not_null_int_listings__time_on_market_is_active.b285fdcc05, now test.ingatlanmizu.not_null_int_listings__time_on_market_source.27f58358d1)
[0m21:36:57.162552 [debug] [Thread-4 (]: Re-using an available connection from the pool (formerly test.ingatlanmizu.not_empty_int_listings__time_on_market_source.ee66b7ce04, now test.ingatlanmizu.unique_int_listings__time_on_market_listing_key.71b7d4696d)
[0m21:36:57.162771 [debug] [Thread-1 (]: Began compiling node test.ingatlanmizu.not_null_int_listings__time_on_market_listing_key.2c4fd4fb7b
[0m21:36:57.162988 [debug] [Thread-2 (]: Began compiling node test.ingatlanmizu.not_null_int_listings__time_on_market_source.27f58358d1
[0m21:36:57.163242 [debug] [Thread-4 (]: Began compiling node test.ingatlanmizu.unique_int_listings__time_on_market_listing_key.71b7d4696d
[0m21:36:57.167053 [debug] [Thread-1 (]: Writing injected SQL for node "test.ingatlanmizu.not_null_int_listings__time_on_market_listing_key.2c4fd4fb7b"
[0m21:36:57.170433 [debug] [Thread-2 (]: Writing injected SQL for node "test.ingatlanmizu.not_null_int_listings__time_on_market_source.27f58358d1"
[0m21:36:57.175013 [debug] [Thread-4 (]: Writing injected SQL for node "test.ingatlanmizu.unique_int_listings__time_on_market_listing_key.71b7d4696d"
[0m21:36:57.175262 [debug] [Thread-3 (]: SQL status: SELECT 1 in 0.014 seconds
[0m21:36:57.176333 [debug] [Thread-3 (]: On test.ingatlanmizu.not_null_int_listings__time_on_market_last_seen_at.15cdb3c0c1: ROLLBACK
[0m21:36:57.176585 [debug] [Thread-2 (]: Began executing node test.ingatlanmizu.not_null_int_listings__time_on_market_source.27f58358d1
[0m21:36:57.176799 [debug] [Thread-1 (]: Began executing node test.ingatlanmizu.not_null_int_listings__time_on_market_listing_key.2c4fd4fb7b
[0m21:36:57.177644 [debug] [Thread-2 (]: Writing runtime sql for node "test.ingatlanmizu.not_null_int_listings__time_on_market_source.27f58358d1"
[0m21:36:57.177862 [debug] [Thread-4 (]: Began executing node test.ingatlanmizu.unique_int_listings__time_on_market_listing_key.71b7d4696d
[0m21:36:57.178061 [debug] [Thread-3 (]: On test.ingatlanmizu.not_null_int_listings__time_on_market_last_seen_at.15cdb3c0c1: Close
[0m21:36:57.179501 [debug] [Thread-1 (]: Writing runtime sql for node "test.ingatlanmizu.not_null_int_listings__time_on_market_listing_key.2c4fd4fb7b"
[0m21:36:57.180272 [debug] [Thread-4 (]: Writing runtime sql for node "test.ingatlanmizu.unique_int_listings__time_on_market_listing_key.71b7d4696d"
[0m21:36:57.180864 [debug] [Thread-2 (]: Using postgres connection "test.ingatlanmizu.not_null_int_listings__time_on_market_source.27f58358d1"
[0m21:36:57.180640 [info ] [Thread-3 (]: 98 of 102 PASS not_null_int_listings__time_on_market_last_seen_at .............. [[32mPASS[0m in 0.03s]
[0m21:36:57.181236 [debug] [Thread-2 (]: On test.ingatlanmizu.not_null_int_listings__time_on_market_source.27f58358d1: /* {"app": "dbt", "dbt_version": "1.12.0", "profile_name": "ingatlanmizu", "target_name": "local", "node_id": "test.ingatlanmizu.not_null_int_listings__time_on_market_source.27f58358d1"} */

    
    select
      count(*) as failures,
      count(*) != 0 as should_warn,
      count(*) != 0 as should_error
    from (
      
    
  
    
    



select source
from "ingatlanmizu"."silver"."int_listings__time_on_market"
where source is null



  
  
      
    ) dbt_internal_test
[0m21:36:57.181555 [debug] [Thread-1 (]: Using postgres connection "test.ingatlanmizu.not_null_int_listings__time_on_market_listing_key.2c4fd4fb7b"
[0m21:36:57.181861 [debug] [Thread-3 (]: Finished running node test.ingatlanmizu.not_null_int_listings__time_on_market_last_seen_at.15cdb3c0c1
[0m21:36:57.182075 [debug] [Thread-4 (]: Using postgres connection "test.ingatlanmizu.unique_int_listings__time_on_market_listing_key.71b7d4696d"
[0m21:36:57.182272 [debug] [Thread-2 (]: Opening a new connection, currently in state closed
[0m21:36:57.182489 [debug] [Thread-1 (]: On test.ingatlanmizu.not_null_int_listings__time_on_market_listing_key.2c4fd4fb7b: /* {"app": "dbt", "dbt_version": "1.12.0", "profile_name": "ingatlanmizu", "target_name": "local", "node_id": "test.ingatlanmizu.not_null_int_listings__time_on_market_listing_key.2c4fd4fb7b"} */

    
    select
      count(*) as failures,
      count(*) != 0 as should_warn,
      count(*) != 0 as should_error
    from (
      
    
  
    
    



select listing_key
from "ingatlanmizu"."silver"."int_listings__time_on_market"
where listing_key is null



  
  
      
    ) dbt_internal_test
[0m21:36:57.182779 [debug] [Thread-4 (]: On test.ingatlanmizu.unique_int_listings__time_on_market_listing_key.71b7d4696d: /* {"app": "dbt", "dbt_version": "1.12.0", "profile_name": "ingatlanmizu", "target_name": "local", "node_id": "test.ingatlanmizu.unique_int_listings__time_on_market_listing_key.71b7d4696d"} */

    
    select
      count(*) as failures,
      count(*) != 0 as should_warn,
      count(*) != 0 as should_error
    from (
      
    
  
    
    

select
    listing_key as unique_field,
    count(*) as n_records

from "ingatlanmizu"."silver"."int_listings__time_on_market"
where listing_key is not null
group by listing_key
having count(*) > 1



  
  
      
    ) dbt_internal_test
[0m21:36:57.183063 [debug] [Thread-1 (]: Opening a new connection, currently in state closed
[0m21:36:57.183268 [debug] [Thread-4 (]: Opening a new connection, currently in state closed
[0m21:36:57.191301 [debug] [Thread-2 (]: SQL status: SELECT 1 in 0.009 seconds
[0m21:36:57.192195 [debug] [Thread-2 (]: On test.ingatlanmizu.not_null_int_listings__time_on_market_source.27f58358d1: ROLLBACK
[0m21:36:57.192457 [debug] [Thread-4 (]: SQL status: SELECT 1 in 0.009 seconds
[0m21:36:57.192706 [debug] [Thread-1 (]: SQL status: SELECT 1 in 0.010 seconds
[0m21:36:57.193522 [debug] [Thread-4 (]: On test.ingatlanmizu.unique_int_listings__time_on_market_listing_key.71b7d4696d: ROLLBACK
[0m21:36:57.193746 [debug] [Thread-2 (]: On test.ingatlanmizu.not_null_int_listings__time_on_market_source.27f58358d1: Close
[0m21:36:57.194457 [debug] [Thread-1 (]: On test.ingatlanmizu.not_null_int_listings__time_on_market_listing_key.2c4fd4fb7b: ROLLBACK
[0m21:36:57.195028 [debug] [Thread-4 (]: On test.ingatlanmizu.unique_int_listings__time_on_market_listing_key.71b7d4696d: Close
[0m21:36:57.194845 [info ] [Thread-2 (]: 100 of 102 PASS not_null_int_listings__time_on_market_source ................... [[32mPASS[0m in 0.03s]
[0m21:36:57.195477 [info ] [Thread-4 (]: 101 of 102 PASS unique_int_listings__time_on_market_listing_key ................ [[32mPASS[0m in 0.03s]
[0m21:36:57.195825 [debug] [Thread-1 (]: On test.ingatlanmizu.not_null_int_listings__time_on_market_listing_key.2c4fd4fb7b: Close
[0m21:36:57.196160 [debug] [Thread-2 (]: Finished running node test.ingatlanmizu.not_null_int_listings__time_on_market_source.27f58358d1
[0m21:36:57.196536 [debug] [Thread-4 (]: Finished running node test.ingatlanmizu.unique_int_listings__time_on_market_listing_key.71b7d4696d
[0m21:36:57.196887 [info ] [Thread-1 (]: 99 of 102 PASS not_null_int_listings__time_on_market_listing_key ............... [[32mPASS[0m in 0.03s]
[0m21:36:57.197434 [debug] [Thread-1 (]: Finished running node test.ingatlanmizu.not_null_int_listings__time_on_market_listing_key.2c4fd4fb7b
[0m21:36:57.198912 [debug] [Thread-3 (]: Began running node model.ingatlanmizu.mart_average_time_on_market
[0m21:36:57.199275 [info ] [Thread-3 (]: 102 of 102 START sql table model gold.mart_average_time_on_market .............. [RUN]
[0m21:36:57.199584 [debug] [Thread-3 (]: Re-using an available connection from the pool (formerly test.ingatlanmizu.not_null_int_listings__time_on_market_last_seen_at.15cdb3c0c1, now model.ingatlanmizu.mart_average_time_on_market)
[0m21:36:57.199821 [debug] [Thread-3 (]: Began compiling node model.ingatlanmizu.mart_average_time_on_market
[0m21:36:57.200949 [debug] [Thread-3 (]: Writing injected SQL for node "model.ingatlanmizu.mart_average_time_on_market"
[0m21:36:57.201685 [debug] [Thread-3 (]: Began executing node model.ingatlanmizu.mart_average_time_on_market
[0m21:36:57.213256 [debug] [Thread-3 (]: Writing runtime sql for node "model.ingatlanmizu.mart_average_time_on_market"
[0m21:36:57.213684 [debug] [Thread-3 (]: Using postgres connection "model.ingatlanmizu.mart_average_time_on_market"
[0m21:36:57.213914 [debug] [Thread-3 (]: On model.ingatlanmizu.mart_average_time_on_market: /* {"app": "dbt", "dbt_version": "1.12.0", "profile_name": "ingatlanmizu", "target_name": "local", "node_id": "model.ingatlanmizu.mart_average_time_on_market"} */

  
    

  create  table "ingatlanmizu"."gold"."mart_average_time_on_market__dbt_tmp"
  
  
    as
  
  (
    select
	count(*) as sold_listings,
	round(avg(days_on_market), 2) as average_days_on_market,
	percentile_cont(0.5) within group (order by days_on_market) as median_days_on_market
from "ingatlanmizu"."silver"."int_listings__time_on_market"
where is_active is false
  );
  
[0m21:36:57.214120 [debug] [Thread-3 (]: Opening a new connection, currently in state closed
[0m21:36:57.235913 [debug] [Thread-3 (]: SQL status: SELECT 1 in 0.022 seconds
[0m21:36:57.239084 [debug] [Thread-3 (]: Using postgres connection "model.ingatlanmizu.mart_average_time_on_market"
[0m21:36:57.239337 [debug] [Thread-3 (]: On model.ingatlanmizu.mart_average_time_on_market: /* {"app": "dbt", "dbt_version": "1.12.0", "profile_name": "ingatlanmizu", "target_name": "local", "node_id": "model.ingatlanmizu.mart_average_time_on_market"} */
alter table "ingatlanmizu"."gold"."mart_average_time_on_market" rename to "mart_average_time_on_market__dbt_backup"
[0m21:36:57.239863 [debug] [Thread-3 (]: SQL status: ALTER TABLE in 0.000 seconds
[0m21:36:57.240934 [debug] [Thread-3 (]: Using postgres connection "model.ingatlanmizu.mart_average_time_on_market"
[0m21:36:57.241164 [debug] [Thread-3 (]: On model.ingatlanmizu.mart_average_time_on_market: /* {"app": "dbt", "dbt_version": "1.12.0", "profile_name": "ingatlanmizu", "target_name": "local", "node_id": "model.ingatlanmizu.mart_average_time_on_market"} */
alter table "ingatlanmizu"."gold"."mart_average_time_on_market__dbt_tmp" rename to "mart_average_time_on_market"
[0m21:36:57.241865 [debug] [Thread-3 (]: SQL status: ALTER TABLE in 0.000 seconds
[0m21:36:57.242784 [debug] [Thread-3 (]: On model.ingatlanmizu.mart_average_time_on_market: COMMIT
[0m21:36:57.243008 [debug] [Thread-3 (]: Using postgres connection "model.ingatlanmizu.mart_average_time_on_market"
[0m21:36:57.243212 [debug] [Thread-3 (]: On model.ingatlanmizu.mart_average_time_on_market: COMMIT
[0m21:36:57.243776 [debug] [Thread-3 (]: SQL status: COMMIT in 0.000 seconds
[0m21:36:57.244500 [debug] [Thread-3 (]: Applying DROP to: "ingatlanmizu"."gold"."mart_average_time_on_market__dbt_backup"
[0m21:36:57.245925 [debug] [Thread-3 (]: Using postgres connection "model.ingatlanmizu.mart_average_time_on_market"
[0m21:36:57.246168 [debug] [Thread-3 (]: On model.ingatlanmizu.mart_average_time_on_market: /* {"app": "dbt", "dbt_version": "1.12.0", "profile_name": "ingatlanmizu", "target_name": "local", "node_id": "model.ingatlanmizu.mart_average_time_on_market"} */
drop table if exists "ingatlanmizu"."gold"."mart_average_time_on_market__dbt_backup" cascade
[0m21:36:57.248979 [debug] [Thread-3 (]: SQL status: DROP TABLE in 0.003 seconds
[0m21:36:57.249694 [debug] [Thread-3 (]: On model.ingatlanmizu.mart_average_time_on_market: Close
[0m21:36:57.250025 [debug] [Thread-3 (]: Sending event: {'category': 'dbt', 'action': 'run_model', 'label': '5ea3dcd7-1656-4860-b387-a72e979c4899', 'context': [<snowplow_tracker.self_describing_json.SelfDescribingJson object at 0x1099bd670>]}
[0m21:36:57.250378 [info ] [Thread-3 (]: 102 of 102 OK created sql table model gold.mart_average_time_on_market ......... [[32mSELECT 1[0m in 0.05s]
[0m21:36:57.250692 [debug] [Thread-3 (]: Finished running node model.ingatlanmizu.mart_average_time_on_market
[0m21:36:57.251459 [debug] [MainThread]: On master: COMMIT
[0m21:36:57.251663 [debug] [MainThread]: Using postgres connection "master"
[0m21:36:57.251837 [debug] [MainThread]: On master: COMMIT
[0m21:36:57.252008 [debug] [MainThread]: Opening a new connection, currently in state closed
[0m21:36:57.258027 [debug] [MainThread]: SQL status: COMMIT in 0.006 seconds
[0m21:36:57.258234 [debug] [MainThread]: On master: Close
[0m21:36:57.258478 [debug] [MainThread]: Connection 'master' was properly closed.
[0m21:36:57.258650 [debug] [MainThread]: Connection 'test.ingatlanmizu.not_null_int_listings__time_on_market_listing_key.2c4fd4fb7b' was properly closed.
[0m21:36:57.258815 [debug] [MainThread]: Connection 'test.ingatlanmizu.not_null_int_listings__time_on_market_source.27f58358d1' was properly closed.
[0m21:36:57.258974 [debug] [MainThread]: Connection 'model.ingatlanmizu.mart_average_time_on_market' was properly closed.
[0m21:36:57.259133 [debug] [MainThread]: Connection 'test.ingatlanmizu.unique_int_listings__time_on_market_listing_key.71b7d4696d' was properly closed.
[0m21:36:57.259384 [info ] [MainThread]: 
[0m21:36:57.259577 [info ] [MainThread]: Finished running 3 table models, 91 data tests, 8 view models in 0 hours 0 minutes and 1.33 seconds (1.33s).
[0m21:36:57.264216 [debug] [MainThread]: Command end result
[0m21:36:57.307068 [debug] [MainThread]: Wrote artifact WritableManifest to transform/target/manifest.json
[0m21:36:57.308588 [debug] [MainThread]: Wrote artifact SemanticManifest to transform/target/semantic_manifest.json
[0m21:36:57.309895 [debug] [MainThread]: Wrote artifact OsiDocument to transform/target/osi_document.json
[0m21:36:57.316067 [debug] [MainThread]: Wrote artifact RunExecutionResult to transform/target/run_results.json
[0m21:36:57.316304 [info ] [MainThread]: 
[0m21:36:57.316529 [info ] [MainThread]: [31mCompleted with 3 errors, 0 partial successes, and 0 warnings:[0m
[0m21:36:57.316720 [info ] [MainThread]: 
[0m21:36:57.316961 [error] [MainThread]: [[31mERROR[0m]: in test accepted_values_stg_zenga__listing_versions_energy_rating__JJ__J__I__H__G__F__E__D__C__B__A__A___A___A_ (models/staging/zenga/_zenga__models.yml)
[0m21:36:57.317197 [error] [MainThread]:   Got 1 result, configured to fail if != 0
[0m21:36:57.317365 [info ] [MainThread]: 
[0m21:36:57.317577 [info ] [MainThread]:   compiled code at target/compiled/ingatlanmizu/models/staging/zenga/_zenga__models.yml/accepted_values_stg_zenga__lis_0b774d36ba58d5d0b9f0317fcb4807b7.sql
[0m21:36:57.317752 [info ] [MainThread]: 
[0m21:36:57.317965 [error] [MainThread]: [[31mERROR[0m]: in test not_null_stg_zenga__listing_versions_area_sqm (models/staging/zenga/_zenga__models.yml)
[0m21:36:57.318170 [error] [MainThread]:   Got 1 result, configured to fail if != 0
[0m21:36:57.318333 [info ] [MainThread]: 
[0m21:36:57.318528 [info ] [MainThread]:   compiled code at target/compiled/ingatlanmizu/models/staging/zenga/_zenga__models.yml/not_null_stg_zenga__listing_versions_area_sqm.sql
[0m21:36:57.318694 [info ] [MainThread]: 
[0m21:36:57.318893 [error] [MainThread]: [[31mERROR[0m]: in test not_null_stg_zenga__listing_versions_price_per_square_meter (models/staging/zenga/_zenga__models.yml)
[0m21:36:57.319094 [error] [MainThread]:   Got 1 result, configured to fail if != 0
[0m21:36:57.319261 [info ] [MainThread]: 
[0m21:36:57.319457 [info ] [MainThread]:   compiled code at target/compiled/ingatlanmizu/models/staging/zenga/_zenga__models.yml/not_null_stg_zenga__listing_versions_price_per_square_meter.sql
[0m21:36:57.319662 [info ] [MainThread]: 
[0m21:36:57.319852 [info ] [MainThread]: Done. PASS=66 WARN=0 ERROR=3 SKIP=33 NO-OP=0 REUSED=0 TOTAL=102
[0m21:36:57.320232 [warn ] [MainThread]: [[33mWARNING[0m][DeprecationsSummary]: Deprecated functionality
Summary of encountered deprecations:
- MissingArgumentsPropertyInGenericTestDeprecation: 8 occurrences
- PropertyMovedToConfigDeprecation: 2 occurrences
To see all deprecation instances instead of just the first occurrence of each,
run command again with the `--show-all-deprecations` flag. You may also need to
run with `--no-partial-parse` as some deprecations are only encountered during
parsing.
[0m21:36:57.327648 [debug] [MainThread]: Resource report: {"command_name": "build", "command_success": false, "command_wall_clock_time": 2.3362796, "process_in_blocks": "0", "process_kernel_time": 0.255442, "process_mem_max_rss": "160579584", "process_out_blocks": "0", "process_user_time": 2.566109}
[0m21:36:57.327951 [debug] [MainThread]: Command `dbt build` failed at 21:36:57.327899 after 2.34 seconds
[0m21:36:57.328213 [debug] [MainThread]: Sending event: {'category': 'dbt', 'action': 'invocation', 'label': 'end', 'context': [<snowplow_tracker.self_describing_json.SelfDescribingJson object at 0x10751cf20>, <snowplow_tracker.self_describing_json.SelfDescribingJson object at 0x10870e360>, <snowplow_tracker.self_describing_json.SelfDescribingJson object at 0x10b151820>]}
[0m21:36:57.328431 [debug] [MainThread]: Flushing usage events
[0m21:36:58.761860 [debug] [MainThread]: An error was encountered while trying to flush usage events
[0m22:07:39.803620 [debug] [MainThread]: Sending event: {'category': 'dbt', 'action': 'invocation', 'label': 'start', 'context': [<snowplow_tracker.self_describing_json.SelfDescribingJson object at 0x1061251c0>, <snowplow_tracker.self_describing_json.SelfDescribingJson object at 0x1070596d0>, <snowplow_tracker.self_describing_json.SelfDescribingJson object at 0x107059280>]}


============================== 22:07:39.807052 | 94a21f92-eac0-4252-9a70-88bf17112572 ==============================
[0m22:07:39.807052 [info ] [MainThread]: Running with dbt=1.12.0
[0m22:07:39.807436 [debug] [MainThread]: running dbt with arguments {'warn_error_options': 'WarnErrorOptionsV2(error=[], warn=[], silence=[])', 'log_format': 'default', 'printer_width': '80', 'hints_enabled': 'True', 'log_path': 'transform/logs', 'target_path': 'None', 'write_json': 'True', 'use_experimental_parser': 'False', 'log_cache_events': 'False', 'introspect': 'True', 'maximum_seed_size_mib': '1', 'partial_parse': 'True', 'debug': 'False', 'quiet': 'False', 'cache_selected_only': 'False', 'indirect_selection': 'eager', 'static_parser': 'True', 'no_print': 'None', 'use_colors': 'True', 'fail_fast': 'False', 'invocation_command': 'dbt build', 'warn_error': 'None', 'send_anonymous_usage_stats': 'True', 'empty': 'False', 'profiles_dir': 'transform', 'version_check': 'True'}
[0m22:07:39.927852 [debug] [MainThread]: Sending event: {'category': 'dbt', 'action': 'project_id', 'label': '94a21f92-eac0-4252-9a70-88bf17112572', 'context': [<snowplow_tracker.self_describing_json.SelfDescribingJson object at 0x1078a33b0>]}
[0m22:07:39.960794 [debug] [MainThread]: Sending event: {'category': 'dbt', 'action': 'adapter_info', 'label': '94a21f92-eac0-4252-9a70-88bf17112572', 'context': [<snowplow_tracker.self_describing_json.SelfDescribingJson object at 0x106c5f380>]}
[0m22:07:39.961461 [info ] [MainThread]: Registered adapter: postgres=1.11.0
[0m22:07:40.029226 [debug] [MainThread]: checksum: 63303165495155cf70de5895742d8bdb211a382d266dccdb4c547ed748c8f641, vars: {}, profile: ingatlanmizu, target: local, version: 1.12.0
[0m22:07:40.165091 [debug] [MainThread]: Partial parsing enabled: 0 files deleted, 0 files added, 1 files changed.
[0m22:07:40.165652 [debug] [MainThread]: Partial parsing: updated file: ingatlanmizu://models/staging/zenga/stg_zenga__listing_versions.sql
[0m22:07:40.470123 [warn ] [MainThread]: [[33mWARNING[0m][MissingArgumentsPropertyInGenericTestDeprecation]: Deprecated
functionality
Found top-level arguments to test
`dbt_expectations.expect_column_values_to_match_like_pattern` defined on
'stg_zenga__listing_versions' in package 'ingatlanmizu'
(models/staging/zenga/_zenga__models.yml). Arguments to generic tests should be
nested under the `arguments` property.
[0m22:07:40.470512 [debug] [MainThread]: Sending event: {'category': 'dbt', 'action': 'deprecation', 'label': '94a21f92-eac0-4252-9a70-88bf17112572', 'property_': 'warn', 'context': [<snowplow_tracker.self_describing_json.SelfDescribingJson object at 0x108045ee0>]}
[0m22:07:40.508998 [warn ] [MainThread]: [[33mWARNING[0m][PropertyMovedToConfigDeprecation]: Deprecated functionality
Found `severity` as a top-level property of
`data_tests.accepted_values.severity` in file
`models/staging/zenga/_zenga__models.yml`. The `severity` top-level property
should be moved into the `config` of `data_tests.accepted_values.severity`.
[0m22:07:40.509324 [debug] [MainThread]: Sending event: {'category': 'dbt', 'action': 'deprecation', 'label': '94a21f92-eac0-4252-9a70-88bf17112572', 'property_': 'warn', 'context': [<snowplow_tracker.self_describing_json.SelfDescribingJson object at 0x107822d20>]}
[0m22:07:40.568924 [debug] [MainThread]: Sending event: {'category': 'dbt', 'action': 'load_project', 'label': '94a21f92-eac0-4252-9a70-88bf17112572', 'context': [<snowplow_tracker.self_describing_json.SelfDescribingJson object at 0x1088dae40>]}
[0m22:07:40.651844 [debug] [MainThread]: Wrote artifact WritableManifest to transform/target/manifest.json
[0m22:07:40.654341 [debug] [MainThread]: Wrote artifact SemanticManifest to transform/target/semantic_manifest.json
[0m22:07:40.667982 [debug] [MainThread]: Wrote artifact OsiDocument to transform/target/osi_document.json
[0m22:07:40.686986 [debug] [MainThread]: Sending event: {'category': 'dbt', 'action': 'resource_counts', 'label': '94a21f92-eac0-4252-9a70-88bf17112572', 'context': [<snowplow_tracker.self_describing_json.SelfDescribingJson object at 0x108047170>]}
[0m22:07:40.687270 [info ] [MainThread]: Found 11 models, 91 data tests, 2 sources, 909 macros
[0m22:07:40.691433 [info ] [MainThread]: 
[0m22:07:40.691672 [info ] [MainThread]: Concurrency: 4 threads (target='local')
[0m22:07:40.691857 [info ] [MainThread]: 
[0m22:07:40.692154 [debug] [MainThread]: Acquiring new postgres connection 'master'
[0m22:07:40.694356 [debug] [ThreadPool]: Acquiring new postgres connection 'list_ingatlanmizu'
[0m22:07:40.694655 [debug] [ThreadPool]: Acquiring new postgres connection 'list_ingatlanmizu'
[0m22:07:40.722807 [debug] [ThreadPool]: Using postgres connection "list_ingatlanmizu"
[0m22:07:40.723031 [debug] [ThreadPool]: Using postgres connection "list_ingatlanmizu"
[0m22:07:40.723248 [debug] [ThreadPool]: On list_ingatlanmizu: /* {"app": "dbt", "dbt_version": "1.12.0", "profile_name": "ingatlanmizu", "target_name": "local", "connection_name": "list_ingatlanmizu"} */

    select distinct nspname from pg_namespace
  
[0m22:07:40.723443 [debug] [ThreadPool]: On list_ingatlanmizu: /* {"app": "dbt", "dbt_version": "1.12.0", "profile_name": "ingatlanmizu", "target_name": "local", "connection_name": "list_ingatlanmizu"} */

    select distinct nspname from pg_namespace
  
[0m22:07:40.723629 [debug] [ThreadPool]: Opening a new connection, currently in state init
[0m22:07:40.723797 [debug] [ThreadPool]: Opening a new connection, currently in state init
[0m22:07:40.776626 [debug] [ThreadPool]: SQL status: SELECT 7 in 0.053 seconds
[0m22:07:40.776850 [debug] [ThreadPool]: SQL status: SELECT 7 in 0.053 seconds
[0m22:07:40.777582 [debug] [ThreadPool]: On list_ingatlanmizu: Close
[0m22:07:40.778189 [debug] [ThreadPool]: On list_ingatlanmizu: Close
[0m22:07:40.779290 [debug] [ThreadPool]: Re-using an available connection from the pool (formerly list_ingatlanmizu, now list_ingatlanmizu_silver)
[0m22:07:40.779620 [debug] [ThreadPool]: Re-using an available connection from the pool (formerly list_ingatlanmizu, now list_ingatlanmizu_gold)
[0m22:07:40.782234 [debug] [ThreadPool]: Using postgres connection "list_ingatlanmizu_silver"
[0m22:07:40.782917 [debug] [ThreadPool]: Using postgres connection "list_ingatlanmizu_gold"
[0m22:07:40.783161 [debug] [ThreadPool]: On list_ingatlanmizu_silver: /* {"app": "dbt", "dbt_version": "1.12.0", "profile_name": "ingatlanmizu", "target_name": "local", "connection_name": "list_ingatlanmizu_silver"} */
select
      'ingatlanmizu' as database,
      tablename as name,
      schemaname as schema,
      'table' as type
    from pg_tables
    where schemaname ilike 'silver'
    union all
    select
      'ingatlanmizu' as database,
      viewname as name,
      schemaname as schema,
      'view' as type
    from pg_views
    where schemaname ilike 'silver'
    union all
    select
      'ingatlanmizu' as database,
      matviewname as name,
      schemaname as schema,
      'materialized_view' as type
    from pg_matviews
    where schemaname ilike 'silver'
    union all
    select distinct
     'ingatlanmizu' as database,
     proname as name,
     ns.nspname as schema,
     'function' as type
    from pg_proc
     join pg_namespace as ns on pronamespace = ns.oid
    where ns.nspname ilike 'silver'
  
[0m22:07:40.783407 [debug] [ThreadPool]: On list_ingatlanmizu_gold: /* {"app": "dbt", "dbt_version": "1.12.0", "profile_name": "ingatlanmizu", "target_name": "local", "connection_name": "list_ingatlanmizu_gold"} */
select
      'ingatlanmizu' as database,
      tablename as name,
      schemaname as schema,
      'table' as type
    from pg_tables
    where schemaname ilike 'gold'
    union all
    select
      'ingatlanmizu' as database,
      viewname as name,
      schemaname as schema,
      'view' as type
    from pg_views
    where schemaname ilike 'gold'
    union all
    select
      'ingatlanmizu' as database,
      matviewname as name,
      schemaname as schema,
      'materialized_view' as type
    from pg_matviews
    where schemaname ilike 'gold'
    union all
    select distinct
     'ingatlanmizu' as database,
     proname as name,
     ns.nspname as schema,
     'function' as type
    from pg_proc
     join pg_namespace as ns on pronamespace = ns.oid
    where ns.nspname ilike 'gold'
  
[0m22:07:40.783602 [debug] [ThreadPool]: Opening a new connection, currently in state closed
[0m22:07:40.783762 [debug] [ThreadPool]: Opening a new connection, currently in state closed
[0m22:07:40.805627 [debug] [ThreadPool]: SQL status: SELECT 6 in 0.022 seconds
[0m22:07:40.805838 [debug] [ThreadPool]: SQL status: SELECT 3 in 0.022 seconds
[0m22:07:40.806574 [debug] [ThreadPool]: On list_ingatlanmizu_silver: ROLLBACK
[0m22:07:40.807208 [debug] [ThreadPool]: On list_ingatlanmizu_gold: ROLLBACK
[0m22:07:40.807659 [debug] [ThreadPool]: On list_ingatlanmizu_silver: Close
[0m22:07:40.807843 [debug] [ThreadPool]: On list_ingatlanmizu_gold: Close
[0m22:07:40.810704 [debug] [MainThread]: Using postgres connection "master"
[0m22:07:40.810989 [debug] [MainThread]: On master: /* {"app": "dbt", "dbt_version": "1.12.0", "profile_name": "ingatlanmizu", "target_name": "local", "connection_name": "master"} */
select distinct
        dependent_namespace.nspname as dependent_schema,
        dependent_class.relname as dependent_name,
        referenced_namespace.nspname as referenced_schema,
        referenced_class.relname as referenced_name

    -- Query for views: views are entries in pg_class with an entry in pg_rewrite, but we avoid
    -- a seq scan on pg_rewrite by leveraging the fact there is an "internal" row in pg_depend for
    -- the view...
    from pg_class as dependent_class
    join pg_namespace as dependent_namespace on dependent_namespace.oid = dependent_class.relnamespace
    join pg_depend as dependent_depend on dependent_depend.refobjid = dependent_class.oid
        and dependent_depend.classid = 'pg_rewrite'::regclass
        and dependent_depend.refclassid = 'pg_class'::regclass
        and dependent_depend.deptype = 'i'

    -- ... and via pg_depend (that has a row per column, hence the need for "distinct" above, and
    -- making sure to exclude the internal row to avoid a view appearing to depend on itself)...
    join pg_depend as joining_depend on joining_depend.objid = dependent_depend.objid
        and joining_depend.classid = 'pg_rewrite'::regclass
        and joining_depend.refclassid = 'pg_class'::regclass
        and joining_depend.refobjid != dependent_depend.refobjid

    -- ... we can find the tables they query from in pg_class, but excluding system tables. Note we
    -- don't need need to exclude _dependent_ system tables, because they only query from other
    -- system tables, and so are automatically excluded by excluding _referenced_ system tables
    join pg_class as referenced_class on referenced_class.oid = joining_depend.refobjid
    join pg_namespace as referenced_namespace on referenced_namespace.oid = referenced_class.relnamespace
        and referenced_namespace.nspname != 'information_schema'
        and referenced_namespace.nspname not like 'pg\_%'

    order by
        dependent_schema, dependent_name, referenced_schema, referenced_name;
[0m22:07:40.811233 [debug] [MainThread]: Opening a new connection, currently in state init
[0m22:07:40.822874 [debug] [MainThread]: SQL status: SELECT 4 in 0.012 seconds
[0m22:07:40.823835 [debug] [MainThread]: Sending event: {'category': 'dbt', 'action': 'runnable_timing', 'label': '94a21f92-eac0-4252-9a70-88bf17112572', 'context': [<snowplow_tracker.self_describing_json.SelfDescribingJson object at 0x1088e4ef0>]}
[0m22:07:40.824107 [debug] [MainThread]: On master: ROLLBACK
[0m22:07:40.824471 [debug] [MainThread]: On master: COMMIT
[0m22:07:40.824651 [debug] [MainThread]: Using postgres connection "master"
[0m22:07:40.824820 [debug] [MainThread]: On master: COMMIT
[0m22:07:40.825350 [debug] [MainThread]: SQL status: COMMIT in 0.000 seconds
[0m22:07:40.825529 [debug] [MainThread]: On master: Close
[0m22:07:40.827667 [debug] [Thread-1 (]: Began running node test.ingatlanmizu.source_not_empty_bronze_zenga_listing_versions_alapterulet.587e43f482
[0m22:07:40.827923 [debug] [Thread-2 (]: Began running node test.ingatlanmizu.source_not_empty_bronze_zenga_listing_versions_ar.30dced9905
[0m22:07:40.828180 [info ] [Thread-1 (]: 1 of 102 START test source_not_empty_bronze_zenga_listing_versions_alapterulet . [RUN]
[0m22:07:40.828428 [debug] [Thread-3 (]: Began running node test.ingatlanmizu.source_not_null_bronze_zenga_listing_versions_hirdeteskod.c6ad6dc23a
[0m22:07:40.828650 [debug] [Thread-4 (]: Began running node test.ingatlanmizu.source_not_null_bronze_zenga_listing_versions_payload_hash.be33627189
[0m22:07:40.828858 [info ] [Thread-2 (]: 2 of 102 START test source_not_empty_bronze_zenga_listing_versions_ar .......... [RUN]
[0m22:07:40.829119 [debug] [Thread-1 (]: Re-using an available connection from the pool (formerly list_ingatlanmizu_silver, now test.ingatlanmizu.source_not_empty_bronze_zenga_listing_versions_alapterulet.587e43f482)
[0m22:07:40.829340 [info ] [Thread-3 (]: 3 of 102 START test source_not_null_bronze_zenga_listing_versions_hirdeteskod .. [RUN]
[0m22:07:40.829557 [info ] [Thread-4 (]: 4 of 102 START test source_not_null_bronze_zenga_listing_versions_payload_hash . [RUN]
[0m22:07:40.829790 [debug] [Thread-2 (]: Re-using an available connection from the pool (formerly list_ingatlanmizu_gold, now test.ingatlanmizu.source_not_empty_bronze_zenga_listing_versions_ar.30dced9905)
[0m22:07:40.829997 [debug] [Thread-1 (]: Began compiling node test.ingatlanmizu.source_not_empty_bronze_zenga_listing_versions_alapterulet.587e43f482
[0m22:07:40.830262 [debug] [Thread-3 (]: Acquiring new postgres connection 'test.ingatlanmizu.source_not_null_bronze_zenga_listing_versions_hirdeteskod.c6ad6dc23a'
[0m22:07:40.830520 [debug] [Thread-4 (]: Acquiring new postgres connection 'test.ingatlanmizu.source_not_null_bronze_zenga_listing_versions_payload_hash.be33627189'
[0m22:07:40.830726 [debug] [Thread-2 (]: Began compiling node test.ingatlanmizu.source_not_empty_bronze_zenga_listing_versions_ar.30dced9905
[0m22:07:40.836469 [debug] [Thread-1 (]: Writing injected SQL for node "test.ingatlanmizu.source_not_empty_bronze_zenga_listing_versions_alapterulet.587e43f482"
[0m22:07:40.836714 [debug] [Thread-3 (]: Began compiling node test.ingatlanmizu.source_not_null_bronze_zenga_listing_versions_hirdeteskod.c6ad6dc23a
[0m22:07:40.836918 [debug] [Thread-4 (]: Began compiling node test.ingatlanmizu.source_not_null_bronze_zenga_listing_versions_payload_hash.be33627189
[0m22:07:40.840039 [debug] [Thread-2 (]: Writing injected SQL for node "test.ingatlanmizu.source_not_empty_bronze_zenga_listing_versions_ar.30dced9905"
[0m22:07:40.845865 [debug] [Thread-3 (]: Writing injected SQL for node "test.ingatlanmizu.source_not_null_bronze_zenga_listing_versions_hirdeteskod.c6ad6dc23a"
[0m22:07:40.849141 [debug] [Thread-4 (]: Writing injected SQL for node "test.ingatlanmizu.source_not_null_bronze_zenga_listing_versions_payload_hash.be33627189"
[0m22:07:40.849368 [debug] [Thread-1 (]: Began executing node test.ingatlanmizu.source_not_empty_bronze_zenga_listing_versions_alapterulet.587e43f482
[0m22:07:40.849736 [debug] [Thread-2 (]: Began executing node test.ingatlanmizu.source_not_empty_bronze_zenga_listing_versions_ar.30dced9905
[0m22:07:40.850008 [debug] [Thread-3 (]: Began executing node test.ingatlanmizu.source_not_null_bronze_zenga_listing_versions_hirdeteskod.c6ad6dc23a
[0m22:07:40.856474 [debug] [Thread-4 (]: Began executing node test.ingatlanmizu.source_not_null_bronze_zenga_listing_versions_payload_hash.be33627189
[0m22:07:40.859335 [debug] [Thread-1 (]: Writing runtime sql for node "test.ingatlanmizu.source_not_empty_bronze_zenga_listing_versions_alapterulet.587e43f482"
[0m22:07:40.860101 [debug] [Thread-2 (]: Writing runtime sql for node "test.ingatlanmizu.source_not_empty_bronze_zenga_listing_versions_ar.30dced9905"
[0m22:07:40.860872 [debug] [Thread-3 (]: Writing runtime sql for node "test.ingatlanmizu.source_not_null_bronze_zenga_listing_versions_hirdeteskod.c6ad6dc23a"
[0m22:07:40.861545 [debug] [Thread-4 (]: Writing runtime sql for node "test.ingatlanmizu.source_not_null_bronze_zenga_listing_versions_payload_hash.be33627189"
[0m22:07:40.862011 [debug] [Thread-1 (]: Using postgres connection "test.ingatlanmizu.source_not_empty_bronze_zenga_listing_versions_alapterulet.587e43f482"
[0m22:07:40.862262 [debug] [Thread-1 (]: On test.ingatlanmizu.source_not_empty_bronze_zenga_listing_versions_alapterulet.587e43f482: /* {"app": "dbt", "dbt_version": "1.12.0", "profile_name": "ingatlanmizu", "target_name": "local", "node_id": "test.ingatlanmizu.source_not_empty_bronze_zenga_listing_versions_alapterulet.587e43f482"} */

    
    select
      count(*) as failures,
      count(*) != 0 as should_warn,
      count(*) != 0 as should_error
    from (
      
    
  

select *
from "ingatlanmizu"."bronze"."zenga_listing_versions"
where trim(alapterulet) = ''


  
  
      
    ) dbt_internal_test
[0m22:07:40.862528 [debug] [Thread-2 (]: Using postgres connection "test.ingatlanmizu.source_not_empty_bronze_zenga_listing_versions_ar.30dced9905"
[0m22:07:40.862790 [debug] [Thread-3 (]: Using postgres connection "test.ingatlanmizu.source_not_null_bronze_zenga_listing_versions_hirdeteskod.c6ad6dc23a"
[0m22:07:40.863043 [debug] [Thread-4 (]: Using postgres connection "test.ingatlanmizu.source_not_null_bronze_zenga_listing_versions_payload_hash.be33627189"
[0m22:07:40.863239 [debug] [Thread-1 (]: Opening a new connection, currently in state closed
[0m22:07:40.863890 [debug] [Thread-2 (]: On test.ingatlanmizu.source_not_empty_bronze_zenga_listing_versions_ar.30dced9905: /* {"app": "dbt", "dbt_version": "1.12.0", "profile_name": "ingatlanmizu", "target_name": "local", "node_id": "test.ingatlanmizu.source_not_empty_bronze_zenga_listing_versions_ar.30dced9905"} */

    
    select
      count(*) as failures,
      count(*) != 0 as should_warn,
      count(*) != 0 as should_error
    from (
      
    
  

select *
from "ingatlanmizu"."bronze"."zenga_listing_versions"
where trim(ar) = ''


  
  
      
    ) dbt_internal_test
[0m22:07:40.864130 [debug] [Thread-3 (]: On test.ingatlanmizu.source_not_null_bronze_zenga_listing_versions_hirdeteskod.c6ad6dc23a: /* {"app": "dbt", "dbt_version": "1.12.0", "profile_name": "ingatlanmizu", "target_name": "local", "node_id": "test.ingatlanmizu.source_not_null_bronze_zenga_listing_versions_hirdeteskod.c6ad6dc23a"} */

    
    select
      count(*) as failures,
      count(*) != 0 as should_warn,
      count(*) != 0 as should_error
    from (
      
    
  
    
    



select hirdeteskod
from "ingatlanmizu"."bronze"."zenga_listing_versions"
where hirdeteskod is null



  
  
      
    ) dbt_internal_test
[0m22:07:40.864385 [debug] [Thread-4 (]: On test.ingatlanmizu.source_not_null_bronze_zenga_listing_versions_payload_hash.be33627189: /* {"app": "dbt", "dbt_version": "1.12.0", "profile_name": "ingatlanmizu", "target_name": "local", "node_id": "test.ingatlanmizu.source_not_null_bronze_zenga_listing_versions_payload_hash.be33627189"} */

    
    select
      count(*) as failures,
      count(*) != 0 as should_warn,
      count(*) != 0 as should_error
    from (
      
    
  
    
    



select payload_hash
from "ingatlanmizu"."bronze"."zenga_listing_versions"
where payload_hash is null



  
  
      
    ) dbt_internal_test
[0m22:07:40.864664 [debug] [Thread-2 (]: Opening a new connection, currently in state closed
[0m22:07:40.864868 [debug] [Thread-3 (]: Opening a new connection, currently in state init
[0m22:07:40.865072 [debug] [Thread-4 (]: Opening a new connection, currently in state init
[0m22:07:40.874891 [debug] [Thread-1 (]: SQL status: SELECT 1 in 0.012 seconds
[0m22:07:40.877320 [debug] [Thread-1 (]: On test.ingatlanmizu.source_not_empty_bronze_zenga_listing_versions_alapterulet.587e43f482: ROLLBACK
[0m22:07:40.877567 [debug] [Thread-3 (]: SQL status: SELECT 1 in 0.013 seconds
[0m22:07:40.877773 [debug] [Thread-2 (]: SQL status: SELECT 1 in 0.013 seconds
[0m22:07:40.877997 [debug] [Thread-4 (]: SQL status: SELECT 1 in 0.013 seconds
[0m22:07:40.878791 [debug] [Thread-3 (]: On test.ingatlanmizu.source_not_null_bronze_zenga_listing_versions_hirdeteskod.c6ad6dc23a: ROLLBACK
[0m22:07:40.879003 [debug] [Thread-1 (]: On test.ingatlanmizu.source_not_empty_bronze_zenga_listing_versions_alapterulet.587e43f482: Close
[0m22:07:40.879728 [debug] [Thread-2 (]: On test.ingatlanmizu.source_not_empty_bronze_zenga_listing_versions_ar.30dced9905: ROLLBACK
[0m22:07:40.880398 [debug] [Thread-4 (]: On test.ingatlanmizu.source_not_null_bronze_zenga_listing_versions_payload_hash.be33627189: ROLLBACK
[0m22:07:40.881008 [debug] [Thread-3 (]: On test.ingatlanmizu.source_not_null_bronze_zenga_listing_versions_hirdeteskod.c6ad6dc23a: Close
[0m22:07:40.880802 [info ] [Thread-1 (]: 1 of 102 PASS source_not_empty_bronze_zenga_listing_versions_alapterulet ....... [[32mPASS[0m in 0.05s]
[0m22:07:40.881332 [debug] [Thread-2 (]: On test.ingatlanmizu.source_not_empty_bronze_zenga_listing_versions_ar.30dced9905: Close
[0m22:07:40.881779 [debug] [Thread-1 (]: Finished running node test.ingatlanmizu.source_not_empty_bronze_zenga_listing_versions_alapterulet.587e43f482
[0m22:07:40.882116 [info ] [Thread-3 (]: 3 of 102 PASS source_not_null_bronze_zenga_listing_versions_hirdeteskod ........ [[32mPASS[0m in 0.05s]
[0m22:07:40.882355 [debug] [Thread-4 (]: On test.ingatlanmizu.source_not_null_bronze_zenga_listing_versions_payload_hash.be33627189: Close
[0m22:07:40.882711 [info ] [Thread-2 (]: 2 of 102 PASS source_not_empty_bronze_zenga_listing_versions_ar ................ [[32mPASS[0m in 0.05s]
[0m22:07:40.882961 [debug] [Thread-1 (]: Began running node test.ingatlanmizu.source_not_null_bronze_zenga_observations_ingestion_run_id.8d02e16768
[0m22:07:40.883323 [debug] [Thread-3 (]: Finished running node test.ingatlanmizu.source_not_null_bronze_zenga_listing_versions_hirdeteskod.c6ad6dc23a
[0m22:07:40.883699 [info ] [Thread-4 (]: 4 of 102 PASS source_not_null_bronze_zenga_listing_versions_payload_hash ....... [[32mPASS[0m in 0.05s]
[0m22:07:40.884013 [debug] [Thread-2 (]: Finished running node test.ingatlanmizu.source_not_empty_bronze_zenga_listing_versions_ar.30dced9905
[0m22:07:40.884240 [info ] [Thread-1 (]: 5 of 102 START test source_not_null_bronze_zenga_observations_ingestion_run_id . [RUN]
[0m22:07:40.884484 [debug] [Thread-3 (]: Began running node test.ingatlanmizu.source_not_null_bronze_zenga_observations_listing_code.5da4ccf477
[0m22:07:40.884813 [debug] [Thread-4 (]: Finished running node test.ingatlanmizu.source_not_null_bronze_zenga_listing_versions_payload_hash.be33627189
[0m22:07:40.885050 [debug] [Thread-2 (]: Began running node test.ingatlanmizu.source_not_null_bronze_zenga_observations_observed_at.688ac514ce
[0m22:07:40.885308 [debug] [Thread-1 (]: Re-using an available connection from the pool (formerly test.ingatlanmizu.source_not_empty_bronze_zenga_listing_versions_alapterulet.587e43f482, now test.ingatlanmizu.source_not_null_bronze_zenga_observations_ingestion_run_id.8d02e16768)
[0m22:07:40.885520 [info ] [Thread-3 (]: 6 of 102 START test source_not_null_bronze_zenga_observations_listing_code ..... [RUN]
[0m22:07:40.885880 [debug] [Thread-4 (]: Began running node model.ingatlanmizu.stg_zenga__listing_versions
[0m22:07:40.886111 [info ] [Thread-2 (]: 7 of 102 START test source_not_null_bronze_zenga_observations_observed_at ...... [RUN]
[0m22:07:40.886349 [debug] [Thread-1 (]: Began compiling node test.ingatlanmizu.source_not_null_bronze_zenga_observations_ingestion_run_id.8d02e16768
[0m22:07:40.886577 [debug] [Thread-3 (]: Re-using an available connection from the pool (formerly test.ingatlanmizu.source_not_null_bronze_zenga_listing_versions_hirdeteskod.c6ad6dc23a, now test.ingatlanmizu.source_not_null_bronze_zenga_observations_listing_code.5da4ccf477)
[0m22:07:40.886855 [info ] [Thread-4 (]: 8 of 102 START sql view model silver.stg_zenga__listing_versions ............... [RUN]
[0m22:07:40.887124 [debug] [Thread-2 (]: Re-using an available connection from the pool (formerly test.ingatlanmizu.source_not_empty_bronze_zenga_listing_versions_ar.30dced9905, now test.ingatlanmizu.source_not_null_bronze_zenga_observations_observed_at.688ac514ce)
[0m22:07:40.923535 [debug] [Thread-1 (]: Writing injected SQL for node "test.ingatlanmizu.source_not_null_bronze_zenga_observations_ingestion_run_id.8d02e16768"
[0m22:07:40.923848 [debug] [Thread-3 (]: Began compiling node test.ingatlanmizu.source_not_null_bronze_zenga_observations_listing_code.5da4ccf477
[0m22:07:40.924114 [debug] [Thread-4 (]: Re-using an available connection from the pool (formerly test.ingatlanmizu.source_not_null_bronze_zenga_listing_versions_payload_hash.be33627189, now model.ingatlanmizu.stg_zenga__listing_versions)
[0m22:07:40.924332 [debug] [Thread-2 (]: Began compiling node test.ingatlanmizu.source_not_null_bronze_zenga_observations_observed_at.688ac514ce
[0m22:07:40.927704 [debug] [Thread-3 (]: Writing injected SQL for node "test.ingatlanmizu.source_not_null_bronze_zenga_observations_listing_code.5da4ccf477"
[0m22:07:40.927965 [debug] [Thread-4 (]: Began compiling node model.ingatlanmizu.stg_zenga__listing_versions
[0m22:07:40.931126 [debug] [Thread-2 (]: Writing injected SQL for node "test.ingatlanmizu.source_not_null_bronze_zenga_observations_observed_at.688ac514ce"
[0m22:07:40.931362 [debug] [Thread-1 (]: Began executing node test.ingatlanmizu.source_not_null_bronze_zenga_observations_ingestion_run_id.8d02e16768
[0m22:07:40.933801 [debug] [Thread-4 (]: Writing injected SQL for node "model.ingatlanmizu.stg_zenga__listing_versions"
[0m22:07:40.934744 [debug] [Thread-1 (]: Writing runtime sql for node "test.ingatlanmizu.source_not_null_bronze_zenga_observations_ingestion_run_id.8d02e16768"
[0m22:07:40.934984 [debug] [Thread-3 (]: Began executing node test.ingatlanmizu.source_not_null_bronze_zenga_observations_listing_code.5da4ccf477
[0m22:07:40.935301 [debug] [Thread-2 (]: Began executing node test.ingatlanmizu.source_not_null_bronze_zenga_observations_observed_at.688ac514ce
[0m22:07:40.936023 [debug] [Thread-3 (]: Writing runtime sql for node "test.ingatlanmizu.source_not_null_bronze_zenga_observations_listing_code.5da4ccf477"
[0m22:07:40.936827 [debug] [Thread-2 (]: Writing runtime sql for node "test.ingatlanmizu.source_not_null_bronze_zenga_observations_observed_at.688ac514ce"
[0m22:07:40.937141 [debug] [Thread-1 (]: Using postgres connection "test.ingatlanmizu.source_not_null_bronze_zenga_observations_ingestion_run_id.8d02e16768"
[0m22:07:40.937484 [debug] [Thread-1 (]: On test.ingatlanmizu.source_not_null_bronze_zenga_observations_ingestion_run_id.8d02e16768: /* {"app": "dbt", "dbt_version": "1.12.0", "profile_name": "ingatlanmizu", "target_name": "local", "node_id": "test.ingatlanmizu.source_not_null_bronze_zenga_observations_ingestion_run_id.8d02e16768"} */

    
    select
      count(*) as failures,
      count(*) != 0 as should_warn,
      count(*) != 0 as should_error
    from (
      
    
  
    
    



select ingestion_run_id
from "ingatlanmizu"."bronze"."zenga_observations"
where ingestion_run_id is null



  
  
      
    ) dbt_internal_test
[0m22:07:40.937712 [debug] [Thread-4 (]: Began executing node model.ingatlanmizu.stg_zenga__listing_versions
[0m22:07:40.937957 [debug] [Thread-1 (]: Opening a new connection, currently in state closed
[0m22:07:40.938187 [debug] [Thread-3 (]: Using postgres connection "test.ingatlanmizu.source_not_null_bronze_zenga_observations_listing_code.5da4ccf477"
[0m22:07:40.938410 [debug] [Thread-2 (]: Using postgres connection "test.ingatlanmizu.source_not_null_bronze_zenga_observations_observed_at.688ac514ce"
[0m22:07:40.955508 [debug] [Thread-4 (]: Writing runtime sql for node "model.ingatlanmizu.stg_zenga__listing_versions"
[0m22:07:40.955880 [debug] [Thread-3 (]: On test.ingatlanmizu.source_not_null_bronze_zenga_observations_listing_code.5da4ccf477: /* {"app": "dbt", "dbt_version": "1.12.0", "profile_name": "ingatlanmizu", "target_name": "local", "node_id": "test.ingatlanmizu.source_not_null_bronze_zenga_observations_listing_code.5da4ccf477"} */

    
    select
      count(*) as failures,
      count(*) != 0 as should_warn,
      count(*) != 0 as should_error
    from (
      
    
  
    
    



select listing_code
from "ingatlanmizu"."bronze"."zenga_observations"
where listing_code is null



  
  
      
    ) dbt_internal_test
[0m22:07:40.956179 [debug] [Thread-2 (]: On test.ingatlanmizu.source_not_null_bronze_zenga_observations_observed_at.688ac514ce: /* {"app": "dbt", "dbt_version": "1.12.0", "profile_name": "ingatlanmizu", "target_name": "local", "node_id": "test.ingatlanmizu.source_not_null_bronze_zenga_observations_observed_at.688ac514ce"} */

    
    select
      count(*) as failures,
      count(*) != 0 as should_warn,
      count(*) != 0 as should_error
    from (
      
    
  
    
    



select observed_at
from "ingatlanmizu"."bronze"."zenga_observations"
where observed_at is null



  
  
      
    ) dbt_internal_test
[0m22:07:40.956529 [debug] [Thread-3 (]: Opening a new connection, currently in state closed
[0m22:07:40.956833 [debug] [Thread-2 (]: Opening a new connection, currently in state closed
[0m22:07:40.957652 [debug] [Thread-4 (]: Using postgres connection "model.ingatlanmizu.stg_zenga__listing_versions"
[0m22:07:40.958154 [debug] [Thread-4 (]: On model.ingatlanmizu.stg_zenga__listing_versions: /* {"app": "dbt", "dbt_version": "1.12.0", "profile_name": "ingatlanmizu", "target_name": "local", "node_id": "model.ingatlanmizu.stg_zenga__listing_versions"} */

  create view "ingatlanmizu"."silver"."stg_zenga__listing_versions__dbt_tmp"
    
    
  as (
    with 
    source as (
        select * 
        from "ingatlanmizu"."bronze"."zenga_listing_versions"
        where ar is no null
        and alapterulet is not null
    ),

    renamed as (
        select
            id as bronze_id,
            hirdeteskod as listing_code,
            concat('zenga', ':', hirdeteskod) as listing_key,
            'zenga' as source,
            megnevezes as title,
            (-- Converts human-readable numeric values to a number
-- "49,9 millió Ft" -> 49.9 
-- "65 m²" -> 65
-- Non-breaking spaces (chr(160)) are replaced to spaces
-- It returns NULL if the result is empty
nullif(
    replace(
        regexp_replace(
            replace(ar, chr(160), ' '), 
            '[^0-9,]', '', 'g'
        ), ',', '.'
    ), ''
)::numeric * -- Returns the magnitude of a human-readable price
-- "49,9 millió Ft" -> 1000000
case
    when ar ilike '%milliárd%'  then 1000000000
    when ar ilike '%millió%'    then 1000000
    when ar ilike '%ezer%'      then 1000
    else 1
end)::bigint as price_huf,
            ((-- Converts human-readable numeric values to a number
-- "49,9 millió Ft" -> 49.9 
-- "65 m²" -> 65
-- Non-breaking spaces (chr(160)) are replaced to spaces
-- It returns NULL if the result is empty
nullif(
    replace(
        regexp_replace(
            replace(ar, chr(160), ' '), 
            '[^0-9,]', '', 'g'
        ), ',', '.'
    ), ''
)::numeric * -- Returns the magnitude of a human-readable price
-- "49,9 millió Ft" -> 1000000
case
    when ar ilike '%milliárd%'  then 1000000000
    when ar ilike '%millió%'    then 1000000
    when ar ilike '%ezer%'      then 1000
    else 1
end) / -- Converts human-readable numeric values to a number
-- "49,9 millió Ft" -> 49.9 
-- "65 m²" -> 65
-- Non-breaking spaces (chr(160)) are replaced to spaces
-- It returns NULL if the result is empty
nullif(
    replace(
        regexp_replace(
            replace(alapterulet, chr(160), ' '), 
            '[^0-9,]', '', 'g'
        ), ',', '.'
    ), ''
)::numeric)::int as price_per_square_meter,
            btrim(split_part(cim, ',', 1))
 as city,
            nullif(btrim(split_part(cim, ',', 2)), '')
 as location_detail,
            -- Converts human-readable numeric values to a number
-- "49,9 millió Ft" -> 49.9 
-- "65 m²" -> 65
-- Non-breaking spaces (chr(160)) are replaced to spaces
-- It returns NULL if the result is empty
nullif(
    replace(
        regexp_replace(
            replace(alapterulet, chr(160), ' '), 
            '[^0-9,]', '', 'g'
        ), ',', '.'
    ), ''
)::numeric as area_sqm,
            -- Converts human-readable numeric values to a number
-- "49,9 millió Ft" -> 49.9 
-- "65 m²" -> 65
-- Non-breaking spaces (chr(160)) are replaced to spaces
-- It returns NULL if the result is empty
nullif(
    replace(
        regexp_replace(
            replace(telek, chr(160), ' '), 
            '[^0-9,]', '', 'g'
        ), ',', '.'
    ), ''
)::numeric as plot_size,
            -- Converts human-readable numeric values to a number
-- "49,9 millió Ft" -> 49.9 
-- "65 m²" -> 65
-- Non-breaking spaces (chr(160)) are replaced to spaces
-- It returns NULL if the result is empty
nullif(
    replace(
        regexp_replace(
            replace(emelet, chr(160), ' '), 
            '[^0-9,]', '', 'g'
        ), ',', '.'
    ), ''
)::numeric as floor,
            emelet as floor_raw,
            coalesce(substring(szobak_szama from '(^\d+)')::numeric, 0)
    + (coalesce(substring(szobak_szama from '\+\s*(\d+)')::numeric, 0) * 0.5)
 as number_of_rooms,
            szobak_szama as number_of_rooms_raw,
            leiras as description,
            futes as heating,
            -- Converts human-readable numeric values to a number
-- "49,9 millió Ft" -> 49.9 
-- "65 m²" -> 65
-- Non-breaking spaces (chr(160)) are replaced to spaces
-- It returns NULL if the result is empty
nullif(
    replace(
        regexp_replace(
            replace(epites_eve, chr(160), ' '), 
            '[^0-9,]', '', 'g'
        ), ',', '.'
    ), ''
)::numeric as year_of_building,
            -- Converts human-readable numeric values to a number
-- "49,9 millió Ft" -> 49.9 
-- "65 m²" -> 65
-- Non-breaking spaces (chr(160)) are replaced to spaces
-- It returns NULL if the result is empty
nullif(
    replace(
        regexp_replace(
            replace(terasz, chr(160), ' '), 
            '[^0-9,]', '', 'g'
        ), ',', '.'
    ), ''
)::numeric as balcony_area,
            -- JJ (2016-2023-as besorolás) -> JJ
            regexp_replace(energetikai_besorolas, '\s+\(.*', '') as energy_rating,            
            -- Converts human-readable numeric values to a number
-- "49,9 millió Ft" -> 49.9 
-- "65 m²" -> 65
-- Non-breaking spaces (chr(160)) are replaced to spaces
-- It returns NULL if the result is empty
nullif(
    replace(
        regexp_replace(
            replace(szintek_szama, chr(160), ' '), 
            '[^0-9,]', '', 'g'
        ), ',', '.'
    ), ''
)::numeric as max_number_of_floors_in_building,
            created_at as observed_at,
            ingestion_run_id as ingestion_run_id,
            payload_hash as payload_hash,
            hirdeto_neve as seller_name,
            ingatlan_iroda_neve as real_estate_office_name,
            tipus as sub_type,
            case
                when tipus ilike '%ház%' then   'Ház'
                when tipus ilike '%lakás%' then 'Lakás'
                else null       -- this will cause a data test error
            end as main_type,
            case
                when allapot is null then   'Ismeretlen'
                when allapot = '' then      'Ismeretlen'
                else allapot
            end as condition
        from source
    )

select * from renamed
  );
[0m22:07:40.958552 [debug] [Thread-4 (]: Opening a new connection, currently in state closed
[0m22:07:40.972421 [debug] [Thread-4 (]: Postgres adapter: Postgres error: syntax error at or near "no"
LINE 11:         where ar is no null
                             ^

[0m22:07:40.972650 [debug] [Thread-4 (]: On model.ingatlanmizu.stg_zenga__listing_versions: ROLLBACK
[0m22:07:40.973350 [debug] [Thread-3 (]: SQL status: SELECT 1 in 0.017 seconds
[0m22:07:40.973591 [debug] [Thread-1 (]: SQL status: SELECT 1 in 0.036 seconds
[0m22:07:40.973851 [debug] [Thread-4 (]: On model.ingatlanmizu.stg_zenga__listing_versions: Close
[0m22:07:40.974046 [debug] [Thread-2 (]: SQL status: SELECT 1 in 0.017 seconds
[0m22:07:40.974799 [debug] [Thread-3 (]: On test.ingatlanmizu.source_not_null_bronze_zenga_observations_listing_code.5da4ccf477: ROLLBACK
[0m22:07:40.975491 [debug] [Thread-1 (]: On test.ingatlanmizu.source_not_null_bronze_zenga_observations_ingestion_run_id.8d02e16768: ROLLBACK
[0m22:07:40.976272 [debug] [Thread-2 (]: On test.ingatlanmizu.source_not_null_bronze_zenga_observations_observed_at.688ac514ce: ROLLBACK
[0m22:07:40.978739 [debug] [Thread-3 (]: On test.ingatlanmizu.source_not_null_bronze_zenga_observations_listing_code.5da4ccf477: Close
[0m22:07:40.978955 [debug] [Thread-1 (]: On test.ingatlanmizu.source_not_null_bronze_zenga_observations_ingestion_run_id.8d02e16768: Close
[0m22:07:40.979194 [debug] [Thread-2 (]: On test.ingatlanmizu.source_not_null_bronze_zenga_observations_observed_at.688ac514ce: Close
[0m22:07:40.979560 [info ] [Thread-3 (]: 6 of 102 PASS source_not_null_bronze_zenga_observations_listing_code ........... [[32mPASS[0m in 0.09s]
[0m22:07:40.979957 [info ] [Thread-1 (]: 5 of 102 PASS source_not_null_bronze_zenga_observations_ingestion_run_id ....... [[32mPASS[0m in 0.09s]
[0m22:07:40.980540 [debug] [Thread-3 (]: Finished running node test.ingatlanmizu.source_not_null_bronze_zenga_observations_listing_code.5da4ccf477
[0m22:07:40.980292 [info ] [Thread-2 (]: 7 of 102 PASS source_not_null_bronze_zenga_observations_observed_at ............ [[32mPASS[0m in 0.09s]
[0m22:07:40.980955 [debug] [Thread-1 (]: Finished running node test.ingatlanmizu.source_not_null_bronze_zenga_observations_ingestion_run_id.8d02e16768
[0m22:07:40.981367 [debug] [Thread-2 (]: Finished running node test.ingatlanmizu.source_not_null_bronze_zenga_observations_observed_at.688ac514ce
[0m22:07:40.981773 [debug] [Thread-3 (]: Began running node model.ingatlanmizu.stg_zenga__observations
[0m22:07:40.982110 [info ] [Thread-3 (]: 9 of 102 START sql view model silver.stg_zenga__observations ................... [RUN]
[0m22:07:40.982422 [debug] [Thread-3 (]: Re-using an available connection from the pool (formerly test.ingatlanmizu.source_not_null_bronze_zenga_observations_listing_code.5da4ccf477, now model.ingatlanmizu.stg_zenga__observations)
[0m22:07:40.982654 [debug] [Thread-3 (]: Began compiling node model.ingatlanmizu.stg_zenga__observations
[0m22:07:40.983749 [debug] [Thread-3 (]: Writing injected SQL for node "model.ingatlanmizu.stg_zenga__observations"
[0m22:07:40.984180 [debug] [Thread-3 (]: Began executing node model.ingatlanmizu.stg_zenga__observations
[0m22:07:40.985756 [debug] [Thread-3 (]: Writing runtime sql for node "model.ingatlanmizu.stg_zenga__observations"
[0m22:07:40.986112 [debug] [Thread-3 (]: Using postgres connection "model.ingatlanmizu.stg_zenga__observations"
[0m22:07:40.986377 [debug] [Thread-3 (]: On model.ingatlanmizu.stg_zenga__observations: /* {"app": "dbt", "dbt_version": "1.12.0", "profile_name": "ingatlanmizu", "target_name": "local", "node_id": "model.ingatlanmizu.stg_zenga__observations"} */

  create view "ingatlanmizu"."silver"."stg_zenga__observations__dbt_tmp"
    
    
  as (
    select 
    id as bronze_id,
    listing_code,
    observed_at,
    ingestion_run_id,
    concat('zenga', ':', listing_code) as listing_key,
    'zenga' as source
from "ingatlanmizu"."bronze"."zenga_observations"
  );
[0m22:07:40.986593 [debug] [Thread-3 (]: Opening a new connection, currently in state closed
[0m22:07:40.988543 [debug] [Thread-4 (]: Database Error in model stg_zenga__listing_versions (models/staging/zenga/stg_zenga__listing_versions.sql)
  syntax error at or near "no"
  LINE 11:         where ar is no null
                               ^
  compiled code at target/run/ingatlanmizu/models/staging/zenga/stg_zenga__listing_versions.sql
[0m22:07:40.989613 [debug] [Thread-4 (]: Sending event: {'category': 'dbt', 'action': 'run_model', 'label': '94a21f92-eac0-4252-9a70-88bf17112572', 'context': [<snowplow_tracker.self_describing_json.SelfDescribingJson object at 0x105ecbb60>]}
[0m22:07:40.989964 [error] [Thread-4 (]: 8 of 102 ERROR creating sql view model silver.stg_zenga__listing_versions ...... [[31mERROR[0m in 0.06s]
[0m22:07:40.990281 [debug] [Thread-4 (]: Finished running node model.ingatlanmizu.stg_zenga__listing_versions
[0m22:07:40.990572 [debug] [Thread-7 (]: Marking all children of 'model.ingatlanmizu.stg_zenga__listing_versions' to be skipped because of status 'error'.  Reason: Database Error in model stg_zenga__listing_versions (models/staging/zenga/stg_zenga__listing_versions.sql)
  syntax error at or near "no"
  LINE 11:         where ar is no null
                               ^
  compiled code at target/run/ingatlanmizu/models/staging/zenga/stg_zenga__listing_versions.sql.
[0m22:07:40.991305 [debug] [Thread-2 (]: Began running node test.ingatlanmizu.accepted_values_stg_zenga__listing_versions_condition__Ismeretlen___j_p_t_s____tlagos__Fel_j_tott__J_llapot____jszer___Fel_j_tand_.ef80ab98ea
[0m22:07:40.991522 [debug] [Thread-1 (]: Began running node test.ingatlanmizu.accepted_values_stg_zenga__listing_versions_energy_rating__JJ__J__I__H__G__F__E__D__C__B__A__A___A___A_.41dda72962
[0m22:07:40.991749 [debug] [Thread-4 (]: Began running node test.ingatlanmizu.accepted_values_stg_zenga__listing_versions_heating__H_szivatty___G_zkaz_n__Elektromos__G_z_konvektor___G_z__Cser_pk_lyha__Kandall___Kl_ma__Egy_b__Egy_b_kaz_n__Nincs_f_t_s__Padl_f_t_s__Vegyes_t_zel_s_kaz_n.3467996681
[0m22:07:40.991991 [info ] [Thread-2 (]: 10 of 102 SKIP test accepted_values_stg_zenga__listing_versions_condition__Ismeretlen___j_p_t_s____tlagos__Fel_j_tott__J_llapot____jszer___Fel_j_tand_  [[33mSKIP[0m]
[0m22:07:40.992276 [info ] [Thread-1 (]: 11 of 102 SKIP test accepted_values_stg_zenga__listing_versions_energy_rating__JJ__J__I__H__G__F__E__D__C__B__A__A___A___A_  [[33mSKIP[0m]
[0m22:07:40.992661 [info ] [Thread-4 (]: 12 of 102 SKIP test accepted_values_stg_zenga__listing_versions_heating__H_szivatty___G_zkaz_n__Elektromos__G_z_konvektor___G_z__Cser_pk_lyha__Kandall___Kl_ma__Egy_b__Egy_b_kaz_n__Nincs_f_t_s__Padl_f_t_s__Vegyes_t_zel_s_kaz_n  [[33mSKIP[0m]
[0m22:07:40.992953 [debug] [Thread-2 (]: Finished running node test.ingatlanmizu.accepted_values_stg_zenga__listing_versions_condition__Ismeretlen___j_p_t_s____tlagos__Fel_j_tott__J_llapot____jszer___Fel_j_tand_.ef80ab98ea
[0m22:07:40.993209 [debug] [Thread-1 (]: Finished running node test.ingatlanmizu.accepted_values_stg_zenga__listing_versions_energy_rating__JJ__J__I__H__G__F__E__D__C__B__A__A___A___A_.41dda72962
[0m22:07:40.993450 [debug] [Thread-4 (]: Finished running node test.ingatlanmizu.accepted_values_stg_zenga__listing_versions_heating__H_szivatty___G_zkaz_n__Elektromos__G_z_konvektor___G_z__Cser_pk_lyha__Kandall___Kl_ma__Egy_b__Egy_b_kaz_n__Nincs_f_t_s__Padl_f_t_s__Vegyes_t_zel_s_kaz_n.3467996681
[0m22:07:40.993680 [debug] [Thread-2 (]: Began running node test.ingatlanmizu.accepted_values_stg_zenga__listing_versions_main_type__H_z__Lak_s.e18f05b060
[0m22:07:40.993861 [debug] [Thread-7 (]: Marking all children of 'test.ingatlanmizu.accepted_values_stg_zenga__listing_versions_condition__Ismeretlen___j_p_t_s____tlagos__Fel_j_tott__J_llapot____jszer___Fel_j_tand_.ef80ab98ea' to be skipped because of status 'skipped'. 
[0m22:07:40.994084 [debug] [Thread-1 (]: Began running node test.ingatlanmizu.accepted_values_stg_zenga__listing_versions_source__zenga.99b4c3989e
[0m22:07:40.994311 [debug] [Thread-4 (]: Began running node test.ingatlanmizu.accepted_values_stg_zenga__listing_versions_sub_type__Ikerh_z__H_zr_sz__Sorh_z__Csal_di_h_z__Lak_s.052bdc29e2
[0m22:07:40.994536 [info ] [Thread-2 (]: 13 of 102 SKIP test accepted_values_stg_zenga__listing_versions_main_type__H_z__Lak_s  [[33mSKIP[0m]
[0m22:07:40.994788 [debug] [Thread-7 (]: Marking all children of 'test.ingatlanmizu.accepted_values_stg_zenga__listing_versions_energy_rating__JJ__J__I__H__G__F__E__D__C__B__A__A___A___A_.41dda72962' to be skipped because of status 'skipped'. 
[0m22:07:40.995037 [info ] [Thread-1 (]: 14 of 102 SKIP test accepted_values_stg_zenga__listing_versions_source__zenga .. [[33mSKIP[0m]
[0m22:07:40.995302 [info ] [Thread-4 (]: 15 of 102 SKIP test accepted_values_stg_zenga__listing_versions_sub_type__Ikerh_z__H_zr_sz__Sorh_z__Csal_di_h_z__Lak_s  [[33mSKIP[0m]
[0m22:07:40.995551 [debug] [Thread-2 (]: Finished running node test.ingatlanmizu.accepted_values_stg_zenga__listing_versions_main_type__H_z__Lak_s.e18f05b060
[0m22:07:40.995789 [debug] [Thread-7 (]: Marking all children of 'test.ingatlanmizu.accepted_values_stg_zenga__listing_versions_heating__H_szivatty___G_zkaz_n__Elektromos__G_z_konvektor___G_z__Cser_pk_lyha__Kandall___Kl_ma__Egy_b__Egy_b_kaz_n__Nincs_f_t_s__Padl_f_t_s__Vegyes_t_zel_s_kaz_n.3467996681' to be skipped because of status 'skipped'. 
[0m22:07:40.996034 [debug] [Thread-1 (]: Finished running node test.ingatlanmizu.accepted_values_stg_zenga__listing_versions_source__zenga.99b4c3989e
[0m22:07:40.996270 [debug] [Thread-4 (]: Finished running node test.ingatlanmizu.accepted_values_stg_zenga__listing_versions_sub_type__Ikerh_z__H_zr_sz__Sorh_z__Csal_di_h_z__Lak_s.052bdc29e2
[0m22:07:40.996475 [debug] [Thread-3 (]: SQL status: CREATE VIEW in 0.010 seconds
[0m22:07:40.996700 [debug] [Thread-2 (]: Began running node test.ingatlanmizu.dbt_expectations_expect_column_values_to_match_like_pattern_stg_zenga__listing_versions_listing_key__zenga_.97c745eef1
[0m22:07:40.996917 [debug] [Thread-7 (]: Marking all children of 'test.ingatlanmizu.accepted_values_stg_zenga__listing_versions_main_type__H_z__Lak_s.e18f05b060' to be skipped because of status 'skipped'. 
[0m22:07:40.997143 [debug] [Thread-1 (]: Began running node test.ingatlanmizu.dbt_utils_accepted_range_stg_zenga__listing_versions_area_sqm__10000__1.cbaa5a3741
[0m22:07:40.997369 [debug] [Thread-4 (]: Began running node test.ingatlanmizu.dbt_utils_accepted_range_stg_zenga__listing_versions_max_number_of_floors_in_building__500__0.e4ef28cc6c
[0m22:07:41.000426 [debug] [Thread-3 (]: Using postgres connection "model.ingatlanmizu.stg_zenga__observations"
[0m22:07:41.000921 [debug] [Thread-7 (]: Marking all children of 'test.ingatlanmizu.accepted_values_stg_zenga__listing_versions_source__zenga.99b4c3989e' to be skipped because of status 'skipped'. 
[0m22:07:41.000703 [info ] [Thread-2 (]: 16 of 102 SKIP test dbt_expectations_expect_column_values_to_match_like_pattern_stg_zenga__listing_versions_listing_key__zenga_  [[33mSKIP[0m]
[0m22:07:41.001218 [info ] [Thread-1 (]: 17 of 102 SKIP test dbt_utils_accepted_range_stg_zenga__listing_versions_area_sqm__10000__1  [[33mSKIP[0m]
[0m22:07:41.001491 [info ] [Thread-4 (]: 18 of 102 SKIP test dbt_utils_accepted_range_stg_zenga__listing_versions_max_number_of_floors_in_building__500__0  [[33mSKIP[0m]
[0m22:07:41.001755 [debug] [Thread-3 (]: On model.ingatlanmizu.stg_zenga__observations: /* {"app": "dbt", "dbt_version": "1.12.0", "profile_name": "ingatlanmizu", "target_name": "local", "node_id": "model.ingatlanmizu.stg_zenga__observations"} */
alter table "ingatlanmizu"."silver"."stg_zenga__observations" rename to "stg_zenga__observations__dbt_backup"
[0m22:07:41.001996 [debug] [Thread-7 (]: Marking all children of 'test.ingatlanmizu.accepted_values_stg_zenga__listing_versions_sub_type__Ikerh_z__H_zr_sz__Sorh_z__Csal_di_h_z__Lak_s.052bdc29e2' to be skipped because of status 'skipped'. 
[0m22:07:41.002223 [debug] [Thread-2 (]: Finished running node test.ingatlanmizu.dbt_expectations_expect_column_values_to_match_like_pattern_stg_zenga__listing_versions_listing_key__zenga_.97c745eef1
[0m22:07:41.002442 [debug] [Thread-1 (]: Finished running node test.ingatlanmizu.dbt_utils_accepted_range_stg_zenga__listing_versions_area_sqm__10000__1.cbaa5a3741
[0m22:07:41.002657 [debug] [Thread-4 (]: Finished running node test.ingatlanmizu.dbt_utils_accepted_range_stg_zenga__listing_versions_max_number_of_floors_in_building__500__0.e4ef28cc6c
[0m22:07:41.002949 [debug] [Thread-2 (]: Began running node test.ingatlanmizu.dbt_utils_accepted_range_stg_zenga__listing_versions_price_huf__False__0.4069239c52
[0m22:07:41.003131 [debug] [Thread-7 (]: Marking all children of 'test.ingatlanmizu.dbt_expectations_expect_column_values_to_match_like_pattern_stg_zenga__listing_versions_listing_key__zenga_.97c745eef1' to be skipped because of status 'skipped'. 
[0m22:07:41.003335 [debug] [Thread-3 (]: SQL status: ALTER TABLE in 0.000 seconds
[0m22:07:41.003553 [debug] [Thread-1 (]: Began running node test.ingatlanmizu.dbt_utils_accepted_range_stg_zenga__listing_versions_price_per_square_meter__10000000__100000.01a7d1164b
[0m22:07:41.003775 [debug] [Thread-4 (]: Began running node test.ingatlanmizu.dbt_utils_accepted_range_stg_zenga__listing_versions_year_of_building__2100__1800.43a59557c5
[0m22:07:41.003998 [info ] [Thread-2 (]: 19 of 102 SKIP test dbt_utils_accepted_range_stg_zenga__listing_versions_price_huf__False__0  [[33mSKIP[0m]
[0m22:07:41.004235 [debug] [Thread-7 (]: Marking all children of 'test.ingatlanmizu.dbt_utils_accepted_range_stg_zenga__listing_versions_area_sqm__10000__1.cbaa5a3741' to be skipped because of status 'skipped'. 
[0m22:07:41.005298 [debug] [Thread-3 (]: Using postgres connection "model.ingatlanmizu.stg_zenga__observations"
[0m22:07:41.005650 [info ] [Thread-1 (]: 20 of 102 SKIP test dbt_utils_accepted_range_stg_zenga__listing_versions_price_per_square_meter__10000000__100000  [[33mSKIP[0m]
[0m22:07:41.005929 [info ] [Thread-4 (]: 21 of 102 SKIP test dbt_utils_accepted_range_stg_zenga__listing_versions_year_of_building__2100__1800  [[33mSKIP[0m]
[0m22:07:41.006187 [debug] [Thread-2 (]: Finished running node test.ingatlanmizu.dbt_utils_accepted_range_stg_zenga__listing_versions_price_huf__False__0.4069239c52
[0m22:07:41.006401 [debug] [Thread-7 (]: Marking all children of 'test.ingatlanmizu.dbt_utils_accepted_range_stg_zenga__listing_versions_max_number_of_floors_in_building__500__0.e4ef28cc6c' to be skipped because of status 'skipped'. 
[0m22:07:41.006617 [debug] [Thread-3 (]: On model.ingatlanmizu.stg_zenga__observations: /* {"app": "dbt", "dbt_version": "1.12.0", "profile_name": "ingatlanmizu", "target_name": "local", "node_id": "model.ingatlanmizu.stg_zenga__observations"} */
alter table "ingatlanmizu"."silver"."stg_zenga__observations__dbt_tmp" rename to "stg_zenga__observations"
[0m22:07:41.006828 [debug] [Thread-1 (]: Finished running node test.ingatlanmizu.dbt_utils_accepted_range_stg_zenga__listing_versions_price_per_square_meter__10000000__100000.01a7d1164b
[0m22:07:41.007032 [debug] [Thread-4 (]: Finished running node test.ingatlanmizu.dbt_utils_accepted_range_stg_zenga__listing_versions_year_of_building__2100__1800.43a59557c5
[0m22:07:41.007239 [debug] [Thread-2 (]: Began running node test.ingatlanmizu.dbt_utils_unique_combination_of_columns_stg_zenga__listing_versions_listing_code__payload_hash.4747e65fd8
[0m22:07:41.007438 [debug] [Thread-7 (]: Marking all children of 'test.ingatlanmizu.dbt_utils_accepted_range_stg_zenga__listing_versions_price_huf__False__0.4069239c52' to be skipped because of status 'skipped'. 
[0m22:07:41.007702 [debug] [Thread-1 (]: Began running node test.ingatlanmizu.not_empty_stg_zenga__listing_versions_city.9fb88cb052
[0m22:07:41.007932 [debug] [Thread-4 (]: Began running node test.ingatlanmizu.not_empty_stg_zenga__listing_versions_condition.8c2da70523
[0m22:07:41.008133 [debug] [Thread-3 (]: SQL status: ALTER TABLE in 0.000 seconds
[0m22:07:41.008351 [info ] [Thread-2 (]: 22 of 102 SKIP test dbt_utils_unique_combination_of_columns_stg_zenga__listing_versions_listing_code__payload_hash  [[33mSKIP[0m]
[0m22:07:41.008591 [debug] [Thread-7 (]: Marking all children of 'test.ingatlanmizu.dbt_utils_accepted_range_stg_zenga__listing_versions_price_per_square_meter__10000000__100000.01a7d1164b' to be skipped because of status 'skipped'. 
[0m22:07:41.008814 [info ] [Thread-1 (]: 23 of 102 SKIP test not_empty_stg_zenga__listing_versions_city ................. [[33mSKIP[0m]
[0m22:07:41.009052 [info ] [Thread-4 (]: 24 of 102 SKIP test not_empty_stg_zenga__listing_versions_condition ............ [[33mSKIP[0m]
[0m22:07:41.018482 [debug] [Thread-3 (]: On model.ingatlanmizu.stg_zenga__observations: COMMIT
[0m22:07:41.018748 [debug] [Thread-2 (]: Finished running node test.ingatlanmizu.dbt_utils_unique_combination_of_columns_stg_zenga__listing_versions_listing_code__payload_hash.4747e65fd8
[0m22:07:41.018978 [debug] [Thread-7 (]: Marking all children of 'test.ingatlanmizu.dbt_utils_accepted_range_stg_zenga__listing_versions_year_of_building__2100__1800.43a59557c5' to be skipped because of status 'skipped'. 
[0m22:07:41.019204 [debug] [Thread-1 (]: Finished running node test.ingatlanmizu.not_empty_stg_zenga__listing_versions_city.9fb88cb052
[0m22:07:41.019417 [debug] [Thread-4 (]: Finished running node test.ingatlanmizu.not_empty_stg_zenga__listing_versions_condition.8c2da70523
[0m22:07:41.021694 [debug] [Thread-3 (]: Using postgres connection "model.ingatlanmizu.stg_zenga__observations"
[0m22:07:41.022591 [debug] [Thread-2 (]: Began running node test.ingatlanmizu.not_empty_stg_zenga__listing_versions_listing_code.e42ffc8646
[0m22:07:41.023193 [debug] [Thread-7 (]: Marking all children of 'test.ingatlanmizu.dbt_utils_unique_combination_of_columns_stg_zenga__listing_versions_listing_code__payload_hash.4747e65fd8' to be skipped because of status 'skipped'. 
[0m22:07:41.023893 [debug] [Thread-1 (]: Began running node test.ingatlanmizu.not_empty_stg_zenga__listing_versions_listing_key.0aa242c5e3
[0m22:07:41.026040 [debug] [Thread-4 (]: Began running node test.ingatlanmizu.not_empty_stg_zenga__listing_versions_location_detail.8938ea0c2d
[0m22:07:41.029105 [debug] [Thread-3 (]: On model.ingatlanmizu.stg_zenga__observations: COMMIT
[0m22:07:41.030613 [info ] [Thread-2 (]: 25 of 102 SKIP test not_empty_stg_zenga__listing_versions_listing_code ......... [[33mSKIP[0m]
[0m22:07:41.032241 [debug] [Thread-7 (]: Marking all children of 'test.ingatlanmizu.not_empty_stg_zenga__listing_versions_city.9fb88cb052' to be skipped because of status 'skipped'. 
[0m22:07:41.032536 [info ] [Thread-1 (]: 26 of 102 SKIP test not_empty_stg_zenga__listing_versions_listing_key .......... [[33mSKIP[0m]
[0m22:07:41.032803 [info ] [Thread-4 (]: 27 of 102 SKIP test not_empty_stg_zenga__listing_versions_location_detail ...... [[33mSKIP[0m]
[0m22:07:41.033718 [debug] [Thread-2 (]: Finished running node test.ingatlanmizu.not_empty_stg_zenga__listing_versions_listing_code.e42ffc8646
[0m22:07:41.034041 [debug] [Thread-7 (]: Marking all children of 'test.ingatlanmizu.not_empty_stg_zenga__listing_versions_condition.8c2da70523' to be skipped because of status 'skipped'. 
[0m22:07:41.036217 [debug] [Thread-1 (]: Finished running node test.ingatlanmizu.not_empty_stg_zenga__listing_versions_listing_key.0aa242c5e3
[0m22:07:41.036886 [debug] [Thread-4 (]: Finished running node test.ingatlanmizu.not_empty_stg_zenga__listing_versions_location_detail.8938ea0c2d
[0m22:07:41.037189 [debug] [Thread-2 (]: Began running node test.ingatlanmizu.not_empty_stg_zenga__listing_versions_main_type.9b3692f555
[0m22:07:41.040121 [debug] [Thread-7 (]: Marking all children of 'test.ingatlanmizu.not_empty_stg_zenga__listing_versions_listing_code.e42ffc8646' to be skipped because of status 'skipped'. 
[0m22:07:41.043054 [debug] [Thread-1 (]: Began running node test.ingatlanmizu.not_null_stg_zenga__listing_versions_area_sqm.9319e521c4
[0m22:07:41.043369 [debug] [Thread-4 (]: Began running node test.ingatlanmizu.not_null_stg_zenga__listing_versions_city.4a3002d577
[0m22:07:41.044696 [info ] [Thread-2 (]: 28 of 102 SKIP test not_empty_stg_zenga__listing_versions_main_type ............ [[33mSKIP[0m]
[0m22:07:41.047273 [debug] [Thread-7 (]: Marking all children of 'test.ingatlanmizu.not_empty_stg_zenga__listing_versions_listing_key.0aa242c5e3' to be skipped because of status 'skipped'. 
[0m22:07:41.047685 [info ] [Thread-1 (]: 29 of 102 SKIP test not_null_stg_zenga__listing_versions_area_sqm .............. [[33mSKIP[0m]
[0m22:07:41.047954 [info ] [Thread-4 (]: 30 of 102 SKIP test not_null_stg_zenga__listing_versions_city .................. [[33mSKIP[0m]
[0m22:07:41.048203 [debug] [Thread-2 (]: Finished running node test.ingatlanmizu.not_empty_stg_zenga__listing_versions_main_type.9b3692f555
[0m22:07:41.048509 [debug] [Thread-7 (]: Marking all children of 'test.ingatlanmizu.not_empty_stg_zenga__listing_versions_location_detail.8938ea0c2d' to be skipped because of status 'skipped'. 
[0m22:07:41.048775 [debug] [Thread-1 (]: Finished running node test.ingatlanmizu.not_null_stg_zenga__listing_versions_area_sqm.9319e521c4
[0m22:07:41.049069 [debug] [Thread-4 (]: Finished running node test.ingatlanmizu.not_null_stg_zenga__listing_versions_city.4a3002d577
[0m22:07:41.049316 [debug] [Thread-2 (]: Began running node test.ingatlanmizu.not_null_stg_zenga__listing_versions_condition.2575d91fe4
[0m22:07:41.049600 [debug] [Thread-7 (]: Marking all children of 'test.ingatlanmizu.not_empty_stg_zenga__listing_versions_main_type.9b3692f555' to be skipped because of status 'skipped'. 
[0m22:07:41.050047 [debug] [Thread-1 (]: Began running node test.ingatlanmizu.not_null_stg_zenga__listing_versions_listing_code.b87ae3642b
[0m22:07:41.050341 [debug] [Thread-4 (]: Began running node test.ingatlanmizu.not_null_stg_zenga__listing_versions_listing_key.2899abec39
[0m22:07:41.051531 [debug] [Thread-3 (]: SQL status: COMMIT in 0.018 seconds
[0m22:07:41.052581 [info ] [Thread-2 (]: 31 of 102 SKIP test not_null_stg_zenga__listing_versions_condition ............. [[33mSKIP[0m]
[0m22:07:41.099211 [debug] [Thread-2 (]: Finished running node test.ingatlanmizu.not_null_stg_zenga__listing_versions_condition.2575d91fe4
[0m22:07:41.099503 [debug] [Thread-2 (]: Began running node test.ingatlanmizu.not_null_stg_zenga__listing_versions_main_type.3e2c8e2ad8
[0m22:07:41.099750 [info ] [Thread-2 (]: 34 of 102 SKIP test not_null_stg_zenga__listing_versions_main_type ............. [[33mSKIP[0m]
[0m22:07:41.053336 [debug] [Thread-7 (]: Marking all children of 'test.ingatlanmizu.not_null_stg_zenga__listing_versions_area_sqm.9319e521c4' to be skipped because of status 'skipped'. 
[0m22:07:41.098865 [debug] [Thread-3 (]: Applying DROP to: "ingatlanmizu"."silver"."stg_zenga__observations__dbt_backup"
[0m22:07:41.109238 [debug] [Thread-2 (]: Finished running node test.ingatlanmizu.not_null_stg_zenga__listing_versions_main_type.3e2c8e2ad8
[0m22:07:41.055986 [info ] [Thread-4 (]: 33 of 102 SKIP test not_null_stg_zenga__listing_versions_listing_key ........... [[33mSKIP[0m]
[0m22:07:41.054531 [info ] [Thread-1 (]: 32 of 102 SKIP test not_null_stg_zenga__listing_versions_listing_code .......... [[33mSKIP[0m]
[0m22:07:41.124929 [debug] [Thread-7 (]: Marking all children of 'test.ingatlanmizu.not_null_stg_zenga__listing_versions_city.4a3002d577' to be skipped because of status 'skipped'. 
[0m22:07:41.127882 [debug] [Thread-3 (]: Using postgres connection "model.ingatlanmizu.stg_zenga__observations"
[0m22:07:41.128229 [debug] [Thread-2 (]: Began running node test.ingatlanmizu.not_null_stg_zenga__listing_versions_price_huf.b9a90c0955
[0m22:07:41.128526 [debug] [Thread-4 (]: Finished running node test.ingatlanmizu.not_null_stg_zenga__listing_versions_listing_key.2899abec39
[0m22:07:41.128768 [debug] [Thread-1 (]: Finished running node test.ingatlanmizu.not_null_stg_zenga__listing_versions_listing_code.b87ae3642b
[0m22:07:41.129026 [debug] [Thread-7 (]: Marking all children of 'test.ingatlanmizu.not_null_stg_zenga__listing_versions_condition.2575d91fe4' to be skipped because of status 'skipped'. 
[0m22:07:41.129266 [debug] [Thread-3 (]: On model.ingatlanmizu.stg_zenga__observations: /* {"app": "dbt", "dbt_version": "1.12.0", "profile_name": "ingatlanmizu", "target_name": "local", "node_id": "model.ingatlanmizu.stg_zenga__observations"} */
drop view if exists "ingatlanmizu"."silver"."stg_zenga__observations__dbt_backup" cascade
[0m22:07:41.129515 [info ] [Thread-2 (]: 35 of 102 SKIP test not_null_stg_zenga__listing_versions_price_huf ............. [[33mSKIP[0m]
[0m22:07:41.129772 [debug] [Thread-4 (]: Began running node test.ingatlanmizu.not_null_stg_zenga__listing_versions_price_per_square_meter.af4ff9ea29
[0m22:07:41.130040 [debug] [Thread-7 (]: Marking all children of 'test.ingatlanmizu.not_null_stg_zenga__listing_versions_main_type.3e2c8e2ad8' to be skipped because of status 'skipped'. 
[0m22:07:41.130413 [debug] [Thread-2 (]: Finished running node test.ingatlanmizu.not_null_stg_zenga__listing_versions_price_huf.b9a90c0955
[0m22:07:41.130670 [info ] [Thread-4 (]: 36 of 102 SKIP test not_null_stg_zenga__listing_versions_price_per_square_meter  [[33mSKIP[0m]
[0m22:07:41.130929 [debug] [Thread-7 (]: Marking all children of 'test.ingatlanmizu.not_null_stg_zenga__listing_versions_listing_key.2899abec39' to be skipped because of status 'skipped'. 
[0m22:07:41.131201 [debug] [Thread-4 (]: Finished running node test.ingatlanmizu.not_null_stg_zenga__listing_versions_price_per_square_meter.af4ff9ea29
[0m22:07:41.131423 [debug] [Thread-7 (]: Marking all children of 'test.ingatlanmizu.not_null_stg_zenga__listing_versions_listing_code.b87ae3642b' to be skipped because of status 'skipped'. 
[0m22:07:41.131681 [debug] [Thread-7 (]: Marking all children of 'test.ingatlanmizu.not_null_stg_zenga__listing_versions_price_huf.b9a90c0955' to be skipped because of status 'skipped'. 
[0m22:07:41.134206 [debug] [Thread-7 (]: Marking all children of 'test.ingatlanmizu.not_null_stg_zenga__listing_versions_price_per_square_meter.af4ff9ea29' to be skipped because of status 'skipped'. 
[0m22:07:41.137856 [debug] [Thread-3 (]: SQL status: DROP VIEW in 0.007 seconds
[0m22:07:41.138903 [debug] [Thread-3 (]: On model.ingatlanmizu.stg_zenga__observations: Close
[0m22:07:41.139347 [debug] [Thread-3 (]: Sending event: {'category': 'dbt', 'action': 'run_model', 'label': '94a21f92-eac0-4252-9a70-88bf17112572', 'context': [<snowplow_tracker.self_describing_json.SelfDescribingJson object at 0x1088b47a0>]}
[0m22:07:41.146059 [info ] [Thread-3 (]: 9 of 102 OK created sql view model silver.stg_zenga__observations .............. [[32mCREATE VIEW[0m in 0.16s]
[0m22:07:41.146509 [debug] [Thread-3 (]: Finished running node model.ingatlanmizu.stg_zenga__observations
[0m22:07:41.147156 [debug] [Thread-1 (]: Began running node model.ingatlanmizu.int_listing_versions__unioned
[0m22:07:41.147532 [info ] [Thread-1 (]: 37 of 102 SKIP relation silver.int_listing_versions__unioned ................... [[33mSKIP[0m]
[0m22:07:41.147810 [debug] [Thread-4 (]: Began running node test.ingatlanmizu.accepted_values_stg_zenga__observations_source__zenga.6ae9ea7eb1
[0m22:07:41.148040 [debug] [Thread-1 (]: Finished running node model.ingatlanmizu.int_listing_versions__unioned
[0m22:07:41.148245 [debug] [Thread-3 (]: Began running node test.ingatlanmizu.dbt_expectations_expect_column_values_to_match_like_pattern_stg_zenga__observations_listing_key__zenga_.015ea176e5
[0m22:07:41.148459 [debug] [Thread-2 (]: Began running node test.ingatlanmizu.dbt_utils_unique_combination_of_columns_stg_zenga__observations_listing_code__observed_at.b75ef5b85d
[0m22:07:41.148698 [info ] [Thread-4 (]: 38 of 102 START test accepted_values_stg_zenga__observations_source__zenga ..... [RUN]
[0m22:07:41.148950 [debug] [Thread-1 (]: Began running node test.ingatlanmizu.not_empty_stg_zenga__observations_listing_code.922f6021c1
[0m22:07:41.149150 [debug] [Thread-7 (]: Marking all children of 'model.ingatlanmizu.int_listing_versions__unioned' to be skipped because of status 'skipped'. 
[0m22:07:41.149359 [info ] [Thread-3 (]: 39 of 102 START test dbt_expectations_expect_column_values_to_match_like_pattern_stg_zenga__observations_listing_key__zenga_  [RUN]
[0m22:07:41.149634 [info ] [Thread-2 (]: 40 of 102 START test dbt_utils_unique_combination_of_columns_stg_zenga__observations_listing_code__observed_at  [RUN]
[0m22:07:41.149982 [debug] [Thread-4 (]: Re-using an available connection from the pool (formerly model.ingatlanmizu.stg_zenga__listing_versions, now test.ingatlanmizu.accepted_values_stg_zenga__observations_source__zenga.6ae9ea7eb1)
[0m22:07:41.150214 [info ] [Thread-1 (]: 41 of 102 START test not_empty_stg_zenga__observations_listing_code ............ [RUN]
[0m22:07:41.150616 [debug] [Thread-3 (]: Re-using an available connection from the pool (formerly model.ingatlanmizu.stg_zenga__observations, now test.ingatlanmizu.dbt_expectations_expect_column_values_to_match_like_pattern_stg_zenga__observations_listing_key__zenga_.015ea176e5)
[0m22:07:41.150861 [debug] [Thread-2 (]: Re-using an available connection from the pool (formerly test.ingatlanmizu.source_not_null_bronze_zenga_observations_observed_at.688ac514ce, now test.ingatlanmizu.dbt_utils_unique_combination_of_columns_stg_zenga__observations_listing_code__observed_at.b75ef5b85d)
[0m22:07:41.151074 [debug] [Thread-4 (]: Began compiling node test.ingatlanmizu.accepted_values_stg_zenga__observations_source__zenga.6ae9ea7eb1
[0m22:07:41.151291 [debug] [Thread-1 (]: Re-using an available connection from the pool (formerly test.ingatlanmizu.source_not_null_bronze_zenga_observations_ingestion_run_id.8d02e16768, now test.ingatlanmizu.not_empty_stg_zenga__observations_listing_code.922f6021c1)
[0m22:07:41.151519 [debug] [Thread-3 (]: Began compiling node test.ingatlanmizu.dbt_expectations_expect_column_values_to_match_like_pattern_stg_zenga__observations_listing_key__zenga_.015ea176e5
[0m22:07:41.151736 [debug] [Thread-2 (]: Began compiling node test.ingatlanmizu.dbt_utils_unique_combination_of_columns_stg_zenga__observations_listing_code__observed_at.b75ef5b85d
[0m22:07:41.156219 [debug] [Thread-4 (]: Writing injected SQL for node "test.ingatlanmizu.accepted_values_stg_zenga__observations_source__zenga.6ae9ea7eb1"
[0m22:07:41.156481 [debug] [Thread-1 (]: Began compiling node test.ingatlanmizu.not_empty_stg_zenga__observations_listing_code.922f6021c1
[0m22:07:41.159876 [debug] [Thread-3 (]: Writing injected SQL for node "test.ingatlanmizu.dbt_expectations_expect_column_values_to_match_like_pattern_stg_zenga__observations_listing_key__zenga_.015ea176e5"
[0m22:07:41.163161 [debug] [Thread-2 (]: Writing injected SQL for node "test.ingatlanmizu.dbt_utils_unique_combination_of_columns_stg_zenga__observations_listing_code__observed_at.b75ef5b85d"
[0m22:07:41.166449 [debug] [Thread-1 (]: Writing injected SQL for node "test.ingatlanmizu.not_empty_stg_zenga__observations_listing_code.922f6021c1"
[0m22:07:41.166779 [debug] [Thread-4 (]: Began executing node test.ingatlanmizu.accepted_values_stg_zenga__observations_source__zenga.6ae9ea7eb1
[0m22:07:41.167611 [debug] [Thread-4 (]: Writing runtime sql for node "test.ingatlanmizu.accepted_values_stg_zenga__observations_source__zenga.6ae9ea7eb1"
[0m22:07:41.167830 [debug] [Thread-3 (]: Began executing node test.ingatlanmizu.dbt_expectations_expect_column_values_to_match_like_pattern_stg_zenga__observations_listing_key__zenga_.015ea176e5
[0m22:07:41.168152 [debug] [Thread-2 (]: Began executing node test.ingatlanmizu.dbt_utils_unique_combination_of_columns_stg_zenga__observations_listing_code__observed_at.b75ef5b85d
[0m22:07:41.168889 [debug] [Thread-3 (]: Writing runtime sql for node "test.ingatlanmizu.dbt_expectations_expect_column_values_to_match_like_pattern_stg_zenga__observations_listing_key__zenga_.015ea176e5"
[0m22:07:41.169092 [debug] [Thread-1 (]: Began executing node test.ingatlanmizu.not_empty_stg_zenga__observations_listing_code.922f6021c1
[0m22:07:41.169896 [debug] [Thread-2 (]: Writing runtime sql for node "test.ingatlanmizu.dbt_utils_unique_combination_of_columns_stg_zenga__observations_listing_code__observed_at.b75ef5b85d"
[0m22:07:41.170157 [debug] [Thread-4 (]: Using postgres connection "test.ingatlanmizu.accepted_values_stg_zenga__observations_source__zenga.6ae9ea7eb1"
[0m22:07:41.170915 [debug] [Thread-1 (]: Writing runtime sql for node "test.ingatlanmizu.not_empty_stg_zenga__observations_listing_code.922f6021c1"
[0m22:07:41.171225 [debug] [Thread-4 (]: On test.ingatlanmizu.accepted_values_stg_zenga__observations_source__zenga.6ae9ea7eb1: /* {"app": "dbt", "dbt_version": "1.12.0", "profile_name": "ingatlanmizu", "target_name": "local", "node_id": "test.ingatlanmizu.accepted_values_stg_zenga__observations_source__zenga.6ae9ea7eb1"} */

    
    select
      count(*) as failures,
      count(*) != 0 as should_warn,
      count(*) != 0 as should_error
    from (
      
    
  
    
    

with all_values as (

    select
        source as value_field,
        count(*) as n_records

    from "ingatlanmizu"."silver"."stg_zenga__observations"
    group by source

)

select *
from all_values
where value_field not in (
    'zenga'
)



  
  
      
    ) dbt_internal_test
[0m22:07:41.171483 [debug] [Thread-3 (]: Using postgres connection "test.ingatlanmizu.dbt_expectations_expect_column_values_to_match_like_pattern_stg_zenga__observations_listing_key__zenga_.015ea176e5"
[0m22:07:41.171774 [debug] [Thread-2 (]: Using postgres connection "test.ingatlanmizu.dbt_utils_unique_combination_of_columns_stg_zenga__observations_listing_code__observed_at.b75ef5b85d"
[0m22:07:41.171999 [debug] [Thread-4 (]: Opening a new connection, currently in state closed
[0m22:07:41.172206 [debug] [Thread-1 (]: Using postgres connection "test.ingatlanmizu.not_empty_stg_zenga__observations_listing_code.922f6021c1"
[0m22:07:41.172447 [debug] [Thread-3 (]: On test.ingatlanmizu.dbt_expectations_expect_column_values_to_match_like_pattern_stg_zenga__observations_listing_key__zenga_.015ea176e5: /* {"app": "dbt", "dbt_version": "1.12.0", "profile_name": "ingatlanmizu", "target_name": "local", "node_id": "test.ingatlanmizu.dbt_expectations_expect_column_values_to_match_like_pattern_stg_zenga__observations_listing_key__zenga_.015ea176e5"} */

    
    select
      count(*) as failures,
      count(*) != 0 as should_warn,
      count(*) != 0 as should_error
    from (
      
    
  




    with grouped_expression as (
    select
        
        
    
  
listing_key  like 'zenga:%'
 as expression


    from "ingatlanmizu"."silver"."stg_zenga__observations"
    

),
validation_errors as (

    select
        *
    from
        grouped_expression
    where
        not(expression = true)

)

select *
from validation_errors





  
  
      
    ) dbt_internal_test
[0m22:07:41.172704 [debug] [Thread-2 (]: On test.ingatlanmizu.dbt_utils_unique_combination_of_columns_stg_zenga__observations_listing_code__observed_at.b75ef5b85d: /* {"app": "dbt", "dbt_version": "1.12.0", "profile_name": "ingatlanmizu", "target_name": "local", "node_id": "test.ingatlanmizu.dbt_utils_unique_combination_of_columns_stg_zenga__observations_listing_code__observed_at.b75ef5b85d"} */

    
    select
      count(*) as failures,
      count(*) != 0 as should_warn,
      count(*) != 0 as should_error
    from (
      
    
  





with validation_errors as (

    select
        listing_code, observed_at
    from "ingatlanmizu"."silver"."stg_zenga__observations"
    group by listing_code, observed_at
    having count(*) > 1

)

select *
from validation_errors



  
  
      
    ) dbt_internal_test
[0m22:07:41.173006 [debug] [Thread-1 (]: On test.ingatlanmizu.not_empty_stg_zenga__observations_listing_code.922f6021c1: /* {"app": "dbt", "dbt_version": "1.12.0", "profile_name": "ingatlanmizu", "target_name": "local", "node_id": "test.ingatlanmizu.not_empty_stg_zenga__observations_listing_code.922f6021c1"} */

    
    select
      count(*) as failures,
      count(*) != 0 as should_warn,
      count(*) != 0 as should_error
    from (
      
    
  

select *
from "ingatlanmizu"."silver"."stg_zenga__observations"
where trim(listing_code) = ''


  
  
      
    ) dbt_internal_test
[0m22:07:41.173239 [debug] [Thread-3 (]: Opening a new connection, currently in state closed
[0m22:07:41.173455 [debug] [Thread-2 (]: Opening a new connection, currently in state closed
[0m22:07:41.173663 [debug] [Thread-1 (]: Opening a new connection, currently in state closed
[0m22:07:41.189436 [debug] [Thread-4 (]: SQL status: SELECT 1 in 0.017 seconds
[0m22:07:41.190541 [debug] [Thread-4 (]: On test.ingatlanmizu.accepted_values_stg_zenga__observations_source__zenga.6ae9ea7eb1: ROLLBACK
[0m22:07:41.190947 [debug] [Thread-1 (]: SQL status: SELECT 1 in 0.017 seconds
[0m22:07:41.191237 [debug] [Thread-3 (]: SQL status: SELECT 1 in 0.018 seconds
[0m22:07:41.191491 [debug] [Thread-4 (]: On test.ingatlanmizu.accepted_values_stg_zenga__observations_source__zenga.6ae9ea7eb1: Close
[0m22:07:41.191721 [debug] [Thread-2 (]: SQL status: SELECT 1 in 0.018 seconds
[0m22:07:41.192445 [debug] [Thread-1 (]: On test.ingatlanmizu.not_empty_stg_zenga__observations_listing_code.922f6021c1: ROLLBACK
[0m22:07:41.193153 [debug] [Thread-3 (]: On test.ingatlanmizu.dbt_expectations_expect_column_values_to_match_like_pattern_stg_zenga__observations_listing_key__zenga_.015ea176e5: ROLLBACK
[0m22:07:41.193543 [info ] [Thread-4 (]: 38 of 102 PASS accepted_values_stg_zenga__observations_source__zenga ........... [[32mPASS[0m in 0.04s]
[0m22:07:41.194307 [debug] [Thread-2 (]: On test.ingatlanmizu.dbt_utils_unique_combination_of_columns_stg_zenga__observations_listing_code__observed_at.b75ef5b85d: ROLLBACK
[0m22:07:41.194697 [debug] [Thread-4 (]: Finished running node test.ingatlanmizu.accepted_values_stg_zenga__observations_source__zenga.6ae9ea7eb1
[0m22:07:41.194932 [debug] [Thread-1 (]: On test.ingatlanmizu.not_empty_stg_zenga__observations_listing_code.922f6021c1: Close
[0m22:07:41.195151 [debug] [Thread-3 (]: On test.ingatlanmizu.dbt_expectations_expect_column_values_to_match_like_pattern_stg_zenga__observations_listing_key__zenga_.015ea176e5: Close
[0m22:07:41.195422 [debug] [Thread-4 (]: Began running node test.ingatlanmizu.not_empty_stg_zenga__observations_listing_key.f2137beef3
[0m22:07:41.195679 [debug] [Thread-2 (]: On test.ingatlanmizu.dbt_utils_unique_combination_of_columns_stg_zenga__observations_listing_code__observed_at.b75ef5b85d: Close
[0m22:07:41.196056 [info ] [Thread-1 (]: 41 of 102 PASS not_empty_stg_zenga__observations_listing_code .................. [[32mPASS[0m in 0.04s]
[0m22:07:41.196428 [info ] [Thread-3 (]: 39 of 102 PASS dbt_expectations_expect_column_values_to_match_like_pattern_stg_zenga__observations_listing_key__zenga_  [[32mPASS[0m in 0.05s]
[0m22:07:41.196703 [info ] [Thread-4 (]: 42 of 102 START test not_empty_stg_zenga__observations_listing_key ............. [RUN]
[0m22:07:41.197055 [info ] [Thread-2 (]: 40 of 102 PASS dbt_utils_unique_combination_of_columns_stg_zenga__observations_listing_code__observed_at  [[32mPASS[0m in 0.05s]
[0m22:07:41.197413 [debug] [Thread-1 (]: Finished running node test.ingatlanmizu.not_empty_stg_zenga__observations_listing_code.922f6021c1
[0m22:07:41.197738 [debug] [Thread-3 (]: Finished running node test.ingatlanmizu.dbt_expectations_expect_column_values_to_match_like_pattern_stg_zenga__observations_listing_key__zenga_.015ea176e5
[0m22:07:41.198037 [debug] [Thread-4 (]: Re-using an available connection from the pool (formerly test.ingatlanmizu.accepted_values_stg_zenga__observations_source__zenga.6ae9ea7eb1, now test.ingatlanmizu.not_empty_stg_zenga__observations_listing_key.f2137beef3)
[0m22:07:41.198333 [debug] [Thread-2 (]: Finished running node test.ingatlanmizu.dbt_utils_unique_combination_of_columns_stg_zenga__observations_listing_code__observed_at.b75ef5b85d
[0m22:07:41.198588 [debug] [Thread-1 (]: Began running node test.ingatlanmizu.not_null_stg_zenga__observations_bronze_id.2fd483376c
[0m22:07:41.198861 [debug] [Thread-3 (]: Began running node test.ingatlanmizu.not_null_stg_zenga__observations_ingestion_run_id.ced996d52c
[0m22:07:41.199102 [debug] [Thread-4 (]: Began compiling node test.ingatlanmizu.not_empty_stg_zenga__observations_listing_key.f2137beef3
[0m22:07:41.199324 [debug] [Thread-2 (]: Began running node test.ingatlanmizu.not_null_stg_zenga__observations_listing_code.c911cddbcc
[0m22:07:41.199602 [info ] [Thread-1 (]: 43 of 102 START test not_null_stg_zenga__observations_bronze_id ................ [RUN]
[0m22:07:41.199851 [info ] [Thread-3 (]: 44 of 102 START test not_null_stg_zenga__observations_ingestion_run_id ......... [RUN]
[0m22:07:41.203329 [debug] [Thread-4 (]: Writing injected SQL for node "test.ingatlanmizu.not_empty_stg_zenga__observations_listing_key.f2137beef3"
[0m22:07:41.203604 [info ] [Thread-2 (]: 45 of 102 START test not_null_stg_zenga__observations_listing_code ............. [RUN]
[0m22:07:41.203889 [debug] [Thread-1 (]: Re-using an available connection from the pool (formerly test.ingatlanmizu.not_empty_stg_zenga__observations_listing_code.922f6021c1, now test.ingatlanmizu.not_null_stg_zenga__observations_bronze_id.2fd483376c)
[0m22:07:41.204122 [debug] [Thread-3 (]: Re-using an available connection from the pool (formerly test.ingatlanmizu.dbt_expectations_expect_column_values_to_match_like_pattern_stg_zenga__observations_listing_key__zenga_.015ea176e5, now test.ingatlanmizu.not_null_stg_zenga__observations_ingestion_run_id.ced996d52c)
[0m22:07:41.204428 [debug] [Thread-2 (]: Re-using an available connection from the pool (formerly test.ingatlanmizu.dbt_utils_unique_combination_of_columns_stg_zenga__observations_listing_code__observed_at.b75ef5b85d, now test.ingatlanmizu.not_null_stg_zenga__observations_listing_code.c911cddbcc)
[0m22:07:41.204699 [debug] [Thread-1 (]: Began compiling node test.ingatlanmizu.not_null_stg_zenga__observations_bronze_id.2fd483376c
[0m22:07:41.204928 [debug] [Thread-3 (]: Began compiling node test.ingatlanmizu.not_null_stg_zenga__observations_ingestion_run_id.ced996d52c
[0m22:07:41.205148 [debug] [Thread-4 (]: Began executing node test.ingatlanmizu.not_empty_stg_zenga__observations_listing_key.f2137beef3
[0m22:07:41.205342 [debug] [Thread-2 (]: Began compiling node test.ingatlanmizu.not_null_stg_zenga__observations_listing_code.c911cddbcc
[0m22:07:41.208793 [debug] [Thread-1 (]: Writing injected SQL for node "test.ingatlanmizu.not_null_stg_zenga__observations_bronze_id.2fd483376c"
[0m22:07:41.212064 [debug] [Thread-3 (]: Writing injected SQL for node "test.ingatlanmizu.not_null_stg_zenga__observations_ingestion_run_id.ced996d52c"
[0m22:07:41.212832 [debug] [Thread-4 (]: Writing runtime sql for node "test.ingatlanmizu.not_empty_stg_zenga__observations_listing_key.f2137beef3"
[0m22:07:41.216018 [debug] [Thread-2 (]: Writing injected SQL for node "test.ingatlanmizu.not_null_stg_zenga__observations_listing_code.c911cddbcc"
[0m22:07:41.216446 [debug] [Thread-1 (]: Began executing node test.ingatlanmizu.not_null_stg_zenga__observations_bronze_id.2fd483376c
[0m22:07:41.216664 [debug] [Thread-3 (]: Began executing node test.ingatlanmizu.not_null_stg_zenga__observations_ingestion_run_id.ced996d52c
[0m22:07:41.217453 [debug] [Thread-1 (]: Writing runtime sql for node "test.ingatlanmizu.not_null_stg_zenga__observations_bronze_id.2fd483376c"
[0m22:07:41.217734 [debug] [Thread-4 (]: Using postgres connection "test.ingatlanmizu.not_empty_stg_zenga__observations_listing_key.f2137beef3"
[0m22:07:41.219115 [debug] [Thread-3 (]: Writing runtime sql for node "test.ingatlanmizu.not_null_stg_zenga__observations_ingestion_run_id.ced996d52c"
[0m22:07:41.219341 [debug] [Thread-2 (]: Began executing node test.ingatlanmizu.not_null_stg_zenga__observations_listing_code.c911cddbcc
[0m22:07:41.219623 [debug] [Thread-4 (]: On test.ingatlanmizu.not_empty_stg_zenga__observations_listing_key.f2137beef3: /* {"app": "dbt", "dbt_version": "1.12.0", "profile_name": "ingatlanmizu", "target_name": "local", "node_id": "test.ingatlanmizu.not_empty_stg_zenga__observations_listing_key.f2137beef3"} */

    
    select
      count(*) as failures,
      count(*) != 0 as should_warn,
      count(*) != 0 as should_error
    from (
      
    
  

select *
from "ingatlanmizu"."silver"."stg_zenga__observations"
where trim(listing_key) = ''


  
  
      
    ) dbt_internal_test
[0m22:07:41.220440 [debug] [Thread-2 (]: Writing runtime sql for node "test.ingatlanmizu.not_null_stg_zenga__observations_listing_code.c911cddbcc"
[0m22:07:41.220669 [debug] [Thread-1 (]: Using postgres connection "test.ingatlanmizu.not_null_stg_zenga__observations_bronze_id.2fd483376c"
[0m22:07:41.220905 [debug] [Thread-4 (]: Opening a new connection, currently in state closed
[0m22:07:41.221132 [debug] [Thread-3 (]: Using postgres connection "test.ingatlanmizu.not_null_stg_zenga__observations_ingestion_run_id.ced996d52c"
[0m22:07:41.221403 [debug] [Thread-1 (]: On test.ingatlanmizu.not_null_stg_zenga__observations_bronze_id.2fd483376c: /* {"app": "dbt", "dbt_version": "1.12.0", "profile_name": "ingatlanmizu", "target_name": "local", "node_id": "test.ingatlanmizu.not_null_stg_zenga__observations_bronze_id.2fd483376c"} */

    
    select
      count(*) as failures,
      count(*) != 0 as should_warn,
      count(*) != 0 as should_error
    from (
      
    
  
    
    



select bronze_id
from "ingatlanmizu"."silver"."stg_zenga__observations"
where bronze_id is null



  
  
      
    ) dbt_internal_test
[0m22:07:41.221712 [debug] [Thread-2 (]: Using postgres connection "test.ingatlanmizu.not_null_stg_zenga__observations_listing_code.c911cddbcc"
[0m22:07:41.221942 [debug] [Thread-3 (]: On test.ingatlanmizu.not_null_stg_zenga__observations_ingestion_run_id.ced996d52c: /* {"app": "dbt", "dbt_version": "1.12.0", "profile_name": "ingatlanmizu", "target_name": "local", "node_id": "test.ingatlanmizu.not_null_stg_zenga__observations_ingestion_run_id.ced996d52c"} */

    
    select
      count(*) as failures,
      count(*) != 0 as should_warn,
      count(*) != 0 as should_error
    from (
      
    
  
    
    



select ingestion_run_id
from "ingatlanmizu"."silver"."stg_zenga__observations"
where ingestion_run_id is null



  
  
      
    ) dbt_internal_test
[0m22:07:41.222170 [debug] [Thread-1 (]: Opening a new connection, currently in state closed
[0m22:07:41.222386 [debug] [Thread-2 (]: On test.ingatlanmizu.not_null_stg_zenga__observations_listing_code.c911cddbcc: /* {"app": "dbt", "dbt_version": "1.12.0", "profile_name": "ingatlanmizu", "target_name": "local", "node_id": "test.ingatlanmizu.not_null_stg_zenga__observations_listing_code.c911cddbcc"} */

    
    select
      count(*) as failures,
      count(*) != 0 as should_warn,
      count(*) != 0 as should_error
    from (
      
    
  
    
    



select listing_code
from "ingatlanmizu"."silver"."stg_zenga__observations"
where listing_code is null



  
  
      
    ) dbt_internal_test
[0m22:07:41.222599 [debug] [Thread-3 (]: Opening a new connection, currently in state closed
[0m22:07:41.222846 [debug] [Thread-2 (]: Opening a new connection, currently in state closed
[0m22:07:41.239521 [debug] [Thread-2 (]: SQL status: SELECT 1 in 0.017 seconds
[0m22:07:41.239815 [debug] [Thread-3 (]: SQL status: SELECT 1 in 0.017 seconds
[0m22:07:41.240045 [debug] [Thread-4 (]: SQL status: SELECT 1 in 0.019 seconds
[0m22:07:41.240309 [debug] [Thread-1 (]: SQL status: SELECT 1 in 0.018 seconds
[0m22:07:41.241350 [debug] [Thread-2 (]: On test.ingatlanmizu.not_null_stg_zenga__observations_listing_code.c911cddbcc: ROLLBACK
[0m22:07:41.242467 [debug] [Thread-3 (]: On test.ingatlanmizu.not_null_stg_zenga__observations_ingestion_run_id.ced996d52c: ROLLBACK
[0m22:07:41.243223 [debug] [Thread-4 (]: On test.ingatlanmizu.not_empty_stg_zenga__observations_listing_key.f2137beef3: ROLLBACK
[0m22:07:41.277171 [debug] [Thread-1 (]: On test.ingatlanmizu.not_null_stg_zenga__observations_bronze_id.2fd483376c: ROLLBACK
[0m22:07:41.283451 [debug] [Thread-4 (]: On test.ingatlanmizu.not_empty_stg_zenga__observations_listing_key.f2137beef3: Close
[0m22:07:41.283965 [info ] [Thread-4 (]: 42 of 102 PASS not_empty_stg_zenga__observations_listing_key ................... [[32mPASS[0m in 0.09s]
[0m22:07:41.284345 [debug] [Thread-4 (]: Finished running node test.ingatlanmizu.not_empty_stg_zenga__observations_listing_key.f2137beef3
[0m22:07:41.286885 [debug] [Thread-4 (]: Began running node test.ingatlanmizu.not_null_stg_zenga__observations_listing_key.aca095ea93
[0m22:07:41.287168 [info ] [Thread-4 (]: 46 of 102 START test not_null_stg_zenga__observations_listing_key .............. [RUN]
[0m22:07:41.287485 [debug] [Thread-4 (]: Re-using an available connection from the pool (formerly test.ingatlanmizu.not_empty_stg_zenga__observations_listing_key.f2137beef3, now test.ingatlanmizu.not_null_stg_zenga__observations_listing_key.aca095ea93)
[0m22:07:41.287726 [debug] [Thread-4 (]: Began compiling node test.ingatlanmizu.not_null_stg_zenga__observations_listing_key.aca095ea93
[0m22:07:41.303863 [debug] [Thread-4 (]: Writing injected SQL for node "test.ingatlanmizu.not_null_stg_zenga__observations_listing_key.aca095ea93"
[0m22:07:41.304204 [debug] [Thread-1 (]: On test.ingatlanmizu.not_null_stg_zenga__observations_bronze_id.2fd483376c: Close
[0m22:07:41.304443 [debug] [Thread-2 (]: On test.ingatlanmizu.not_null_stg_zenga__observations_listing_code.c911cddbcc: Close
[0m22:07:41.304722 [debug] [Thread-3 (]: On test.ingatlanmizu.not_null_stg_zenga__observations_ingestion_run_id.ced996d52c: Close
[0m22:07:41.307951 [debug] [Thread-4 (]: Began executing node test.ingatlanmizu.not_null_stg_zenga__observations_listing_key.aca095ea93
[0m22:07:41.309056 [debug] [Thread-4 (]: Writing runtime sql for node "test.ingatlanmizu.not_null_stg_zenga__observations_listing_key.aca095ea93"
[0m22:07:41.310613 [debug] [Thread-4 (]: Using postgres connection "test.ingatlanmizu.not_null_stg_zenga__observations_listing_key.aca095ea93"
[0m22:07:41.310895 [debug] [Thread-4 (]: On test.ingatlanmizu.not_null_stg_zenga__observations_listing_key.aca095ea93: /* {"app": "dbt", "dbt_version": "1.12.0", "profile_name": "ingatlanmizu", "target_name": "local", "node_id": "test.ingatlanmizu.not_null_stg_zenga__observations_listing_key.aca095ea93"} */

    
    select
      count(*) as failures,
      count(*) != 0 as should_warn,
      count(*) != 0 as should_error
    from (
      
    
  
    
    



select listing_key
from "ingatlanmizu"."silver"."stg_zenga__observations"
where listing_key is null



  
  
      
    ) dbt_internal_test
[0m22:07:41.311130 [debug] [Thread-4 (]: Opening a new connection, currently in state closed
[0m22:07:41.305331 [info ] [Thread-1 (]: 43 of 102 PASS not_null_stg_zenga__observations_bronze_id ...................... [[32mPASS[0m in 0.10s]
[0m22:07:41.319402 [debug] [Thread-1 (]: Finished running node test.ingatlanmizu.not_null_stg_zenga__observations_bronze_id.2fd483376c
[0m22:07:41.319699 [debug] [Thread-1 (]: Began running node test.ingatlanmizu.dbt_utils_unique_combination_of_columns_int_listing_versions__unioned_listing_key__payload_hash.c343765c93
[0m22:07:41.305681 [info ] [Thread-2 (]: 45 of 102 PASS not_null_stg_zenga__observations_listing_code ................... [[32mPASS[0m in 0.10s]
[0m22:07:41.320353 [debug] [Thread-2 (]: Finished running node test.ingatlanmizu.not_null_stg_zenga__observations_listing_code.c911cddbcc
[0m22:07:41.320596 [debug] [Thread-2 (]: Began running node test.ingatlanmizu.not_null_int_listing_versions__unioned_listing_key.2344813f8e
[0m22:07:41.320824 [info ] [Thread-2 (]: 48 of 102 SKIP test not_null_int_listing_versions__unioned_listing_key ......... [[33mSKIP[0m]
[0m22:07:41.321104 [debug] [Thread-2 (]: Finished running node test.ingatlanmizu.not_null_int_listing_versions__unioned_listing_key.2344813f8e
[0m22:07:41.321367 [debug] [Thread-2 (]: Began running node test.ingatlanmizu.not_null_int_listing_versions__unioned_source.4391e07ade
[0m22:07:41.306008 [info ] [Thread-3 (]: 44 of 102 PASS not_null_stg_zenga__observations_ingestion_run_id ............... [[32mPASS[0m in 0.10s]
[0m22:07:41.321894 [debug] [Thread-3 (]: Finished running node test.ingatlanmizu.not_null_stg_zenga__observations_ingestion_run_id.ced996d52c
[0m22:07:41.320002 [info ] [Thread-1 (]: 47 of 102 SKIP test dbt_utils_unique_combination_of_columns_int_listing_versions__unioned_listing_key__payload_hash  [[33mSKIP[0m]
[0m22:07:41.322272 [debug] [Thread-1 (]: Finished running node test.ingatlanmizu.dbt_utils_unique_combination_of_columns_int_listing_versions__unioned_listing_key__payload_hash.c343765c93
[0m22:07:41.322610 [debug] [Thread-7 (]: Marking all children of 'test.ingatlanmizu.not_null_int_listing_versions__unioned_listing_key.2344813f8e' to be skipped because of status 'skipped'. 
[0m22:07:41.322863 [debug] [Thread-7 (]: Marking all children of 'test.ingatlanmizu.dbt_utils_unique_combination_of_columns_int_listing_versions__unioned_listing_key__payload_hash.c343765c93' to be skipped because of status 'skipped'. 
[0m22:07:41.321590 [info ] [Thread-2 (]: 49 of 102 SKIP test not_null_int_listing_versions__unioned_source .............. [[33mSKIP[0m]
[0m22:07:41.323205 [debug] [Thread-2 (]: Finished running node test.ingatlanmizu.not_null_int_listing_versions__unioned_source.4391e07ade
[0m22:07:41.323435 [debug] [Thread-7 (]: Marking all children of 'test.ingatlanmizu.not_null_int_listing_versions__unioned_source.4391e07ade' to be skipped because of status 'skipped'. 
[0m22:07:41.323775 [debug] [Thread-3 (]: Began running node model.ingatlanmizu.int_listings__current
[0m22:07:41.324232 [info ] [Thread-3 (]: 50 of 102 SKIP relation silver.int_listings__current ........................... [[33mSKIP[0m]
[0m22:07:41.324473 [debug] [Thread-3 (]: Finished running node model.ingatlanmizu.int_listings__current
[0m22:07:41.324007 [debug] [Thread-1 (]: Began running node model.ingatlanmizu.int_listings__price_changes
[0m22:07:41.324720 [info ] [Thread-1 (]: 51 of 102 SKIP relation silver.int_listings__price_changes ..................... [[33mSKIP[0m]
[0m22:07:41.324949 [debug] [Thread-1 (]: Finished running node model.ingatlanmizu.int_listings__price_changes
[0m22:07:41.325166 [debug] [Thread-7 (]: Marking all children of 'model.ingatlanmizu.int_listings__current' to be skipped because of status 'skipped'. 
[0m22:07:41.325383 [debug] [Thread-7 (]: Marking all children of 'model.ingatlanmizu.int_listings__price_changes' to be skipped because of status 'skipped'. 
[0m22:07:41.325757 [debug] [Thread-3 (]: Began running node test.ingatlanmizu.dbt_utils_accepted_range_int_listings__price_changes_new_price_huf__False__0.7e9fb7eed1
[0m22:07:41.325977 [info ] [Thread-3 (]: 52 of 102 SKIP test dbt_utils_accepted_range_int_listings__price_changes_new_price_huf__False__0  [[33mSKIP[0m]
[0m22:07:41.326224 [debug] [Thread-1 (]: Began running node test.ingatlanmizu.dbt_utils_accepted_range_int_listings__price_changes_previous_price_huf__False__0.bafbe0136e
[0m22:07:41.326472 [debug] [Thread-3 (]: Finished running node test.ingatlanmizu.dbt_utils_accepted_range_int_listings__price_changes_new_price_huf__False__0.7e9fb7eed1
[0m22:07:41.326690 [debug] [Thread-2 (]: Began running node test.ingatlanmizu.dbt_utils_unique_combination_of_columns_int_listings__current_listing_key.43e9b83b9e
[0m22:07:41.326937 [info ] [Thread-1 (]: 53 of 102 SKIP test dbt_utils_accepted_range_int_listings__price_changes_previous_price_huf__False__0  [[33mSKIP[0m]
[0m22:07:41.327186 [debug] [Thread-3 (]: Began running node test.ingatlanmizu.dbt_utils_unique_combination_of_columns_int_listings__price_changes_listing_key__previous_price_huf__new_price_huf.cfc8495a17
[0m22:07:41.327391 [debug] [Thread-7 (]: Marking all children of 'test.ingatlanmizu.dbt_utils_accepted_range_int_listings__price_changes_new_price_huf__False__0.7e9fb7eed1' to be skipped because of status 'skipped'. 
[0m22:07:41.327706 [info ] [Thread-2 (]: 54 of 102 SKIP test dbt_utils_unique_combination_of_columns_int_listings__current_listing_key  [[33mSKIP[0m]
[0m22:07:41.327980 [debug] [Thread-1 (]: Finished running node test.ingatlanmizu.dbt_utils_accepted_range_int_listings__price_changes_previous_price_huf__False__0.bafbe0136e
[0m22:07:41.328225 [info ] [Thread-3 (]: 55 of 102 SKIP test dbt_utils_unique_combination_of_columns_int_listings__price_changes_listing_key__previous_price_huf__new_price_huf  [[33mSKIP[0m]
[0m22:07:41.328534 [debug] [Thread-2 (]: Finished running node test.ingatlanmizu.dbt_utils_unique_combination_of_columns_int_listings__current_listing_key.43e9b83b9e
[0m22:07:41.328771 [debug] [Thread-4 (]: SQL status: SELECT 1 in 0.018 seconds
[0m22:07:41.329001 [debug] [Thread-1 (]: Began running node test.ingatlanmizu.not_null_int_listings__current_listing_key.ad61725a0d
[0m22:07:41.329199 [debug] [Thread-7 (]: Marking all children of 'test.ingatlanmizu.dbt_utils_accepted_range_int_listings__price_changes_previous_price_huf__False__0.bafbe0136e' to be skipped because of status 'skipped'. 
[0m22:07:41.329423 [debug] [Thread-3 (]: Finished running node test.ingatlanmizu.dbt_utils_unique_combination_of_columns_int_listings__price_changes_listing_key__previous_price_huf__new_price_huf.cfc8495a17
[0m22:07:41.329651 [debug] [Thread-2 (]: Began running node test.ingatlanmizu.not_null_int_listings__current_source.0e111ad576
[0m22:07:41.330578 [debug] [Thread-4 (]: On test.ingatlanmizu.not_null_stg_zenga__observations_listing_key.aca095ea93: ROLLBACK
[0m22:07:41.330836 [info ] [Thread-1 (]: 56 of 102 SKIP test not_null_int_listings__current_listing_key ................. [[33mSKIP[0m]
[0m22:07:41.331080 [debug] [Thread-7 (]: Marking all children of 'test.ingatlanmizu.dbt_utils_unique_combination_of_columns_int_listings__current_listing_key.43e9b83b9e' to be skipped because of status 'skipped'. 
[0m22:07:41.331308 [debug] [Thread-3 (]: Began running node test.ingatlanmizu.not_null_int_listings__price_changes_listing_key.758d0ea57b
[0m22:07:41.331521 [info ] [Thread-2 (]: 57 of 102 SKIP test not_null_int_listings__current_source ...................... [[33mSKIP[0m]
[0m22:07:41.331804 [debug] [Thread-1 (]: Finished running node test.ingatlanmizu.not_null_int_listings__current_listing_key.ad61725a0d
[0m22:07:41.332040 [debug] [Thread-4 (]: On test.ingatlanmizu.not_null_stg_zenga__observations_listing_key.aca095ea93: Close
[0m22:07:41.332263 [debug] [Thread-7 (]: Marking all children of 'test.ingatlanmizu.dbt_utils_unique_combination_of_columns_int_listings__price_changes_listing_key__previous_price_huf__new_price_huf.cfc8495a17' to be skipped because of status 'skipped'. 
[0m22:07:41.332501 [info ] [Thread-3 (]: 58 of 102 SKIP test not_null_int_listings__price_changes_listing_key ........... [[33mSKIP[0m]
[0m22:07:41.332763 [debug] [Thread-2 (]: Finished running node test.ingatlanmizu.not_null_int_listings__current_source.0e111ad576
[0m22:07:41.333007 [debug] [Thread-1 (]: Began running node test.ingatlanmizu.not_null_int_listings__price_changes_new_price_huf.fe9d374c7e
[0m22:07:41.333398 [info ] [Thread-4 (]: 46 of 102 PASS not_null_stg_zenga__observations_listing_key .................... [[32mPASS[0m in 0.05s]
[0m22:07:41.333636 [debug] [Thread-7 (]: Marking all children of 'test.ingatlanmizu.not_null_int_listings__current_listing_key.ad61725a0d' to be skipped because of status 'skipped'. 
[0m22:07:41.333876 [debug] [Thread-3 (]: Finished running node test.ingatlanmizu.not_null_int_listings__price_changes_listing_key.758d0ea57b
[0m22:07:41.334109 [debug] [Thread-2 (]: Began running node test.ingatlanmizu.not_null_int_listings__price_changes_previous_price_huf.e352144212
[0m22:07:41.334348 [info ] [Thread-1 (]: 59 of 102 SKIP test not_null_int_listings__price_changes_new_price_huf ......... [[33mSKIP[0m]
[0m22:07:41.334653 [debug] [Thread-4 (]: Finished running node test.ingatlanmizu.not_null_stg_zenga__observations_listing_key.aca095ea93
[0m22:07:41.334866 [debug] [Thread-7 (]: Marking all children of 'test.ingatlanmizu.not_null_int_listings__current_source.0e111ad576' to be skipped because of status 'skipped'. 
[0m22:07:41.335094 [debug] [Thread-3 (]: Began running node test.ingatlanmizu.not_null_int_listings__price_changes_price_change_pct.ef6faa40a5
[0m22:07:41.335320 [info ] [Thread-2 (]: 60 of 102 SKIP test not_null_int_listings__price_changes_previous_price_huf .... [[33mSKIP[0m]
[0m22:07:41.335608 [debug] [Thread-1 (]: Finished running node test.ingatlanmizu.not_null_int_listings__price_changes_new_price_huf.fe9d374c7e
[0m22:07:41.335856 [debug] [Thread-4 (]: Began running node test.ingatlanmizu.not_null_int_listings__price_changes_price_delta_huf.56ccf3bb12
[0m22:07:41.336092 [debug] [Thread-7 (]: Marking all children of 'test.ingatlanmizu.not_null_int_listings__price_changes_listing_key.758d0ea57b' to be skipped because of status 'skipped'. 
[0m22:07:41.336334 [info ] [Thread-3 (]: 61 of 102 SKIP test not_null_int_listings__price_changes_price_change_pct ...... [[33mSKIP[0m]
[0m22:07:41.336578 [debug] [Thread-2 (]: Finished running node test.ingatlanmizu.not_null_int_listings__price_changes_previous_price_huf.e352144212
[0m22:07:41.336800 [debug] [Thread-1 (]: Began running node test.ingatlanmizu.unique_int_listings__current_listing_key.d6ebb9d6ca
[0m22:07:41.337033 [info ] [Thread-4 (]: 62 of 102 SKIP test not_null_int_listings__price_changes_price_delta_huf ....... [[33mSKIP[0m]
[0m22:07:41.337279 [debug] [Thread-7 (]: Marking all children of 'test.ingatlanmizu.not_null_int_listings__price_changes_new_price_huf.fe9d374c7e' to be skipped because of status 'skipped'. 
[0m22:07:41.337561 [debug] [Thread-3 (]: Finished running node test.ingatlanmizu.not_null_int_listings__price_changes_price_change_pct.ef6faa40a5
[0m22:07:41.337811 [debug] [Thread-2 (]: Began running node model.ingatlanmizu.int_observations__unioned
[0m22:07:41.338025 [info ] [Thread-1 (]: 63 of 102 SKIP test unique_int_listings__current_listing_key ................... [[33mSKIP[0m]
[0m22:07:41.338257 [debug] [Thread-4 (]: Finished running node test.ingatlanmizu.not_null_int_listings__price_changes_price_delta_huf.56ccf3bb12
[0m22:07:41.338456 [debug] [Thread-7 (]: Marking all children of 'test.ingatlanmizu.not_null_int_listings__price_changes_previous_price_huf.e352144212' to be skipped because of status 'skipped'. 
[0m22:07:41.338757 [info ] [Thread-2 (]: 64 of 102 START sql view model silver.int_observations__unioned ................ [RUN]
[0m22:07:41.339049 [debug] [Thread-1 (]: Finished running node test.ingatlanmizu.unique_int_listings__current_listing_key.d6ebb9d6ca
[0m22:07:41.339284 [debug] [Thread-7 (]: Marking all children of 'test.ingatlanmizu.not_null_int_listings__price_changes_price_change_pct.ef6faa40a5' to be skipped because of status 'skipped'. 
[0m22:07:41.339541 [debug] [Thread-2 (]: Re-using an available connection from the pool (formerly test.ingatlanmizu.not_null_stg_zenga__observations_listing_code.c911cddbcc, now model.ingatlanmizu.int_observations__unioned)
[0m22:07:41.339772 [debug] [Thread-7 (]: Marking all children of 'test.ingatlanmizu.not_null_int_listings__price_changes_price_delta_huf.56ccf3bb12' to be skipped because of status 'skipped'. 
[0m22:07:41.339982 [debug] [Thread-2 (]: Began compiling node model.ingatlanmizu.int_observations__unioned
[0m22:07:41.340177 [debug] [Thread-7 (]: Marking all children of 'test.ingatlanmizu.unique_int_listings__current_listing_key.d6ebb9d6ca' to be skipped because of status 'skipped'. 
[0m22:07:41.341252 [debug] [Thread-2 (]: Writing injected SQL for node "model.ingatlanmizu.int_observations__unioned"
[0m22:07:41.341572 [debug] [Thread-3 (]: Began running node model.ingatlanmizu.mart_listings_current
[0m22:07:41.341835 [info ] [Thread-3 (]: 65 of 102 SKIP relation gold.mart_listings_current ............................. [[33mSKIP[0m]
[0m22:07:41.342069 [debug] [Thread-3 (]: Finished running node model.ingatlanmizu.mart_listings_current
[0m22:07:41.342277 [debug] [Thread-7 (]: Marking all children of 'model.ingatlanmizu.mart_listings_current' to be skipped because of status 'skipped'. 
[0m22:07:41.342581 [debug] [Thread-1 (]: Began running node test.ingatlanmizu.dbt_utils_unique_combination_of_columns_mart_listings_current_listing_key.fc41e8e7ea
[0m22:07:41.342989 [debug] [Thread-4 (]: Began running node test.ingatlanmizu.not_null_mart_listings_current_listing_key.369a2bce35
[0m22:07:41.342823 [info ] [Thread-1 (]: 66 of 102 SKIP test dbt_utils_unique_combination_of_columns_mart_listings_current_listing_key  [[33mSKIP[0m]
[0m22:07:41.343259 [debug] [Thread-3 (]: Began running node test.ingatlanmizu.not_null_mart_listings_current_original_price_huf.1cefc46f7e
[0m22:07:41.343499 [info ] [Thread-4 (]: 67 of 102 SKIP test not_null_mart_listings_current_listing_key ................. [[33mSKIP[0m]
[0m22:07:41.343728 [debug] [Thread-2 (]: Began executing node model.ingatlanmizu.int_observations__unioned
[0m22:07:41.343950 [debug] [Thread-1 (]: Finished running node test.ingatlanmizu.dbt_utils_unique_combination_of_columns_mart_listings_current_listing_key.fc41e8e7ea
[0m22:07:41.344170 [info ] [Thread-3 (]: 68 of 102 SKIP test not_null_mart_listings_current_original_price_huf .......... [[33mSKIP[0m]
[0m22:07:41.344404 [debug] [Thread-4 (]: Finished running node test.ingatlanmizu.not_null_mart_listings_current_listing_key.369a2bce35
[0m22:07:41.345898 [debug] [Thread-2 (]: Writing runtime sql for node "model.ingatlanmizu.int_observations__unioned"
[0m22:07:41.346136 [debug] [Thread-1 (]: Began running node test.ingatlanmizu.not_null_mart_listings_current_price_change_pct.b17c5467bb
[0m22:07:41.346307 [debug] [Thread-7 (]: Marking all children of 'test.ingatlanmizu.dbt_utils_unique_combination_of_columns_mart_listings_current_listing_key.fc41e8e7ea' to be skipped because of status 'skipped'. 
[0m22:07:41.346532 [debug] [Thread-3 (]: Finished running node test.ingatlanmizu.not_null_mart_listings_current_original_price_huf.1cefc46f7e
[0m22:07:41.346748 [debug] [Thread-4 (]: Began running node test.ingatlanmizu.not_null_mart_listings_current_price_delta_huf.26a81ff6ce
[0m22:07:41.347013 [info ] [Thread-1 (]: 69 of 102 SKIP test not_null_mart_listings_current_price_change_pct ............ [[33mSKIP[0m]
[0m22:07:41.347254 [debug] [Thread-7 (]: Marking all children of 'test.ingatlanmizu.not_null_mart_listings_current_listing_key.369a2bce35' to be skipped because of status 'skipped'. 
[0m22:07:41.347489 [debug] [Thread-2 (]: Using postgres connection "model.ingatlanmizu.int_observations__unioned"
[0m22:07:41.347735 [info ] [Thread-4 (]: 70 of 102 SKIP test not_null_mart_listings_current_price_delta_huf ............. [[33mSKIP[0m]
[0m22:07:41.347968 [debug] [Thread-1 (]: Finished running node test.ingatlanmizu.not_null_mart_listings_current_price_change_pct.b17c5467bb
[0m22:07:41.348175 [debug] [Thread-7 (]: Marking all children of 'test.ingatlanmizu.not_null_mart_listings_current_original_price_huf.1cefc46f7e' to be skipped because of status 'skipped'. 
[0m22:07:41.348404 [debug] [Thread-2 (]: On model.ingatlanmizu.int_observations__unioned: /* {"app": "dbt", "dbt_version": "1.12.0", "profile_name": "ingatlanmizu", "target_name": "local", "node_id": "model.ingatlanmizu.int_observations__unioned"} */

  create view "ingatlanmizu"."silver"."int_observations__unioned__dbt_tmp"
    
    
  as (
    select 
    *
from "ingatlanmizu"."silver"."stg_zenga__observations"
  );
[0m22:07:41.348633 [debug] [Thread-4 (]: Finished running node test.ingatlanmizu.not_null_mart_listings_current_price_delta_huf.26a81ff6ce
[0m22:07:41.348869 [debug] [Thread-7 (]: Marking all children of 'test.ingatlanmizu.not_null_mart_listings_current_price_change_pct.b17c5467bb' to be skipped because of status 'skipped'. 
[0m22:07:41.349071 [debug] [Thread-2 (]: Opening a new connection, currently in state closed
[0m22:07:41.349282 [debug] [Thread-7 (]: Marking all children of 'test.ingatlanmizu.not_null_mart_listings_current_price_delta_huf.26a81ff6ce' to be skipped because of status 'skipped'. 
[0m22:07:41.357845 [debug] [Thread-2 (]: SQL status: CREATE VIEW in 0.009 seconds
[0m22:07:41.359134 [debug] [Thread-2 (]: Using postgres connection "model.ingatlanmizu.int_observations__unioned"
[0m22:07:41.359492 [debug] [Thread-2 (]: On model.ingatlanmizu.int_observations__unioned: /* {"app": "dbt", "dbt_version": "1.12.0", "profile_name": "ingatlanmizu", "target_name": "local", "node_id": "model.ingatlanmizu.int_observations__unioned"} */
alter table "ingatlanmizu"."silver"."int_observations__unioned__dbt_tmp" rename to "int_observations__unioned"
[0m22:07:41.359980 [debug] [Thread-2 (]: SQL status: ALTER TABLE in 0.000 seconds
[0m22:07:41.360804 [debug] [Thread-2 (]: On model.ingatlanmizu.int_observations__unioned: COMMIT
[0m22:07:41.361029 [debug] [Thread-2 (]: Using postgres connection "model.ingatlanmizu.int_observations__unioned"
[0m22:07:41.361229 [debug] [Thread-2 (]: On model.ingatlanmizu.int_observations__unioned: COMMIT
[0m22:07:41.361945 [debug] [Thread-2 (]: SQL status: COMMIT in 0.001 seconds
[0m22:07:41.362747 [debug] [Thread-2 (]: Applying DROP to: "ingatlanmizu"."silver"."int_observations__unioned__dbt_backup"
[0m22:07:41.363090 [debug] [Thread-2 (]: Using postgres connection "model.ingatlanmizu.int_observations__unioned"
[0m22:07:41.363303 [debug] [Thread-2 (]: On model.ingatlanmizu.int_observations__unioned: /* {"app": "dbt", "dbt_version": "1.12.0", "profile_name": "ingatlanmizu", "target_name": "local", "node_id": "model.ingatlanmizu.int_observations__unioned"} */
drop view if exists "ingatlanmizu"."silver"."int_observations__unioned__dbt_backup" cascade
[0m22:07:41.363711 [debug] [Thread-2 (]: SQL status: DROP VIEW in 0.000 seconds
[0m22:07:41.364418 [debug] [Thread-2 (]: On model.ingatlanmizu.int_observations__unioned: Close
[0m22:07:41.364741 [debug] [Thread-2 (]: Sending event: {'category': 'dbt', 'action': 'run_model', 'label': '94a21f92-eac0-4252-9a70-88bf17112572', 'context': [<snowplow_tracker.self_describing_json.SelfDescribingJson object at 0x1088e4dd0>]}
[0m22:07:41.365106 [info ] [Thread-2 (]: 64 of 102 OK created sql view model silver.int_observations__unioned ........... [[32mCREATE VIEW[0m in 0.03s]
[0m22:07:41.365429 [debug] [Thread-2 (]: Finished running node model.ingatlanmizu.int_observations__unioned
[0m22:07:41.365913 [debug] [Thread-3 (]: Began running node test.ingatlanmizu.dbt_utils_unique_combination_of_columns_int_observations__unioned_listing_key__observed_at.8a8e346e14
[0m22:07:41.366126 [debug] [Thread-1 (]: Began running node test.ingatlanmizu.not_empty_int_observations__unioned_listing_code.c41adba39b
[0m22:07:41.366357 [debug] [Thread-4 (]: Began running node test.ingatlanmizu.not_empty_int_observations__unioned_listing_key.f6a9ae74c2
[0m22:07:41.366560 [debug] [Thread-2 (]: Began running node test.ingatlanmizu.not_empty_int_observations__unioned_source.7e99c895d8
[0m22:07:41.366769 [info ] [Thread-3 (]: 71 of 102 START test dbt_utils_unique_combination_of_columns_int_observations__unioned_listing_key__observed_at  [RUN]
[0m22:07:41.366996 [info ] [Thread-1 (]: 72 of 102 START test not_empty_int_observations__unioned_listing_code .......... [RUN]
[0m22:07:41.367220 [info ] [Thread-4 (]: 73 of 102 START test not_empty_int_observations__unioned_listing_key ........... [RUN]
[0m22:07:41.367446 [info ] [Thread-2 (]: 74 of 102 START test not_empty_int_observations__unioned_source ................ [RUN]
[0m22:07:41.367706 [debug] [Thread-3 (]: Re-using an available connection from the pool (formerly test.ingatlanmizu.not_null_stg_zenga__observations_ingestion_run_id.ced996d52c, now test.ingatlanmizu.dbt_utils_unique_combination_of_columns_int_observations__unioned_listing_key__observed_at.8a8e346e14)
[0m22:07:41.367952 [debug] [Thread-1 (]: Re-using an available connection from the pool (formerly test.ingatlanmizu.not_null_stg_zenga__observations_bronze_id.2fd483376c, now test.ingatlanmizu.not_empty_int_observations__unioned_listing_code.c41adba39b)
[0m22:07:41.368181 [debug] [Thread-4 (]: Re-using an available connection from the pool (formerly test.ingatlanmizu.not_null_stg_zenga__observations_listing_key.aca095ea93, now test.ingatlanmizu.not_empty_int_observations__unioned_listing_key.f6a9ae74c2)
[0m22:07:41.368407 [debug] [Thread-2 (]: Re-using an available connection from the pool (formerly model.ingatlanmizu.int_observations__unioned, now test.ingatlanmizu.not_empty_int_observations__unioned_source.7e99c895d8)
[0m22:07:41.368619 [debug] [Thread-3 (]: Began compiling node test.ingatlanmizu.dbt_utils_unique_combination_of_columns_int_observations__unioned_listing_key__observed_at.8a8e346e14
[0m22:07:41.368821 [debug] [Thread-1 (]: Began compiling node test.ingatlanmizu.not_empty_int_observations__unioned_listing_code.c41adba39b
[0m22:07:41.369012 [debug] [Thread-4 (]: Began compiling node test.ingatlanmizu.not_empty_int_observations__unioned_listing_key.f6a9ae74c2
[0m22:07:41.369213 [debug] [Thread-2 (]: Began compiling node test.ingatlanmizu.not_empty_int_observations__unioned_source.7e99c895d8
[0m22:07:41.372872 [debug] [Thread-3 (]: Writing injected SQL for node "test.ingatlanmizu.dbt_utils_unique_combination_of_columns_int_observations__unioned_listing_key__observed_at.8a8e346e14"
[0m22:07:41.376372 [debug] [Thread-1 (]: Writing injected SQL for node "test.ingatlanmizu.not_empty_int_observations__unioned_listing_code.c41adba39b"
[0m22:07:41.379485 [debug] [Thread-4 (]: Writing injected SQL for node "test.ingatlanmizu.not_empty_int_observations__unioned_listing_key.f6a9ae74c2"
[0m22:07:41.382602 [debug] [Thread-2 (]: Writing injected SQL for node "test.ingatlanmizu.not_empty_int_observations__unioned_source.7e99c895d8"
[0m22:07:41.383453 [debug] [Thread-4 (]: Began executing node test.ingatlanmizu.not_empty_int_observations__unioned_listing_key.f6a9ae74c2
[0m22:07:41.383702 [debug] [Thread-3 (]: Began executing node test.ingatlanmizu.dbt_utils_unique_combination_of_columns_int_observations__unioned_listing_key__observed_at.8a8e346e14
[0m22:07:41.383985 [debug] [Thread-2 (]: Began executing node test.ingatlanmizu.not_empty_int_observations__unioned_source.7e99c895d8
[0m22:07:41.384834 [debug] [Thread-4 (]: Writing runtime sql for node "test.ingatlanmizu.not_empty_int_observations__unioned_listing_key.f6a9ae74c2"
[0m22:07:41.385606 [debug] [Thread-3 (]: Writing runtime sql for node "test.ingatlanmizu.dbt_utils_unique_combination_of_columns_int_observations__unioned_listing_key__observed_at.8a8e346e14"
[0m22:07:41.385848 [debug] [Thread-1 (]: Began executing node test.ingatlanmizu.not_empty_int_observations__unioned_listing_code.c41adba39b
[0m22:07:41.386675 [debug] [Thread-2 (]: Writing runtime sql for node "test.ingatlanmizu.not_empty_int_observations__unioned_source.7e99c895d8"
[0m22:07:41.387570 [debug] [Thread-1 (]: Writing runtime sql for node "test.ingatlanmizu.not_empty_int_observations__unioned_listing_code.c41adba39b"
[0m22:07:41.387935 [debug] [Thread-4 (]: Using postgres connection "test.ingatlanmizu.not_empty_int_observations__unioned_listing_key.f6a9ae74c2"
[0m22:07:41.388197 [debug] [Thread-3 (]: Using postgres connection "test.ingatlanmizu.dbt_utils_unique_combination_of_columns_int_observations__unioned_listing_key__observed_at.8a8e346e14"
[0m22:07:41.388529 [debug] [Thread-4 (]: On test.ingatlanmizu.not_empty_int_observations__unioned_listing_key.f6a9ae74c2: /* {"app": "dbt", "dbt_version": "1.12.0", "profile_name": "ingatlanmizu", "target_name": "local", "node_id": "test.ingatlanmizu.not_empty_int_observations__unioned_listing_key.f6a9ae74c2"} */

    
    select
      count(*) as failures,
      count(*) != 0 as should_warn,
      count(*) != 0 as should_error
    from (
      
    
  

select *
from "ingatlanmizu"."silver"."int_observations__unioned"
where trim(listing_key) = ''


  
  
      
    ) dbt_internal_test
[0m22:07:41.388783 [debug] [Thread-2 (]: Using postgres connection "test.ingatlanmizu.not_empty_int_observations__unioned_source.7e99c895d8"
[0m22:07:41.389057 [debug] [Thread-3 (]: On test.ingatlanmizu.dbt_utils_unique_combination_of_columns_int_observations__unioned_listing_key__observed_at.8a8e346e14: /* {"app": "dbt", "dbt_version": "1.12.0", "profile_name": "ingatlanmizu", "target_name": "local", "node_id": "test.ingatlanmizu.dbt_utils_unique_combination_of_columns_int_observations__unioned_listing_key__observed_at.8a8e346e14"} */

    
    select
      count(*) as failures,
      count(*) != 0 as should_warn,
      count(*) != 0 as should_error
    from (
      
    
  





with validation_errors as (

    select
        listing_key, observed_at
    from "ingatlanmizu"."silver"."int_observations__unioned"
    group by listing_key, observed_at
    having count(*) > 1

)

select *
from validation_errors



  
  
      
    ) dbt_internal_test
[0m22:07:41.389319 [debug] [Thread-1 (]: Using postgres connection "test.ingatlanmizu.not_empty_int_observations__unioned_listing_code.c41adba39b"
[0m22:07:41.389545 [debug] [Thread-4 (]: Opening a new connection, currently in state closed
[0m22:07:41.389788 [debug] [Thread-2 (]: On test.ingatlanmizu.not_empty_int_observations__unioned_source.7e99c895d8: /* {"app": "dbt", "dbt_version": "1.12.0", "profile_name": "ingatlanmizu", "target_name": "local", "node_id": "test.ingatlanmizu.not_empty_int_observations__unioned_source.7e99c895d8"} */

    
    select
      count(*) as failures,
      count(*) != 0 as should_warn,
      count(*) != 0 as should_error
    from (
      
    
  

select *
from "ingatlanmizu"."silver"."int_observations__unioned"
where trim(source) = ''


  
  
      
    ) dbt_internal_test
[0m22:07:41.390015 [debug] [Thread-3 (]: Opening a new connection, currently in state closed
[0m22:07:41.390234 [debug] [Thread-1 (]: On test.ingatlanmizu.not_empty_int_observations__unioned_listing_code.c41adba39b: /* {"app": "dbt", "dbt_version": "1.12.0", "profile_name": "ingatlanmizu", "target_name": "local", "node_id": "test.ingatlanmizu.not_empty_int_observations__unioned_listing_code.c41adba39b"} */

    
    select
      count(*) as failures,
      count(*) != 0 as should_warn,
      count(*) != 0 as should_error
    from (
      
    
  

select *
from "ingatlanmizu"."silver"."int_observations__unioned"
where trim(listing_code) = ''


  
  
      
    ) dbt_internal_test
[0m22:07:41.390538 [debug] [Thread-2 (]: Opening a new connection, currently in state closed
[0m22:07:41.390797 [debug] [Thread-1 (]: Opening a new connection, currently in state closed
[0m22:07:41.401578 [debug] [Thread-2 (]: SQL status: SELECT 1 in 0.011 seconds
[0m22:07:41.401859 [debug] [Thread-4 (]: SQL status: SELECT 1 in 0.012 seconds
[0m22:07:41.402186 [debug] [Thread-1 (]: SQL status: SELECT 1 in 0.011 seconds
[0m22:07:41.402422 [debug] [Thread-3 (]: SQL status: SELECT 1 in 0.012 seconds
[0m22:07:41.403268 [debug] [Thread-2 (]: On test.ingatlanmizu.not_empty_int_observations__unioned_source.7e99c895d8: ROLLBACK
[0m22:07:41.403998 [debug] [Thread-4 (]: On test.ingatlanmizu.not_empty_int_observations__unioned_listing_key.f6a9ae74c2: ROLLBACK
[0m22:07:41.404665 [debug] [Thread-1 (]: On test.ingatlanmizu.not_empty_int_observations__unioned_listing_code.c41adba39b: ROLLBACK
[0m22:07:41.405357 [debug] [Thread-3 (]: On test.ingatlanmizu.dbt_utils_unique_combination_of_columns_int_observations__unioned_listing_key__observed_at.8a8e346e14: ROLLBACK
[0m22:07:41.405851 [debug] [Thread-1 (]: On test.ingatlanmizu.not_empty_int_observations__unioned_listing_code.c41adba39b: Close
[0m22:07:41.406087 [debug] [Thread-2 (]: On test.ingatlanmizu.not_empty_int_observations__unioned_source.7e99c895d8: Close
[0m22:07:41.406324 [debug] [Thread-4 (]: On test.ingatlanmizu.not_empty_int_observations__unioned_listing_key.f6a9ae74c2: Close
[0m22:07:41.406567 [debug] [Thread-3 (]: On test.ingatlanmizu.dbt_utils_unique_combination_of_columns_int_observations__unioned_listing_key__observed_at.8a8e346e14: Close
[0m22:07:41.406934 [info ] [Thread-1 (]: 72 of 102 PASS not_empty_int_observations__unioned_listing_code ................ [[32mPASS[0m in 0.04s]
[0m22:07:41.407358 [info ] [Thread-2 (]: 74 of 102 PASS not_empty_int_observations__unioned_source ...................... [[32mPASS[0m in 0.04s]
[0m22:07:41.407716 [info ] [Thread-4 (]: 73 of 102 PASS not_empty_int_observations__unioned_listing_key ................. [[32mPASS[0m in 0.04s]
[0m22:07:41.408085 [info ] [Thread-3 (]: 71 of 102 PASS dbt_utils_unique_combination_of_columns_int_observations__unioned_listing_key__observed_at  [[32mPASS[0m in 0.04s]
[0m22:07:41.408462 [debug] [Thread-1 (]: Finished running node test.ingatlanmizu.not_empty_int_observations__unioned_listing_code.c41adba39b
[0m22:07:41.408797 [debug] [Thread-2 (]: Finished running node test.ingatlanmizu.not_empty_int_observations__unioned_source.7e99c895d8
[0m22:07:41.409115 [debug] [Thread-4 (]: Finished running node test.ingatlanmizu.not_empty_int_observations__unioned_listing_key.f6a9ae74c2
[0m22:07:41.409429 [debug] [Thread-3 (]: Finished running node test.ingatlanmizu.dbt_utils_unique_combination_of_columns_int_observations__unioned_listing_key__observed_at.8a8e346e14
[0m22:07:41.409687 [debug] [Thread-1 (]: Began running node test.ingatlanmizu.not_null_int_observations__unioned_bronze_id.a73c8c7f51
[0m22:07:41.410002 [debug] [Thread-2 (]: Began running node test.ingatlanmizu.not_null_int_observations__unioned_ingestion_run_id.b9debcc6b2
[0m22:07:41.410265 [debug] [Thread-4 (]: Began running node test.ingatlanmizu.not_null_int_observations__unioned_listing_code.4848edf7d7
[0m22:07:41.410535 [debug] [Thread-3 (]: Began running node test.ingatlanmizu.not_null_int_observations__unioned_listing_key.3b505f918a
[0m22:07:41.410788 [info ] [Thread-1 (]: 75 of 102 START test not_null_int_observations__unioned_bronze_id .............. [RUN]
[0m22:07:41.411042 [info ] [Thread-2 (]: 76 of 102 START test not_null_int_observations__unioned_ingestion_run_id ....... [RUN]
[0m22:07:41.411276 [info ] [Thread-4 (]: 77 of 102 START test not_null_int_observations__unioned_listing_code ........... [RUN]
[0m22:07:41.411511 [info ] [Thread-3 (]: 78 of 102 START test not_null_int_observations__unioned_listing_key ............ [RUN]
[0m22:07:41.411802 [debug] [Thread-1 (]: Re-using an available connection from the pool (formerly test.ingatlanmizu.not_empty_int_observations__unioned_listing_code.c41adba39b, now test.ingatlanmizu.not_null_int_observations__unioned_bronze_id.a73c8c7f51)
[0m22:07:41.412063 [debug] [Thread-2 (]: Re-using an available connection from the pool (formerly test.ingatlanmizu.not_empty_int_observations__unioned_source.7e99c895d8, now test.ingatlanmizu.not_null_int_observations__unioned_ingestion_run_id.b9debcc6b2)
[0m22:07:41.412284 [debug] [Thread-4 (]: Re-using an available connection from the pool (formerly test.ingatlanmizu.not_empty_int_observations__unioned_listing_key.f6a9ae74c2, now test.ingatlanmizu.not_null_int_observations__unioned_listing_code.4848edf7d7)
[0m22:07:41.412537 [debug] [Thread-3 (]: Re-using an available connection from the pool (formerly test.ingatlanmizu.dbt_utils_unique_combination_of_columns_int_observations__unioned_listing_key__observed_at.8a8e346e14, now test.ingatlanmizu.not_null_int_observations__unioned_listing_key.3b505f918a)
[0m22:07:41.412760 [debug] [Thread-1 (]: Began compiling node test.ingatlanmizu.not_null_int_observations__unioned_bronze_id.a73c8c7f51
[0m22:07:41.412986 [debug] [Thread-2 (]: Began compiling node test.ingatlanmizu.not_null_int_observations__unioned_ingestion_run_id.b9debcc6b2
[0m22:07:41.413187 [debug] [Thread-4 (]: Began compiling node test.ingatlanmizu.not_null_int_observations__unioned_listing_code.4848edf7d7
[0m22:07:41.413384 [debug] [Thread-3 (]: Began compiling node test.ingatlanmizu.not_null_int_observations__unioned_listing_key.3b505f918a
[0m22:07:41.417623 [debug] [Thread-1 (]: Writing injected SQL for node "test.ingatlanmizu.not_null_int_observations__unioned_bronze_id.a73c8c7f51"
[0m22:07:41.420909 [debug] [Thread-2 (]: Writing injected SQL for node "test.ingatlanmizu.not_null_int_observations__unioned_ingestion_run_id.b9debcc6b2"
[0m22:07:41.424909 [debug] [Thread-4 (]: Writing injected SQL for node "test.ingatlanmizu.not_null_int_observations__unioned_listing_code.4848edf7d7"
[0m22:07:41.428560 [debug] [Thread-3 (]: Writing injected SQL for node "test.ingatlanmizu.not_null_int_observations__unioned_listing_key.3b505f918a"
[0m22:07:41.429733 [debug] [Thread-1 (]: Began executing node test.ingatlanmizu.not_null_int_observations__unioned_bronze_id.a73c8c7f51
[0m22:07:41.429995 [debug] [Thread-2 (]: Began executing node test.ingatlanmizu.not_null_int_observations__unioned_ingestion_run_id.b9debcc6b2
[0m22:07:41.430231 [debug] [Thread-3 (]: Began executing node test.ingatlanmizu.not_null_int_observations__unioned_listing_key.3b505f918a
[0m22:07:41.430440 [debug] [Thread-4 (]: Began executing node test.ingatlanmizu.not_null_int_observations__unioned_listing_code.4848edf7d7
[0m22:07:41.431325 [debug] [Thread-1 (]: Writing runtime sql for node "test.ingatlanmizu.not_null_int_observations__unioned_bronze_id.a73c8c7f51"
[0m22:07:41.432697 [debug] [Thread-2 (]: Writing runtime sql for node "test.ingatlanmizu.not_null_int_observations__unioned_ingestion_run_id.b9debcc6b2"
[0m22:07:41.433543 [debug] [Thread-3 (]: Writing runtime sql for node "test.ingatlanmizu.not_null_int_observations__unioned_listing_key.3b505f918a"
[0m22:07:41.434622 [debug] [Thread-4 (]: Writing runtime sql for node "test.ingatlanmizu.not_null_int_observations__unioned_listing_code.4848edf7d7"
[0m22:07:41.435233 [debug] [Thread-1 (]: Using postgres connection "test.ingatlanmizu.not_null_int_observations__unioned_bronze_id.a73c8c7f51"
[0m22:07:41.435517 [debug] [Thread-2 (]: Using postgres connection "test.ingatlanmizu.not_null_int_observations__unioned_ingestion_run_id.b9debcc6b2"
[0m22:07:41.435764 [debug] [Thread-1 (]: On test.ingatlanmizu.not_null_int_observations__unioned_bronze_id.a73c8c7f51: /* {"app": "dbt", "dbt_version": "1.12.0", "profile_name": "ingatlanmizu", "target_name": "local", "node_id": "test.ingatlanmizu.not_null_int_observations__unioned_bronze_id.a73c8c7f51"} */

    
    select
      count(*) as failures,
      count(*) != 0 as should_warn,
      count(*) != 0 as should_error
    from (
      
    
  
    
    



select bronze_id
from "ingatlanmizu"."silver"."int_observations__unioned"
where bronze_id is null



  
  
      
    ) dbt_internal_test
[0m22:07:41.436103 [debug] [Thread-2 (]: On test.ingatlanmizu.not_null_int_observations__unioned_ingestion_run_id.b9debcc6b2: /* {"app": "dbt", "dbt_version": "1.12.0", "profile_name": "ingatlanmizu", "target_name": "local", "node_id": "test.ingatlanmizu.not_null_int_observations__unioned_ingestion_run_id.b9debcc6b2"} */

    
    select
      count(*) as failures,
      count(*) != 0 as should_warn,
      count(*) != 0 as should_error
    from (
      
    
  
    
    



select ingestion_run_id
from "ingatlanmizu"."silver"."int_observations__unioned"
where ingestion_run_id is null



  
  
      
    ) dbt_internal_test
[0m22:07:41.436386 [debug] [Thread-3 (]: Using postgres connection "test.ingatlanmizu.not_null_int_observations__unioned_listing_key.3b505f918a"
[0m22:07:41.436711 [debug] [Thread-4 (]: Using postgres connection "test.ingatlanmizu.not_null_int_observations__unioned_listing_code.4848edf7d7"
[0m22:07:41.437058 [debug] [Thread-1 (]: Opening a new connection, currently in state closed
[0m22:07:41.437282 [debug] [Thread-2 (]: Opening a new connection, currently in state closed
[0m22:07:41.437685 [debug] [Thread-3 (]: On test.ingatlanmizu.not_null_int_observations__unioned_listing_key.3b505f918a: /* {"app": "dbt", "dbt_version": "1.12.0", "profile_name": "ingatlanmizu", "target_name": "local", "node_id": "test.ingatlanmizu.not_null_int_observations__unioned_listing_key.3b505f918a"} */

    
    select
      count(*) as failures,
      count(*) != 0 as should_warn,
      count(*) != 0 as should_error
    from (
      
    
  
    
    



select listing_key
from "ingatlanmizu"."silver"."int_observations__unioned"
where listing_key is null



  
  
      
    ) dbt_internal_test
[0m22:07:41.437958 [debug] [Thread-4 (]: On test.ingatlanmizu.not_null_int_observations__unioned_listing_code.4848edf7d7: /* {"app": "dbt", "dbt_version": "1.12.0", "profile_name": "ingatlanmizu", "target_name": "local", "node_id": "test.ingatlanmizu.not_null_int_observations__unioned_listing_code.4848edf7d7"} */

    
    select
      count(*) as failures,
      count(*) != 0 as should_warn,
      count(*) != 0 as should_error
    from (
      
    
  
    
    



select listing_code
from "ingatlanmizu"."silver"."int_observations__unioned"
where listing_code is null



  
  
      
    ) dbt_internal_test
[0m22:07:41.439221 [debug] [Thread-3 (]: Opening a new connection, currently in state closed
[0m22:07:41.439703 [debug] [Thread-4 (]: Opening a new connection, currently in state closed
[0m22:07:41.477981 [debug] [Thread-4 (]: SQL status: SELECT 1 in 0.038 seconds
[0m22:07:41.478763 [debug] [Thread-1 (]: SQL status: SELECT 1 in 0.042 seconds
[0m22:07:41.480493 [debug] [Thread-4 (]: On test.ingatlanmizu.not_null_int_observations__unioned_listing_code.4848edf7d7: ROLLBACK
[0m22:07:41.481198 [debug] [Thread-3 (]: SQL status: SELECT 1 in 0.042 seconds
[0m22:07:41.487856 [debug] [Thread-2 (]: SQL status: SELECT 1 in 0.050 seconds
[0m22:07:41.490253 [debug] [Thread-1 (]: On test.ingatlanmizu.not_null_int_observations__unioned_bronze_id.a73c8c7f51: ROLLBACK
[0m22:07:41.499411 [debug] [Thread-3 (]: On test.ingatlanmizu.not_null_int_observations__unioned_listing_key.3b505f918a: ROLLBACK
[0m22:07:41.501154 [debug] [Thread-4 (]: On test.ingatlanmizu.not_null_int_observations__unioned_listing_code.4848edf7d7: Close
[0m22:07:41.505958 [debug] [Thread-2 (]: On test.ingatlanmizu.not_null_int_observations__unioned_ingestion_run_id.b9debcc6b2: ROLLBACK
[0m22:07:41.507605 [debug] [Thread-3 (]: On test.ingatlanmizu.not_null_int_observations__unioned_listing_key.3b505f918a: Close
[0m22:07:41.508064 [debug] [Thread-1 (]: On test.ingatlanmizu.not_null_int_observations__unioned_bronze_id.a73c8c7f51: Close
[0m22:07:41.508462 [debug] [Thread-2 (]: On test.ingatlanmizu.not_null_int_observations__unioned_ingestion_run_id.b9debcc6b2: Close
[0m22:07:41.507351 [info ] [Thread-4 (]: 77 of 102 PASS not_null_int_observations__unioned_listing_code ................. [[32mPASS[0m in 0.09s]
[0m22:07:41.509563 [info ] [Thread-1 (]: 75 of 102 PASS not_null_int_observations__unioned_bronze_id .................... [[32mPASS[0m in 0.10s]
[0m22:07:41.510076 [info ] [Thread-3 (]: 78 of 102 PASS not_null_int_observations__unioned_listing_key .................. [[32mPASS[0m in 0.10s]
[0m22:07:41.510510 [info ] [Thread-2 (]: 76 of 102 PASS not_null_int_observations__unioned_ingestion_run_id ............. [[32mPASS[0m in 0.10s]
[0m22:07:41.510934 [debug] [Thread-4 (]: Finished running node test.ingatlanmizu.not_null_int_observations__unioned_listing_code.4848edf7d7
[0m22:07:41.511298 [debug] [Thread-1 (]: Finished running node test.ingatlanmizu.not_null_int_observations__unioned_bronze_id.a73c8c7f51
[0m22:07:41.511687 [debug] [Thread-3 (]: Finished running node test.ingatlanmizu.not_null_int_observations__unioned_listing_key.3b505f918a
[0m22:07:41.512019 [debug] [Thread-2 (]: Finished running node test.ingatlanmizu.not_null_int_observations__unioned_ingestion_run_id.b9debcc6b2
[0m22:07:41.512280 [debug] [Thread-4 (]: Began running node test.ingatlanmizu.not_null_int_observations__unioned_source.7b1725f5ca
[0m22:07:41.512721 [info ] [Thread-4 (]: 79 of 102 START test not_null_int_observations__unioned_source ................. [RUN]
[0m22:07:41.513016 [debug] [Thread-4 (]: Re-using an available connection from the pool (formerly test.ingatlanmizu.not_null_int_observations__unioned_listing_code.4848edf7d7, now test.ingatlanmizu.not_null_int_observations__unioned_source.7b1725f5ca)
[0m22:07:41.513241 [debug] [Thread-4 (]: Began compiling node test.ingatlanmizu.not_null_int_observations__unioned_source.7b1725f5ca
[0m22:07:41.517237 [debug] [Thread-4 (]: Writing injected SQL for node "test.ingatlanmizu.not_null_int_observations__unioned_source.7b1725f5ca"
[0m22:07:41.517757 [debug] [Thread-4 (]: Began executing node test.ingatlanmizu.not_null_int_observations__unioned_source.7b1725f5ca
[0m22:07:41.518614 [debug] [Thread-4 (]: Writing runtime sql for node "test.ingatlanmizu.not_null_int_observations__unioned_source.7b1725f5ca"
[0m22:07:41.519079 [debug] [Thread-4 (]: Using postgres connection "test.ingatlanmizu.not_null_int_observations__unioned_source.7b1725f5ca"
[0m22:07:41.519347 [debug] [Thread-4 (]: On test.ingatlanmizu.not_null_int_observations__unioned_source.7b1725f5ca: /* {"app": "dbt", "dbt_version": "1.12.0", "profile_name": "ingatlanmizu", "target_name": "local", "node_id": "test.ingatlanmizu.not_null_int_observations__unioned_source.7b1725f5ca"} */

    
    select
      count(*) as failures,
      count(*) != 0 as should_warn,
      count(*) != 0 as should_error
    from (
      
    
  
    
    



select source
from "ingatlanmizu"."silver"."int_observations__unioned"
where source is null



  
  
      
    ) dbt_internal_test
[0m22:07:41.519577 [debug] [Thread-4 (]: Opening a new connection, currently in state closed
[0m22:07:41.527039 [debug] [Thread-4 (]: SQL status: SELECT 1 in 0.007 seconds
[0m22:07:41.527976 [debug] [Thread-4 (]: On test.ingatlanmizu.not_null_int_observations__unioned_source.7b1725f5ca: ROLLBACK
[0m22:07:41.528465 [debug] [Thread-4 (]: On test.ingatlanmizu.not_null_int_observations__unioned_source.7b1725f5ca: Close
[0m22:07:41.528835 [info ] [Thread-4 (]: 79 of 102 PASS not_null_int_observations__unioned_source ....................... [[32mPASS[0m in 0.02s]
[0m22:07:41.529182 [debug] [Thread-4 (]: Finished running node test.ingatlanmizu.not_null_int_observations__unioned_source.7b1725f5ca
[0m22:07:41.529677 [debug] [Thread-1 (]: Began running node model.ingatlanmizu.int_listings__monthly
[0m22:07:41.529974 [debug] [Thread-3 (]: Began running node model.ingatlanmizu.int_listings__time_on_market
[0m22:07:41.530227 [info ] [Thread-1 (]: 80 of 102 SKIP relation silver.int_listings__monthly ........................... [[33mSKIP[0m]
[0m22:07:41.530540 [info ] [Thread-3 (]: 81 of 102 START sql view model silver.int_listings__time_on_market ............. [RUN]
[0m22:07:41.530796 [debug] [Thread-1 (]: Finished running node model.ingatlanmizu.int_listings__monthly
[0m22:07:41.531057 [debug] [Thread-3 (]: Re-using an available connection from the pool (formerly test.ingatlanmizu.not_null_int_observations__unioned_listing_key.3b505f918a, now model.ingatlanmizu.int_listings__time_on_market)
[0m22:07:41.531272 [debug] [Thread-7 (]: Marking all children of 'model.ingatlanmizu.int_listings__monthly' to be skipped because of status 'skipped'. 
[0m22:07:41.531478 [debug] [Thread-3 (]: Began compiling node model.ingatlanmizu.int_listings__time_on_market
[0m22:07:41.531778 [debug] [Thread-4 (]: Began running node model.ingatlanmizu.mart_market_monthly
[0m22:07:41.532943 [debug] [Thread-3 (]: Writing injected SQL for node "model.ingatlanmizu.int_listings__time_on_market"
[0m22:07:41.533199 [info ] [Thread-4 (]: 82 of 102 SKIP relation gold.mart_market_monthly ............................... [[33mSKIP[0m]
[0m22:07:41.533533 [debug] [Thread-4 (]: Finished running node model.ingatlanmizu.mart_market_monthly
[0m22:07:41.533781 [debug] [Thread-7 (]: Marking all children of 'model.ingatlanmizu.mart_market_monthly' to be skipped because of status 'skipped'. 
[0m22:07:41.534326 [debug] [Thread-1 (]: Began running node test.ingatlanmizu.accepted_values_mart_market_monthly_main_type__H_z__Lak_s.04a0593e44
[0m22:07:41.534546 [debug] [Thread-2 (]: Began running node test.ingatlanmizu.dbt_utils_unique_combination_of_columns_mart_market_monthly_month_start__city__main_type__sub_type.878e12821e
[0m22:07:41.534775 [debug] [Thread-4 (]: Began running node test.ingatlanmizu.not_empty_mart_market_monthly_city.e017525ac9
[0m22:07:41.535025 [info ] [Thread-1 (]: 83 of 102 SKIP test accepted_values_mart_market_monthly_main_type__H_z__Lak_s .. [[33mSKIP[0m]
[0m22:07:41.535259 [debug] [Thread-3 (]: Began executing node model.ingatlanmizu.int_listings__time_on_market
[0m22:07:41.535494 [info ] [Thread-2 (]: 84 of 102 SKIP test dbt_utils_unique_combination_of_columns_mart_market_monthly_month_start__city__main_type__sub_type  [[33mSKIP[0m]
[0m22:07:41.535737 [info ] [Thread-4 (]: 85 of 102 SKIP test not_empty_mart_market_monthly_city ......................... [[33mSKIP[0m]
[0m22:07:41.535979 [debug] [Thread-1 (]: Finished running node test.ingatlanmizu.accepted_values_mart_market_monthly_main_type__H_z__Lak_s.04a0593e44
[0m22:07:41.537389 [debug] [Thread-3 (]: Writing runtime sql for node "model.ingatlanmizu.int_listings__time_on_market"
[0m22:07:41.537651 [debug] [Thread-2 (]: Finished running node test.ingatlanmizu.dbt_utils_unique_combination_of_columns_mart_market_monthly_month_start__city__main_type__sub_type.878e12821e
[0m22:07:41.537880 [debug] [Thread-4 (]: Finished running node test.ingatlanmizu.not_empty_mart_market_monthly_city.e017525ac9
[0m22:07:41.538115 [debug] [Thread-1 (]: Began running node test.ingatlanmizu.not_null_mart_market_monthly_city.db5751dbef
[0m22:07:41.538296 [debug] [Thread-7 (]: Marking all children of 'test.ingatlanmizu.accepted_values_mart_market_monthly_main_type__H_z__Lak_s.04a0593e44' to be skipped because of status 'skipped'. 
[0m22:07:41.538563 [debug] [Thread-2 (]: Began running node test.ingatlanmizu.not_null_mart_market_monthly_main_type.f2627789cf
[0m22:07:41.538800 [debug] [Thread-4 (]: Began running node test.ingatlanmizu.not_null_mart_market_monthly_month_start.614b9d0b7b
[0m22:07:41.539031 [info ] [Thread-1 (]: 86 of 102 SKIP test not_null_mart_market_monthly_city .......................... [[33mSKIP[0m]
[0m22:07:41.539307 [debug] [Thread-3 (]: Using postgres connection "model.ingatlanmizu.int_listings__time_on_market"
[0m22:07:41.539508 [debug] [Thread-7 (]: Marking all children of 'test.ingatlanmizu.dbt_utils_unique_combination_of_columns_mart_market_monthly_month_start__city__main_type__sub_type.878e12821e' to be skipped because of status 'skipped'. 
[0m22:07:41.539725 [info ] [Thread-2 (]: 87 of 102 SKIP test not_null_mart_market_monthly_main_type ..................... [[33mSKIP[0m]
[0m22:07:41.539967 [info ] [Thread-4 (]: 88 of 102 SKIP test not_null_mart_market_monthly_month_start ................... [[33mSKIP[0m]
[0m22:07:41.540204 [debug] [Thread-1 (]: Finished running node test.ingatlanmizu.not_null_mart_market_monthly_city.db5751dbef
[0m22:07:41.540457 [debug] [Thread-3 (]: On model.ingatlanmizu.int_listings__time_on_market: /* {"app": "dbt", "dbt_version": "1.12.0", "profile_name": "ingatlanmizu", "target_name": "local", "node_id": "model.ingatlanmizu.int_listings__time_on_market"} */

  create view "ingatlanmizu"."silver"."int_listings__time_on_market__dbt_tmp"
    
    
  as (
    with 
	observations as (
		select * from "ingatlanmizu"."silver"."int_observations__unioned"
	),
	
	source_observations as (
		select 
			source,
			min(observed_at)::date as source_first_observed_at, 
			max(observed_at)::date as source_last_observed_at
		from observations
		group by source
	),
	
	times_seen as (
		select
			listing_key,
			source,
			min(observed_at)::date as first_seen_at, 
			max(observed_at)::date as last_seen_at,
			count(ingestion_run_id) times_observed
		from observations
		group by listing_key, source
	)
	
select
    times_seen.listing_key,
    times_seen.source,
    times_seen.first_seen_at,
	times_seen.last_seen_at,
    times_seen.times_observed,
	(times_seen.last_seen_at - times_seen.first_seen_at) + 1 as days_on_market,
	times_seen.last_seen_at >= source_observations.source_last_observed_at - 3 as is_active
from times_seen
join source_observations 
on times_seen.source = source_observations.source
  );
[0m22:07:41.540717 [debug] [Thread-7 (]: Marking all children of 'test.ingatlanmizu.not_empty_mart_market_monthly_city.e017525ac9' to be skipped because of status 'skipped'. 
[0m22:07:41.540939 [debug] [Thread-2 (]: Finished running node test.ingatlanmizu.not_null_mart_market_monthly_main_type.f2627789cf
[0m22:07:41.541182 [debug] [Thread-4 (]: Finished running node test.ingatlanmizu.not_null_mart_market_monthly_month_start.614b9d0b7b
[0m22:07:41.541427 [debug] [Thread-1 (]: Began running node test.ingatlanmizu.not_null_mart_market_monthly_sub_type.caa99de7b5
[0m22:07:41.541640 [debug] [Thread-3 (]: Opening a new connection, currently in state closed
[0m22:07:41.541844 [debug] [Thread-7 (]: Marking all children of 'test.ingatlanmizu.not_null_mart_market_monthly_city.db5751dbef' to be skipped because of status 'skipped'. 
[0m22:07:41.542108 [info ] [Thread-1 (]: 89 of 102 SKIP test not_null_mart_market_monthly_sub_type ...................... [[33mSKIP[0m]
[0m22:07:41.542387 [debug] [Thread-7 (]: Marking all children of 'test.ingatlanmizu.not_null_mart_market_monthly_main_type.f2627789cf' to be skipped because of status 'skipped'. 
[0m22:07:41.542627 [debug] [Thread-1 (]: Finished running node test.ingatlanmizu.not_null_mart_market_monthly_sub_type.caa99de7b5
[0m22:07:41.542859 [debug] [Thread-7 (]: Marking all children of 'test.ingatlanmizu.not_null_mart_market_monthly_month_start.614b9d0b7b' to be skipped because of status 'skipped'. 
[0m22:07:41.543108 [debug] [Thread-7 (]: Marking all children of 'test.ingatlanmizu.not_null_mart_market_monthly_sub_type.caa99de7b5' to be skipped because of status 'skipped'. 
[0m22:07:41.551089 [debug] [Thread-3 (]: SQL status: CREATE VIEW in 0.009 seconds
[0m22:07:41.552343 [debug] [Thread-3 (]: Using postgres connection "model.ingatlanmizu.int_listings__time_on_market"
[0m22:07:41.552599 [debug] [Thread-3 (]: On model.ingatlanmizu.int_listings__time_on_market: /* {"app": "dbt", "dbt_version": "1.12.0", "profile_name": "ingatlanmizu", "target_name": "local", "node_id": "model.ingatlanmizu.int_listings__time_on_market"} */
alter table "ingatlanmizu"."silver"."int_listings__time_on_market__dbt_tmp" rename to "int_listings__time_on_market"
[0m22:07:41.553174 [debug] [Thread-3 (]: SQL status: ALTER TABLE in 0.000 seconds
[0m22:07:41.553967 [debug] [Thread-3 (]: On model.ingatlanmizu.int_listings__time_on_market: COMMIT
[0m22:07:41.554184 [debug] [Thread-3 (]: Using postgres connection "model.ingatlanmizu.int_listings__time_on_market"
[0m22:07:41.554386 [debug] [Thread-3 (]: On model.ingatlanmizu.int_listings__time_on_market: COMMIT
[0m22:07:41.554936 [debug] [Thread-3 (]: SQL status: COMMIT in 0.000 seconds
[0m22:07:41.555674 [debug] [Thread-3 (]: Applying DROP to: "ingatlanmizu"."silver"."int_listings__time_on_market__dbt_backup"
[0m22:07:41.556116 [debug] [Thread-3 (]: Using postgres connection "model.ingatlanmizu.int_listings__time_on_market"
[0m22:07:41.556327 [debug] [Thread-3 (]: On model.ingatlanmizu.int_listings__time_on_market: /* {"app": "dbt", "dbt_version": "1.12.0", "profile_name": "ingatlanmizu", "target_name": "local", "node_id": "model.ingatlanmizu.int_listings__time_on_market"} */
drop view if exists "ingatlanmizu"."silver"."int_listings__time_on_market__dbt_backup" cascade
[0m22:07:41.556744 [debug] [Thread-3 (]: SQL status: DROP VIEW in 0.000 seconds
[0m22:07:41.557475 [debug] [Thread-3 (]: On model.ingatlanmizu.int_listings__time_on_market: Close
[0m22:07:41.557827 [debug] [Thread-3 (]: Sending event: {'category': 'dbt', 'action': 'run_model', 'label': '94a21f92-eac0-4252-9a70-88bf17112572', 'context': [<snowplow_tracker.self_describing_json.SelfDescribingJson object at 0x108e110a0>]}
[0m22:07:41.558195 [info ] [Thread-3 (]: 81 of 102 OK created sql view model silver.int_listings__time_on_market ........ [[32mCREATE VIEW[0m in 0.03s]
[0m22:07:41.558555 [debug] [Thread-3 (]: Finished running node model.ingatlanmizu.int_listings__time_on_market
[0m22:07:41.559049 [debug] [Thread-2 (]: Began running node test.ingatlanmizu.dbt_utils_accepted_range_int_listings__time_on_market_days_on_market__1000__1.68670884e3
[0m22:07:41.559279 [debug] [Thread-4 (]: Began running node test.ingatlanmizu.dbt_utils_accepted_range_int_listings__time_on_market_times_observed__1000__1.ec76e71ad8
[0m22:07:41.559516 [debug] [Thread-1 (]: Began running node test.ingatlanmizu.dbt_utils_expression_is_true_int_listings__time_on_market_first_seen_at_last_seen_at.25f1b7951e
[0m22:07:41.559727 [debug] [Thread-3 (]: Began running node test.ingatlanmizu.dbt_utils_unique_combination_of_columns_int_listings__time_on_market_listing_key.4a4d3b49fd
[0m22:07:41.559938 [info ] [Thread-2 (]: 90 of 102 START test dbt_utils_accepted_range_int_listings__time_on_market_days_on_market__1000__1  [RUN]
[0m22:07:41.560179 [info ] [Thread-4 (]: 91 of 102 START test dbt_utils_accepted_range_int_listings__time_on_market_times_observed__1000__1  [RUN]
[0m22:07:41.560420 [info ] [Thread-1 (]: 92 of 102 START test dbt_utils_expression_is_true_int_listings__time_on_market_first_seen_at_last_seen_at  [RUN]
[0m22:07:41.560920 [debug] [Thread-2 (]: Re-using an available connection from the pool (formerly test.ingatlanmizu.not_null_int_observations__unioned_ingestion_run_id.b9debcc6b2, now test.ingatlanmizu.dbt_utils_accepted_range_int_listings__time_on_market_days_on_market__1000__1.68670884e3)
[0m22:07:41.560659 [info ] [Thread-3 (]: 93 of 102 START test dbt_utils_unique_combination_of_columns_int_listings__time_on_market_listing_key  [RUN]
[0m22:07:41.561220 [debug] [Thread-4 (]: Re-using an available connection from the pool (formerly test.ingatlanmizu.not_null_int_observations__unioned_source.7b1725f5ca, now test.ingatlanmizu.dbt_utils_accepted_range_int_listings__time_on_market_times_observed__1000__1.ec76e71ad8)
[0m22:07:41.561476 [debug] [Thread-1 (]: Re-using an available connection from the pool (formerly test.ingatlanmizu.not_null_int_observations__unioned_bronze_id.a73c8c7f51, now test.ingatlanmizu.dbt_utils_expression_is_true_int_listings__time_on_market_first_seen_at_last_seen_at.25f1b7951e)
[0m22:07:41.561704 [debug] [Thread-2 (]: Began compiling node test.ingatlanmizu.dbt_utils_accepted_range_int_listings__time_on_market_days_on_market__1000__1.68670884e3
[0m22:07:41.561937 [debug] [Thread-3 (]: Re-using an available connection from the pool (formerly model.ingatlanmizu.int_listings__time_on_market, now test.ingatlanmizu.dbt_utils_unique_combination_of_columns_int_listings__time_on_market_listing_key.4a4d3b49fd)
[0m22:07:41.562156 [debug] [Thread-4 (]: Began compiling node test.ingatlanmizu.dbt_utils_accepted_range_int_listings__time_on_market_times_observed__1000__1.ec76e71ad8
[0m22:07:41.562402 [debug] [Thread-1 (]: Began compiling node test.ingatlanmizu.dbt_utils_expression_is_true_int_listings__time_on_market_first_seen_at_last_seen_at.25f1b7951e
[0m22:07:41.566205 [debug] [Thread-2 (]: Writing injected SQL for node "test.ingatlanmizu.dbt_utils_accepted_range_int_listings__time_on_market_days_on_market__1000__1.68670884e3"
[0m22:07:41.566461 [debug] [Thread-3 (]: Began compiling node test.ingatlanmizu.dbt_utils_unique_combination_of_columns_int_listings__time_on_market_listing_key.4a4d3b49fd
[0m22:07:41.570547 [debug] [Thread-4 (]: Writing injected SQL for node "test.ingatlanmizu.dbt_utils_accepted_range_int_listings__time_on_market_times_observed__1000__1.ec76e71ad8"
[0m22:07:41.577981 [debug] [Thread-1 (]: Writing injected SQL for node "test.ingatlanmizu.dbt_utils_expression_is_true_int_listings__time_on_market_first_seen_at_last_seen_at.25f1b7951e"
[0m22:07:41.581657 [debug] [Thread-3 (]: Writing injected SQL for node "test.ingatlanmizu.dbt_utils_unique_combination_of_columns_int_listings__time_on_market_listing_key.4a4d3b49fd"
[0m22:07:41.581982 [debug] [Thread-2 (]: Began executing node test.ingatlanmizu.dbt_utils_accepted_range_int_listings__time_on_market_days_on_market__1000__1.68670884e3
[0m22:07:41.582836 [debug] [Thread-2 (]: Writing runtime sql for node "test.ingatlanmizu.dbt_utils_accepted_range_int_listings__time_on_market_days_on_market__1000__1.68670884e3"
[0m22:07:41.583071 [debug] [Thread-4 (]: Began executing node test.ingatlanmizu.dbt_utils_accepted_range_int_listings__time_on_market_times_observed__1000__1.ec76e71ad8
[0m22:07:41.583927 [debug] [Thread-4 (]: Writing runtime sql for node "test.ingatlanmizu.dbt_utils_accepted_range_int_listings__time_on_market_times_observed__1000__1.ec76e71ad8"
[0m22:07:41.584156 [debug] [Thread-1 (]: Began executing node test.ingatlanmizu.dbt_utils_expression_is_true_int_listings__time_on_market_first_seen_at_last_seen_at.25f1b7951e
[0m22:07:41.584364 [debug] [Thread-3 (]: Began executing node test.ingatlanmizu.dbt_utils_unique_combination_of_columns_int_listings__time_on_market_listing_key.4a4d3b49fd
[0m22:07:41.585303 [debug] [Thread-1 (]: Writing runtime sql for node "test.ingatlanmizu.dbt_utils_expression_is_true_int_listings__time_on_market_first_seen_at_last_seen_at.25f1b7951e"
[0m22:07:41.585586 [debug] [Thread-2 (]: Using postgres connection "test.ingatlanmizu.dbt_utils_accepted_range_int_listings__time_on_market_days_on_market__1000__1.68670884e3"
[0m22:07:41.586307 [debug] [Thread-3 (]: Writing runtime sql for node "test.ingatlanmizu.dbt_utils_unique_combination_of_columns_int_listings__time_on_market_listing_key.4a4d3b49fd"
[0m22:07:41.586560 [debug] [Thread-4 (]: Using postgres connection "test.ingatlanmizu.dbt_utils_accepted_range_int_listings__time_on_market_times_observed__1000__1.ec76e71ad8"
[0m22:07:41.586836 [debug] [Thread-2 (]: On test.ingatlanmizu.dbt_utils_accepted_range_int_listings__time_on_market_days_on_market__1000__1.68670884e3: /* {"app": "dbt", "dbt_version": "1.12.0", "profile_name": "ingatlanmizu", "target_name": "local", "node_id": "test.ingatlanmizu.dbt_utils_accepted_range_int_listings__time_on_market_days_on_market__1000__1.68670884e3"} */

    
    select
      count(*) as failures,
      count(*) != 0 as should_warn,
      count(*) != 0 as should_error
    from (
      
    
  

with meet_condition as(
  select *
  from "ingatlanmizu"."silver"."int_listings__time_on_market"
),

validation_errors as (
  select *
  from meet_condition
  where
    -- never true, defaults to an empty result set. Exists to ensure any combo of the `or` clauses below succeeds
    1 = 2
    -- records with a value >= min_value are permitted. The `not` flips this to find records that don't meet the rule.
    or not days_on_market >= 1
    -- records with a value <= max_value are permitted. The `not` flips this to find records that don't meet the rule.
    or not days_on_market <= 1000
)

select *
from validation_errors


  
  
      
    ) dbt_internal_test
[0m22:07:41.587165 [debug] [Thread-1 (]: Using postgres connection "test.ingatlanmizu.dbt_utils_expression_is_true_int_listings__time_on_market_first_seen_at_last_seen_at.25f1b7951e"
[0m22:07:41.587410 [debug] [Thread-4 (]: On test.ingatlanmizu.dbt_utils_accepted_range_int_listings__time_on_market_times_observed__1000__1.ec76e71ad8: /* {"app": "dbt", "dbt_version": "1.12.0", "profile_name": "ingatlanmizu", "target_name": "local", "node_id": "test.ingatlanmizu.dbt_utils_accepted_range_int_listings__time_on_market_times_observed__1000__1.ec76e71ad8"} */

    
    select
      count(*) as failures,
      count(*) != 0 as should_warn,
      count(*) != 0 as should_error
    from (
      
    
  

with meet_condition as(
  select *
  from "ingatlanmizu"."silver"."int_listings__time_on_market"
),

validation_errors as (
  select *
  from meet_condition
  where
    -- never true, defaults to an empty result set. Exists to ensure any combo of the `or` clauses below succeeds
    1 = 2
    -- records with a value >= min_value are permitted. The `not` flips this to find records that don't meet the rule.
    or not times_observed >= 1
    -- records with a value <= max_value are permitted. The `not` flips this to find records that don't meet the rule.
    or not times_observed <= 1000
)

select *
from validation_errors


  
  
      
    ) dbt_internal_test
[0m22:07:41.587676 [debug] [Thread-2 (]: Opening a new connection, currently in state closed
[0m22:07:41.587950 [debug] [Thread-3 (]: Using postgres connection "test.ingatlanmizu.dbt_utils_unique_combination_of_columns_int_listings__time_on_market_listing_key.4a4d3b49fd"
[0m22:07:41.588182 [debug] [Thread-1 (]: On test.ingatlanmizu.dbt_utils_expression_is_true_int_listings__time_on_market_first_seen_at_last_seen_at.25f1b7951e: /* {"app": "dbt", "dbt_version": "1.12.0", "profile_name": "ingatlanmizu", "target_name": "local", "node_id": "test.ingatlanmizu.dbt_utils_expression_is_true_int_listings__time_on_market_first_seen_at_last_seen_at.25f1b7951e"} */

    
    select
      count(*) as failures,
      count(*) != 0 as should_warn,
      count(*) != 0 as should_error
    from (
      
    
  



select
    1
from "ingatlanmizu"."silver"."int_listings__time_on_market"

where not(first_seen_at <= last_seen_at)


  
  
      
    ) dbt_internal_test
[0m22:07:41.588398 [debug] [Thread-4 (]: Opening a new connection, currently in state closed
[0m22:07:41.588682 [debug] [Thread-3 (]: On test.ingatlanmizu.dbt_utils_unique_combination_of_columns_int_listings__time_on_market_listing_key.4a4d3b49fd: /* {"app": "dbt", "dbt_version": "1.12.0", "profile_name": "ingatlanmizu", "target_name": "local", "node_id": "test.ingatlanmizu.dbt_utils_unique_combination_of_columns_int_listings__time_on_market_listing_key.4a4d3b49fd"} */

    
    select
      count(*) as failures,
      count(*) != 0 as should_warn,
      count(*) != 0 as should_error
    from (
      
    
  





with validation_errors as (

    select
        listing_key
    from "ingatlanmizu"."silver"."int_listings__time_on_market"
    group by listing_key
    having count(*) > 1

)

select *
from validation_errors



  
  
      
    ) dbt_internal_test
[0m22:07:41.588909 [debug] [Thread-1 (]: Opening a new connection, currently in state closed
[0m22:07:41.589175 [debug] [Thread-3 (]: Opening a new connection, currently in state closed
[0m22:07:41.599675 [debug] [Thread-3 (]: SQL status: SELECT 1 in 0.010 seconds
[0m22:07:41.599943 [debug] [Thread-4 (]: SQL status: SELECT 1 in 0.012 seconds
[0m22:07:41.600192 [debug] [Thread-1 (]: SQL status: SELECT 1 in 0.011 seconds
[0m22:07:41.600430 [debug] [Thread-2 (]: SQL status: SELECT 1 in 0.013 seconds
[0m22:07:41.601294 [debug] [Thread-3 (]: On test.ingatlanmizu.dbt_utils_unique_combination_of_columns_int_listings__time_on_market_listing_key.4a4d3b49fd: ROLLBACK
[0m22:07:41.602056 [debug] [Thread-4 (]: On test.ingatlanmizu.dbt_utils_accepted_range_int_listings__time_on_market_times_observed__1000__1.ec76e71ad8: ROLLBACK
[0m22:07:41.602743 [debug] [Thread-1 (]: On test.ingatlanmizu.dbt_utils_expression_is_true_int_listings__time_on_market_first_seen_at_last_seen_at.25f1b7951e: ROLLBACK
[0m22:07:41.603411 [debug] [Thread-2 (]: On test.ingatlanmizu.dbt_utils_accepted_range_int_listings__time_on_market_days_on_market__1000__1.68670884e3: ROLLBACK
[0m22:07:41.603871 [debug] [Thread-4 (]: On test.ingatlanmizu.dbt_utils_accepted_range_int_listings__time_on_market_times_observed__1000__1.ec76e71ad8: Close
[0m22:07:41.604092 [debug] [Thread-3 (]: On test.ingatlanmizu.dbt_utils_unique_combination_of_columns_int_listings__time_on_market_listing_key.4a4d3b49fd: Close
[0m22:07:41.604295 [debug] [Thread-2 (]: On test.ingatlanmizu.dbt_utils_accepted_range_int_listings__time_on_market_days_on_market__1000__1.68670884e3: Close
[0m22:07:41.604492 [debug] [Thread-1 (]: On test.ingatlanmizu.dbt_utils_expression_is_true_int_listings__time_on_market_first_seen_at_last_seen_at.25f1b7951e: Close
[0m22:07:41.604871 [info ] [Thread-4 (]: 91 of 102 PASS dbt_utils_accepted_range_int_listings__time_on_market_times_observed__1000__1  [[32mPASS[0m in 0.04s]
[0m22:07:41.605299 [info ] [Thread-3 (]: 93 of 102 PASS dbt_utils_unique_combination_of_columns_int_listings__time_on_market_listing_key  [[32mPASS[0m in 0.04s]
[0m22:07:41.605733 [info ] [Thread-1 (]: 92 of 102 PASS dbt_utils_expression_is_true_int_listings__time_on_market_first_seen_at_last_seen_at  [[32mPASS[0m in 0.04s]
[0m22:07:41.606132 [debug] [Thread-4 (]: Finished running node test.ingatlanmizu.dbt_utils_accepted_range_int_listings__time_on_market_times_observed__1000__1.ec76e71ad8
[0m22:07:41.606441 [info ] [Thread-2 (]: 90 of 102 PASS dbt_utils_accepted_range_int_listings__time_on_market_days_on_market__1000__1  [[32mPASS[0m in 0.05s]
[0m22:07:41.606779 [debug] [Thread-3 (]: Finished running node test.ingatlanmizu.dbt_utils_unique_combination_of_columns_int_listings__time_on_market_listing_key.4a4d3b49fd
[0m22:07:41.607067 [debug] [Thread-1 (]: Finished running node test.ingatlanmizu.dbt_utils_expression_is_true_int_listings__time_on_market_first_seen_at_last_seen_at.25f1b7951e
[0m22:07:41.607325 [debug] [Thread-4 (]: Began running node test.ingatlanmizu.not_empty_int_listings__time_on_market_listing_key.c68831c381
[0m22:07:41.607693 [debug] [Thread-2 (]: Finished running node test.ingatlanmizu.dbt_utils_accepted_range_int_listings__time_on_market_days_on_market__1000__1.68670884e3
[0m22:07:41.607939 [debug] [Thread-3 (]: Began running node test.ingatlanmizu.not_empty_int_listings__time_on_market_source.ee66b7ce04
[0m22:07:41.608194 [debug] [Thread-1 (]: Began running node test.ingatlanmizu.not_null_int_listings__time_on_market_first_seen_at.92fa524faa
[0m22:07:41.608437 [info ] [Thread-4 (]: 94 of 102 START test not_empty_int_listings__time_on_market_listing_key ........ [RUN]
[0m22:07:41.608687 [debug] [Thread-2 (]: Began running node test.ingatlanmizu.not_null_int_listings__time_on_market_is_active.b285fdcc05
[0m22:07:41.608928 [info ] [Thread-3 (]: 95 of 102 START test not_empty_int_listings__time_on_market_source ............. [RUN]
[0m22:07:41.609193 [info ] [Thread-1 (]: 96 of 102 START test not_null_int_listings__time_on_market_first_seen_at ....... [RUN]
[0m22:07:41.609470 [debug] [Thread-4 (]: Re-using an available connection from the pool (formerly test.ingatlanmizu.dbt_utils_accepted_range_int_listings__time_on_market_times_observed__1000__1.ec76e71ad8, now test.ingatlanmizu.not_empty_int_listings__time_on_market_listing_key.c68831c381)
[0m22:07:41.609705 [info ] [Thread-2 (]: 97 of 102 START test not_null_int_listings__time_on_market_is_active ........... [RUN]
[0m22:07:41.609951 [debug] [Thread-3 (]: Re-using an available connection from the pool (formerly test.ingatlanmizu.dbt_utils_unique_combination_of_columns_int_listings__time_on_market_listing_key.4a4d3b49fd, now test.ingatlanmizu.not_empty_int_listings__time_on_market_source.ee66b7ce04)
[0m22:07:41.610178 [debug] [Thread-1 (]: Re-using an available connection from the pool (formerly test.ingatlanmizu.dbt_utils_expression_is_true_int_listings__time_on_market_first_seen_at_last_seen_at.25f1b7951e, now test.ingatlanmizu.not_null_int_listings__time_on_market_first_seen_at.92fa524faa)
[0m22:07:41.610391 [debug] [Thread-4 (]: Began compiling node test.ingatlanmizu.not_empty_int_listings__time_on_market_listing_key.c68831c381
[0m22:07:41.610608 [debug] [Thread-2 (]: Re-using an available connection from the pool (formerly test.ingatlanmizu.dbt_utils_accepted_range_int_listings__time_on_market_days_on_market__1000__1.68670884e3, now test.ingatlanmizu.not_null_int_listings__time_on_market_is_active.b285fdcc05)
[0m22:07:41.610829 [debug] [Thread-3 (]: Began compiling node test.ingatlanmizu.not_empty_int_listings__time_on_market_source.ee66b7ce04
[0m22:07:41.611039 [debug] [Thread-1 (]: Began compiling node test.ingatlanmizu.not_null_int_listings__time_on_market_first_seen_at.92fa524faa
[0m22:07:41.614696 [debug] [Thread-4 (]: Writing injected SQL for node "test.ingatlanmizu.not_empty_int_listings__time_on_market_listing_key.c68831c381"
[0m22:07:41.614961 [debug] [Thread-2 (]: Began compiling node test.ingatlanmizu.not_null_int_listings__time_on_market_is_active.b285fdcc05
[0m22:07:41.618140 [debug] [Thread-3 (]: Writing injected SQL for node "test.ingatlanmizu.not_empty_int_listings__time_on_market_source.ee66b7ce04"
[0m22:07:41.621331 [debug] [Thread-1 (]: Writing injected SQL for node "test.ingatlanmizu.not_null_int_listings__time_on_market_first_seen_at.92fa524faa"
[0m22:07:41.624660 [debug] [Thread-2 (]: Writing injected SQL for node "test.ingatlanmizu.not_null_int_listings__time_on_market_is_active.b285fdcc05"
[0m22:07:41.625044 [debug] [Thread-4 (]: Began executing node test.ingatlanmizu.not_empty_int_listings__time_on_market_listing_key.c68831c381
[0m22:07:41.625286 [debug] [Thread-3 (]: Began executing node test.ingatlanmizu.not_empty_int_listings__time_on_market_source.ee66b7ce04
[0m22:07:41.625497 [debug] [Thread-1 (]: Began executing node test.ingatlanmizu.not_null_int_listings__time_on_market_first_seen_at.92fa524faa
[0m22:07:41.626250 [debug] [Thread-4 (]: Writing runtime sql for node "test.ingatlanmizu.not_empty_int_listings__time_on_market_listing_key.c68831c381"
[0m22:07:41.627103 [debug] [Thread-3 (]: Writing runtime sql for node "test.ingatlanmizu.not_empty_int_listings__time_on_market_source.ee66b7ce04"
[0m22:07:41.627842 [debug] [Thread-1 (]: Writing runtime sql for node "test.ingatlanmizu.not_null_int_listings__time_on_market_first_seen_at.92fa524faa"
[0m22:07:41.628065 [debug] [Thread-2 (]: Began executing node test.ingatlanmizu.not_null_int_listings__time_on_market_is_active.b285fdcc05
[0m22:07:41.628463 [debug] [Thread-4 (]: Using postgres connection "test.ingatlanmizu.not_empty_int_listings__time_on_market_listing_key.c68831c381"
[0m22:07:41.629278 [debug] [Thread-2 (]: Writing runtime sql for node "test.ingatlanmizu.not_null_int_listings__time_on_market_is_active.b285fdcc05"
[0m22:07:41.629552 [debug] [Thread-4 (]: On test.ingatlanmizu.not_empty_int_listings__time_on_market_listing_key.c68831c381: /* {"app": "dbt", "dbt_version": "1.12.0", "profile_name": "ingatlanmizu", "target_name": "local", "node_id": "test.ingatlanmizu.not_empty_int_listings__time_on_market_listing_key.c68831c381"} */

    
    select
      count(*) as failures,
      count(*) != 0 as should_warn,
      count(*) != 0 as should_error
    from (
      
    
  

select *
from "ingatlanmizu"."silver"."int_listings__time_on_market"
where trim(listing_key) = ''


  
  
      
    ) dbt_internal_test
[0m22:07:41.629799 [debug] [Thread-3 (]: Using postgres connection "test.ingatlanmizu.not_empty_int_listings__time_on_market_source.ee66b7ce04"
[0m22:07:41.630008 [debug] [Thread-1 (]: Using postgres connection "test.ingatlanmizu.not_null_int_listings__time_on_market_first_seen_at.92fa524faa"
[0m22:07:41.630241 [debug] [Thread-4 (]: Opening a new connection, currently in state closed
[0m22:07:41.630487 [debug] [Thread-3 (]: On test.ingatlanmizu.not_empty_int_listings__time_on_market_source.ee66b7ce04: /* {"app": "dbt", "dbt_version": "1.12.0", "profile_name": "ingatlanmizu", "target_name": "local", "node_id": "test.ingatlanmizu.not_empty_int_listings__time_on_market_source.ee66b7ce04"} */

    
    select
      count(*) as failures,
      count(*) != 0 as should_warn,
      count(*) != 0 as should_error
    from (
      
    
  

select *
from "ingatlanmizu"."silver"."int_listings__time_on_market"
where trim(source) = ''


  
  
      
    ) dbt_internal_test
[0m22:07:41.630737 [debug] [Thread-1 (]: On test.ingatlanmizu.not_null_int_listings__time_on_market_first_seen_at.92fa524faa: /* {"app": "dbt", "dbt_version": "1.12.0", "profile_name": "ingatlanmizu", "target_name": "local", "node_id": "test.ingatlanmizu.not_null_int_listings__time_on_market_first_seen_at.92fa524faa"} */

    
    select
      count(*) as failures,
      count(*) != 0 as should_warn,
      count(*) != 0 as should_error
    from (
      
    
  
    
    



select first_seen_at
from "ingatlanmizu"."silver"."int_listings__time_on_market"
where first_seen_at is null



  
  
      
    ) dbt_internal_test
[0m22:07:41.630958 [debug] [Thread-2 (]: Using postgres connection "test.ingatlanmizu.not_null_int_listings__time_on_market_is_active.b285fdcc05"
[0m22:07:41.631207 [debug] [Thread-3 (]: Opening a new connection, currently in state closed
[0m22:07:41.631410 [debug] [Thread-1 (]: Opening a new connection, currently in state closed
[0m22:07:41.631645 [debug] [Thread-2 (]: On test.ingatlanmizu.not_null_int_listings__time_on_market_is_active.b285fdcc05: /* {"app": "dbt", "dbt_version": "1.12.0", "profile_name": "ingatlanmizu", "target_name": "local", "node_id": "test.ingatlanmizu.not_null_int_listings__time_on_market_is_active.b285fdcc05"} */

    
    select
      count(*) as failures,
      count(*) != 0 as should_warn,
      count(*) != 0 as should_error
    from (
      
    
  
    
    



select is_active
from "ingatlanmizu"."silver"."int_listings__time_on_market"
where is_active is null



  
  
      
    ) dbt_internal_test
[0m22:07:41.631981 [debug] [Thread-2 (]: Opening a new connection, currently in state closed
[0m22:07:41.640962 [debug] [Thread-4 (]: SQL status: SELECT 1 in 0.011 seconds
[0m22:07:41.641899 [debug] [Thread-4 (]: On test.ingatlanmizu.not_empty_int_listings__time_on_market_listing_key.c68831c381: ROLLBACK
[0m22:07:41.642166 [debug] [Thread-3 (]: SQL status: SELECT 1 in 0.011 seconds
[0m22:07:41.642422 [debug] [Thread-1 (]: SQL status: SELECT 1 in 0.011 seconds
[0m22:07:41.642656 [debug] [Thread-2 (]: SQL status: SELECT 1 in 0.011 seconds
[0m22:07:41.643461 [debug] [Thread-3 (]: On test.ingatlanmizu.not_empty_int_listings__time_on_market_source.ee66b7ce04: ROLLBACK
[0m22:07:41.643677 [debug] [Thread-4 (]: On test.ingatlanmizu.not_empty_int_listings__time_on_market_listing_key.c68831c381: Close
[0m22:07:41.644418 [debug] [Thread-1 (]: On test.ingatlanmizu.not_null_int_listings__time_on_market_first_seen_at.92fa524faa: ROLLBACK
[0m22:07:41.645156 [debug] [Thread-2 (]: On test.ingatlanmizu.not_null_int_listings__time_on_market_is_active.b285fdcc05: ROLLBACK
[0m22:07:41.645835 [debug] [Thread-3 (]: On test.ingatlanmizu.not_empty_int_listings__time_on_market_source.ee66b7ce04: Close
[0m22:07:41.646063 [debug] [Thread-2 (]: On test.ingatlanmizu.not_null_int_listings__time_on_market_is_active.b285fdcc05: Close
[0m22:07:41.645650 [info ] [Thread-4 (]: 94 of 102 PASS not_empty_int_listings__time_on_market_listing_key .............. [[32mPASS[0m in 0.04s]
[0m22:07:41.646337 [debug] [Thread-1 (]: On test.ingatlanmizu.not_null_int_listings__time_on_market_first_seen_at.92fa524faa: Close
[0m22:07:41.646694 [info ] [Thread-3 (]: 95 of 102 PASS not_empty_int_listings__time_on_market_source ................... [[32mPASS[0m in 0.04s]
[0m22:07:41.647071 [info ] [Thread-2 (]: 97 of 102 PASS not_null_int_listings__time_on_market_is_active ................. [[32mPASS[0m in 0.04s]
[0m22:07:41.647398 [debug] [Thread-4 (]: Finished running node test.ingatlanmizu.not_empty_int_listings__time_on_market_listing_key.c68831c381
[0m22:07:41.647746 [info ] [Thread-1 (]: 96 of 102 PASS not_null_int_listings__time_on_market_first_seen_at ............. [[32mPASS[0m in 0.04s]
[0m22:07:41.648069 [debug] [Thread-3 (]: Finished running node test.ingatlanmizu.not_empty_int_listings__time_on_market_source.ee66b7ce04
[0m22:07:41.648364 [debug] [Thread-2 (]: Finished running node test.ingatlanmizu.not_null_int_listings__time_on_market_is_active.b285fdcc05
[0m22:07:41.648624 [debug] [Thread-4 (]: Began running node test.ingatlanmizu.not_null_int_listings__time_on_market_last_seen_at.15cdb3c0c1
[0m22:07:41.648964 [debug] [Thread-1 (]: Finished running node test.ingatlanmizu.not_null_int_listings__time_on_market_first_seen_at.92fa524faa
[0m22:07:41.649232 [debug] [Thread-3 (]: Began running node test.ingatlanmizu.not_null_int_listings__time_on_market_listing_key.2c4fd4fb7b
[0m22:07:41.649559 [debug] [Thread-2 (]: Began running node test.ingatlanmizu.not_null_int_listings__time_on_market_source.27f58358d1
[0m22:07:41.649797 [info ] [Thread-4 (]: 98 of 102 START test not_null_int_listings__time_on_market_last_seen_at ........ [RUN]
[0m22:07:41.650088 [debug] [Thread-1 (]: Began running node test.ingatlanmizu.unique_int_listings__time_on_market_listing_key.71b7d4696d
[0m22:07:41.650316 [info ] [Thread-3 (]: 99 of 102 START test not_null_int_listings__time_on_market_listing_key ......... [RUN]
[0m22:07:41.650560 [info ] [Thread-2 (]: 100 of 102 START test not_null_int_listings__time_on_market_source ............. [RUN]
[0m22:07:41.650822 [debug] [Thread-4 (]: Re-using an available connection from the pool (formerly test.ingatlanmizu.not_empty_int_listings__time_on_market_listing_key.c68831c381, now test.ingatlanmizu.not_null_int_listings__time_on_market_last_seen_at.15cdb3c0c1)
[0m22:07:41.651036 [info ] [Thread-1 (]: 101 of 102 START test unique_int_listings__time_on_market_listing_key .......... [RUN]
[0m22:07:41.651296 [debug] [Thread-3 (]: Re-using an available connection from the pool (formerly test.ingatlanmizu.not_empty_int_listings__time_on_market_source.ee66b7ce04, now test.ingatlanmizu.not_null_int_listings__time_on_market_listing_key.2c4fd4fb7b)
[0m22:07:41.651518 [debug] [Thread-2 (]: Re-using an available connection from the pool (formerly test.ingatlanmizu.not_null_int_listings__time_on_market_is_active.b285fdcc05, now test.ingatlanmizu.not_null_int_listings__time_on_market_source.27f58358d1)
[0m22:07:41.651722 [debug] [Thread-4 (]: Began compiling node test.ingatlanmizu.not_null_int_listings__time_on_market_last_seen_at.15cdb3c0c1
[0m22:07:41.651932 [debug] [Thread-1 (]: Re-using an available connection from the pool (formerly test.ingatlanmizu.not_null_int_listings__time_on_market_first_seen_at.92fa524faa, now test.ingatlanmizu.unique_int_listings__time_on_market_listing_key.71b7d4696d)
[0m22:07:41.652134 [debug] [Thread-3 (]: Began compiling node test.ingatlanmizu.not_null_int_listings__time_on_market_listing_key.2c4fd4fb7b
[0m22:07:41.652338 [debug] [Thread-2 (]: Began compiling node test.ingatlanmizu.not_null_int_listings__time_on_market_source.27f58358d1
[0m22:07:41.656469 [debug] [Thread-4 (]: Writing injected SQL for node "test.ingatlanmizu.not_null_int_listings__time_on_market_last_seen_at.15cdb3c0c1"
[0m22:07:41.656721 [debug] [Thread-1 (]: Began compiling node test.ingatlanmizu.unique_int_listings__time_on_market_listing_key.71b7d4696d
[0m22:07:41.659936 [debug] [Thread-3 (]: Writing injected SQL for node "test.ingatlanmizu.not_null_int_listings__time_on_market_listing_key.2c4fd4fb7b"
[0m22:07:41.663404 [debug] [Thread-2 (]: Writing injected SQL for node "test.ingatlanmizu.not_null_int_listings__time_on_market_source.27f58358d1"
[0m22:07:41.667977 [debug] [Thread-1 (]: Writing injected SQL for node "test.ingatlanmizu.unique_int_listings__time_on_market_listing_key.71b7d4696d"
[0m22:07:41.668344 [debug] [Thread-4 (]: Began executing node test.ingatlanmizu.not_null_int_listings__time_on_market_last_seen_at.15cdb3c0c1
[0m22:07:41.669334 [debug] [Thread-4 (]: Writing runtime sql for node "test.ingatlanmizu.not_null_int_listings__time_on_market_last_seen_at.15cdb3c0c1"
[0m22:07:41.669583 [debug] [Thread-3 (]: Began executing node test.ingatlanmizu.not_null_int_listings__time_on_market_listing_key.2c4fd4fb7b
[0m22:07:41.669811 [debug] [Thread-2 (]: Began executing node test.ingatlanmizu.not_null_int_listings__time_on_market_source.27f58358d1
[0m22:07:41.670015 [debug] [Thread-1 (]: Began executing node test.ingatlanmizu.unique_int_listings__time_on_market_listing_key.71b7d4696d
[0m22:07:41.670844 [debug] [Thread-3 (]: Writing runtime sql for node "test.ingatlanmizu.not_null_int_listings__time_on_market_listing_key.2c4fd4fb7b"
[0m22:07:41.671619 [debug] [Thread-2 (]: Writing runtime sql for node "test.ingatlanmizu.not_null_int_listings__time_on_market_source.27f58358d1"
[0m22:07:41.672331 [debug] [Thread-1 (]: Writing runtime sql for node "test.ingatlanmizu.unique_int_listings__time_on_market_listing_key.71b7d4696d"
[0m22:07:41.672560 [debug] [Thread-4 (]: Using postgres connection "test.ingatlanmizu.not_null_int_listings__time_on_market_last_seen_at.15cdb3c0c1"
[0m22:07:41.672962 [debug] [Thread-3 (]: Using postgres connection "test.ingatlanmizu.not_null_int_listings__time_on_market_listing_key.2c4fd4fb7b"
[0m22:07:41.673216 [debug] [Thread-4 (]: On test.ingatlanmizu.not_null_int_listings__time_on_market_last_seen_at.15cdb3c0c1: /* {"app": "dbt", "dbt_version": "1.12.0", "profile_name": "ingatlanmizu", "target_name": "local", "node_id": "test.ingatlanmizu.not_null_int_listings__time_on_market_last_seen_at.15cdb3c0c1"} */

    
    select
      count(*) as failures,
      count(*) != 0 as should_warn,
      count(*) != 0 as should_error
    from (
      
    
  
    
    



select last_seen_at
from "ingatlanmizu"."silver"."int_listings__time_on_market"
where last_seen_at is null



  
  
      
    ) dbt_internal_test
[0m22:07:41.673548 [debug] [Thread-2 (]: Using postgres connection "test.ingatlanmizu.not_null_int_listings__time_on_market_source.27f58358d1"
[0m22:07:41.673775 [debug] [Thread-3 (]: On test.ingatlanmizu.not_null_int_listings__time_on_market_listing_key.2c4fd4fb7b: /* {"app": "dbt", "dbt_version": "1.12.0", "profile_name": "ingatlanmizu", "target_name": "local", "node_id": "test.ingatlanmizu.not_null_int_listings__time_on_market_listing_key.2c4fd4fb7b"} */

    
    select
      count(*) as failures,
      count(*) != 0 as should_warn,
      count(*) != 0 as should_error
    from (
      
    
  
    
    



select listing_key
from "ingatlanmizu"."silver"."int_listings__time_on_market"
where listing_key is null



  
  
      
    ) dbt_internal_test
[0m22:07:41.673999 [debug] [Thread-1 (]: Using postgres connection "test.ingatlanmizu.unique_int_listings__time_on_market_listing_key.71b7d4696d"
[0m22:07:41.674200 [debug] [Thread-4 (]: Opening a new connection, currently in state closed
[0m22:07:41.674422 [debug] [Thread-2 (]: On test.ingatlanmizu.not_null_int_listings__time_on_market_source.27f58358d1: /* {"app": "dbt", "dbt_version": "1.12.0", "profile_name": "ingatlanmizu", "target_name": "local", "node_id": "test.ingatlanmizu.not_null_int_listings__time_on_market_source.27f58358d1"} */

    
    select
      count(*) as failures,
      count(*) != 0 as should_warn,
      count(*) != 0 as should_error
    from (
      
    
  
    
    



select source
from "ingatlanmizu"."silver"."int_listings__time_on_market"
where source is null



  
  
      
    ) dbt_internal_test
[0m22:07:41.674637 [debug] [Thread-3 (]: Opening a new connection, currently in state closed
[0m22:07:41.674865 [debug] [Thread-1 (]: On test.ingatlanmizu.unique_int_listings__time_on_market_listing_key.71b7d4696d: /* {"app": "dbt", "dbt_version": "1.12.0", "profile_name": "ingatlanmizu", "target_name": "local", "node_id": "test.ingatlanmizu.unique_int_listings__time_on_market_listing_key.71b7d4696d"} */

    
    select
      count(*) as failures,
      count(*) != 0 as should_warn,
      count(*) != 0 as should_error
    from (
      
    
  
    
    

select
    listing_key as unique_field,
    count(*) as n_records

from "ingatlanmizu"."silver"."int_listings__time_on_market"
where listing_key is not null
group by listing_key
having count(*) > 1



  
  
      
    ) dbt_internal_test
[0m22:07:41.675164 [debug] [Thread-2 (]: Opening a new connection, currently in state closed
[0m22:07:41.675439 [debug] [Thread-1 (]: Opening a new connection, currently in state closed
[0m22:07:41.686889 [debug] [Thread-3 (]: SQL status: SELECT 1 in 0.012 seconds
[0m22:07:41.687161 [debug] [Thread-4 (]: SQL status: SELECT 1 in 0.013 seconds
[0m22:07:41.687393 [debug] [Thread-1 (]: SQL status: SELECT 1 in 0.012 seconds
[0m22:07:41.687613 [debug] [Thread-2 (]: SQL status: SELECT 1 in 0.012 seconds
[0m22:07:41.688510 [debug] [Thread-3 (]: On test.ingatlanmizu.not_null_int_listings__time_on_market_listing_key.2c4fd4fb7b: ROLLBACK
[0m22:07:41.689274 [debug] [Thread-4 (]: On test.ingatlanmizu.not_null_int_listings__time_on_market_last_seen_at.15cdb3c0c1: ROLLBACK
[0m22:07:41.690009 [debug] [Thread-1 (]: On test.ingatlanmizu.unique_int_listings__time_on_market_listing_key.71b7d4696d: ROLLBACK
[0m22:07:41.690696 [debug] [Thread-2 (]: On test.ingatlanmizu.not_null_int_listings__time_on_market_source.27f58358d1: ROLLBACK
[0m22:07:41.691228 [debug] [Thread-1 (]: On test.ingatlanmizu.unique_int_listings__time_on_market_listing_key.71b7d4696d: Close
[0m22:07:41.691461 [debug] [Thread-2 (]: On test.ingatlanmizu.not_null_int_listings__time_on_market_source.27f58358d1: Close
[0m22:07:41.691689 [debug] [Thread-3 (]: On test.ingatlanmizu.not_null_int_listings__time_on_market_listing_key.2c4fd4fb7b: Close
[0m22:07:41.691889 [debug] [Thread-4 (]: On test.ingatlanmizu.not_null_int_listings__time_on_market_last_seen_at.15cdb3c0c1: Close
[0m22:07:41.692264 [info ] [Thread-1 (]: 101 of 102 PASS unique_int_listings__time_on_market_listing_key ................ [[32mPASS[0m in 0.04s]
[0m22:07:41.692604 [info ] [Thread-2 (]: 100 of 102 PASS not_null_int_listings__time_on_market_source ................... [[32mPASS[0m in 0.04s]
[0m22:07:41.693362 [debug] [Thread-1 (]: Finished running node test.ingatlanmizu.unique_int_listings__time_on_market_listing_key.71b7d4696d
[0m22:07:41.693065 [info ] [Thread-3 (]: 99 of 102 PASS not_null_int_listings__time_on_market_listing_key ............... [[32mPASS[0m in 0.04s]
[0m22:07:41.693673 [info ] [Thread-4 (]: 98 of 102 PASS not_null_int_listings__time_on_market_last_seen_at .............. [[32mPASS[0m in 0.04s]
[0m22:07:41.694078 [debug] [Thread-2 (]: Finished running node test.ingatlanmizu.not_null_int_listings__time_on_market_source.27f58358d1
[0m22:07:41.694457 [debug] [Thread-3 (]: Finished running node test.ingatlanmizu.not_null_int_listings__time_on_market_listing_key.2c4fd4fb7b
[0m22:07:41.694759 [debug] [Thread-4 (]: Finished running node test.ingatlanmizu.not_null_int_listings__time_on_market_last_seen_at.15cdb3c0c1
[0m22:07:41.695288 [debug] [Thread-1 (]: Began running node model.ingatlanmizu.mart_average_time_on_market
[0m22:07:41.695629 [info ] [Thread-1 (]: 102 of 102 START sql table model gold.mart_average_time_on_market .............. [RUN]
[0m22:07:41.695931 [debug] [Thread-1 (]: Re-using an available connection from the pool (formerly test.ingatlanmizu.unique_int_listings__time_on_market_listing_key.71b7d4696d, now model.ingatlanmizu.mart_average_time_on_market)
[0m22:07:41.696155 [debug] [Thread-1 (]: Began compiling node model.ingatlanmizu.mart_average_time_on_market
[0m22:07:41.697147 [debug] [Thread-1 (]: Writing injected SQL for node "model.ingatlanmizu.mart_average_time_on_market"
[0m22:07:41.697898 [debug] [Thread-1 (]: Began executing node model.ingatlanmizu.mart_average_time_on_market
[0m22:07:41.709353 [debug] [Thread-1 (]: Writing runtime sql for node "model.ingatlanmizu.mart_average_time_on_market"
[0m22:07:41.709780 [debug] [Thread-1 (]: Using postgres connection "model.ingatlanmizu.mart_average_time_on_market"
[0m22:07:41.710010 [debug] [Thread-1 (]: On model.ingatlanmizu.mart_average_time_on_market: /* {"app": "dbt", "dbt_version": "1.12.0", "profile_name": "ingatlanmizu", "target_name": "local", "node_id": "model.ingatlanmizu.mart_average_time_on_market"} */

  
    

  create  table "ingatlanmizu"."gold"."mart_average_time_on_market__dbt_tmp"
  
  
    as
  
  (
    select
	count(*) as sold_listings,
	round(avg(days_on_market), 2) as average_days_on_market,
	percentile_cont(0.5) within group (order by days_on_market) as median_days_on_market
from "ingatlanmizu"."silver"."int_listings__time_on_market"
where is_active is false
  );
  
[0m22:07:41.710217 [debug] [Thread-1 (]: Opening a new connection, currently in state closed
[0m22:07:41.723644 [debug] [Thread-1 (]: SQL status: SELECT 1 in 0.013 seconds
[0m22:07:41.726781 [debug] [Thread-1 (]: Using postgres connection "model.ingatlanmizu.mart_average_time_on_market"
[0m22:07:41.727016 [debug] [Thread-1 (]: On model.ingatlanmizu.mart_average_time_on_market: /* {"app": "dbt", "dbt_version": "1.12.0", "profile_name": "ingatlanmizu", "target_name": "local", "node_id": "model.ingatlanmizu.mart_average_time_on_market"} */
alter table "ingatlanmizu"."gold"."mart_average_time_on_market" rename to "mart_average_time_on_market__dbt_backup"
[0m22:07:41.727532 [debug] [Thread-1 (]: SQL status: ALTER TABLE in 0.000 seconds
[0m22:07:41.728591 [debug] [Thread-1 (]: Using postgres connection "model.ingatlanmizu.mart_average_time_on_market"
[0m22:07:41.728818 [debug] [Thread-1 (]: On model.ingatlanmizu.mart_average_time_on_market: /* {"app": "dbt", "dbt_version": "1.12.0", "profile_name": "ingatlanmizu", "target_name": "local", "node_id": "model.ingatlanmizu.mart_average_time_on_market"} */
alter table "ingatlanmizu"."gold"."mart_average_time_on_market__dbt_tmp" rename to "mart_average_time_on_market"
[0m22:07:41.729529 [debug] [Thread-1 (]: SQL status: ALTER TABLE in 0.000 seconds
[0m22:07:41.730496 [debug] [Thread-1 (]: On model.ingatlanmizu.mart_average_time_on_market: COMMIT
[0m22:07:41.730724 [debug] [Thread-1 (]: Using postgres connection "model.ingatlanmizu.mart_average_time_on_market"
[0m22:07:41.730921 [debug] [Thread-1 (]: On model.ingatlanmizu.mart_average_time_on_market: COMMIT
[0m22:07:41.731669 [debug] [Thread-1 (]: SQL status: COMMIT in 0.001 seconds
[0m22:07:41.732384 [debug] [Thread-1 (]: Applying DROP to: "ingatlanmizu"."gold"."mart_average_time_on_market__dbt_backup"
[0m22:07:41.733817 [debug] [Thread-1 (]: Using postgres connection "model.ingatlanmizu.mart_average_time_on_market"
[0m22:07:41.734052 [debug] [Thread-1 (]: On model.ingatlanmizu.mart_average_time_on_market: /* {"app": "dbt", "dbt_version": "1.12.0", "profile_name": "ingatlanmizu", "target_name": "local", "node_id": "model.ingatlanmizu.mart_average_time_on_market"} */
drop table if exists "ingatlanmizu"."gold"."mart_average_time_on_market__dbt_backup" cascade
[0m22:07:41.740548 [debug] [Thread-1 (]: SQL status: DROP TABLE in 0.006 seconds
[0m22:07:41.741302 [debug] [Thread-1 (]: On model.ingatlanmizu.mart_average_time_on_market: Close
[0m22:07:41.741651 [debug] [Thread-1 (]: Sending event: {'category': 'dbt', 'action': 'run_model', 'label': '94a21f92-eac0-4252-9a70-88bf17112572', 'context': [<snowplow_tracker.self_describing_json.SelfDescribingJson object at 0x108d4b0e0>]}
[0m22:07:41.742016 [info ] [Thread-1 (]: 102 of 102 OK created sql table model gold.mart_average_time_on_market ......... [[32mSELECT 1[0m in 0.05s]
[0m22:07:41.742334 [debug] [Thread-1 (]: Finished running node model.ingatlanmizu.mart_average_time_on_market
[0m22:07:41.743056 [debug] [MainThread]: On master: COMMIT
[0m22:07:41.743249 [debug] [MainThread]: Using postgres connection "master"
[0m22:07:41.743425 [debug] [MainThread]: On master: COMMIT
[0m22:07:41.743589 [debug] [MainThread]: Opening a new connection, currently in state closed
[0m22:07:41.749744 [debug] [MainThread]: SQL status: COMMIT in 0.006 seconds
[0m22:07:41.749952 [debug] [MainThread]: On master: Close
[0m22:07:41.750201 [debug] [MainThread]: Connection 'master' was properly closed.
[0m22:07:41.750377 [debug] [MainThread]: Connection 'model.ingatlanmizu.mart_average_time_on_market' was properly closed.
[0m22:07:41.750543 [debug] [MainThread]: Connection 'test.ingatlanmizu.not_null_int_listings__time_on_market_source.27f58358d1' was properly closed.
[0m22:07:41.750702 [debug] [MainThread]: Connection 'test.ingatlanmizu.not_null_int_listings__time_on_market_listing_key.2c4fd4fb7b' was properly closed.
[0m22:07:41.750865 [debug] [MainThread]: Connection 'test.ingatlanmizu.not_null_int_listings__time_on_market_last_seen_at.15cdb3c0c1' was properly closed.
[0m22:07:41.751128 [info ] [MainThread]: 
[0m22:07:41.751325 [info ] [MainThread]: Finished running 3 table models, 91 data tests, 8 view models in 0 hours 0 minutes and 1.06 seconds (1.06s).
[0m22:07:41.754752 [debug] [MainThread]: Command end result
[0m22:07:41.800125 [debug] [MainThread]: Wrote artifact WritableManifest to transform/target/manifest.json
[0m22:07:41.801588 [debug] [MainThread]: Wrote artifact SemanticManifest to transform/target/semantic_manifest.json
[0m22:07:41.802911 [debug] [MainThread]: Wrote artifact OsiDocument to transform/target/osi_document.json
[0m22:07:41.808848 [debug] [MainThread]: Wrote artifact RunExecutionResult to transform/target/run_results.json
[0m22:07:41.809085 [info ] [MainThread]: 
[0m22:07:41.809310 [info ] [MainThread]: [31mCompleted with 1 error, 0 partial successes, and 0 warnings:[0m
[0m22:07:41.809503 [info ] [MainThread]: 
[0m22:07:41.809734 [error] [MainThread]: [[31mERROR[0m]: in model stg_zenga__listing_versions (models/staging/zenga/stg_zenga__listing_versions.sql)
[0m22:07:41.809963 [error] [MainThread]:   Database Error in model stg_zenga__listing_versions (models/staging/zenga/stg_zenga__listing_versions.sql)
  syntax error at or near "no"
  LINE 11:         where ar is no null
                               ^
  compiled code at target/run/ingatlanmizu/models/staging/zenga/stg_zenga__listing_versions.sql
[0m22:07:41.810138 [info ] [MainThread]: 
[0m22:07:41.810340 [info ] [MainThread]:   compiled code at target/compiled/ingatlanmizu/models/staging/zenga/stg_zenga__listing_versions.sql
[0m22:07:41.810538 [info ] [MainThread]: 
[0m22:07:41.810725 [info ] [MainThread]: Done. PASS=41 WARN=0 ERROR=1 SKIP=60 NO-OP=0 REUSED=0 TOTAL=102
[0m22:07:41.811089 [warn ] [MainThread]: [[33mWARNING[0m][DeprecationsSummary]: Deprecated functionality
Summary of encountered deprecations:
- MissingArgumentsPropertyInGenericTestDeprecation: 8 occurrences
- PropertyMovedToConfigDeprecation: 2 occurrences
To see all deprecation instances instead of just the first occurrence of each,
run command again with the `--show-all-deprecations` flag. You may also need to
run with `--no-partial-parse` as some deprecations are only encountered during
parsing.
[0m22:07:41.812643 [debug] [MainThread]: Resource report: {"command_name": "build", "command_success": false, "command_wall_clock_time": 2.0680091, "process_in_blocks": "0", "process_kernel_time": 0.238057, "process_mem_max_rss": "160137216", "process_out_blocks": "0", "process_user_time": 2.271831}
[0m22:07:41.812900 [debug] [MainThread]: Command `dbt build` failed at 22:07:41.812858 after 2.07 seconds
[0m22:07:41.813124 [debug] [MainThread]: Sending event: {'category': 'dbt', 'action': 'invocation', 'label': 'end', 'context': [<snowplow_tracker.self_describing_json.SelfDescribingJson object at 0x106616510>, <snowplow_tracker.self_describing_json.SelfDescribingJson object at 0x107116a80>, <snowplow_tracker.self_describing_json.SelfDescribingJson object at 0x108422270>]}
[0m22:07:41.813337 [debug] [MainThread]: Flushing usage events
[0m22:07:43.495409 [debug] [MainThread]: An error was encountered while trying to flush usage events
[0m22:07:53.918642 [debug] [MainThread]: Sending event: {'category': 'dbt', 'action': 'invocation', 'label': 'start', 'context': [<snowplow_tracker.self_describing_json.SelfDescribingJson object at 0x1028e2030>, <snowplow_tracker.self_describing_json.SelfDescribingJson object at 0x10572d7c0>, <snowplow_tracker.self_describing_json.SelfDescribingJson object at 0x10572d370>]}


============================== 22:07:53.921415 | 044e9b88-1d80-41a6-9cd0-7a799dcb6f55 ==============================
[0m22:07:53.921415 [info ] [MainThread]: Running with dbt=1.12.0
[0m22:07:53.921783 [debug] [MainThread]: running dbt with arguments {'log_cache_events': 'False', 'cache_selected_only': 'False', 'indirect_selection': 'eager', 'maximum_seed_size_mib': '1', 'partial_parse': 'True', 'invocation_command': 'dbt build', 'version_check': 'True', 'warn_error': 'None', 'no_print': 'None', 'write_json': 'True', 'fail_fast': 'False', 'log_path': 'transform/logs', 'empty': 'False', 'use_colors': 'True', 'printer_width': '80', 'target_path': 'None', 'hints_enabled': 'True', 'send_anonymous_usage_stats': 'True', 'static_parser': 'True', 'profiles_dir': 'transform', 'use_experimental_parser': 'False', 'warn_error_options': 'WarnErrorOptionsV2(error=[], warn=[], silence=[])', 'debug': 'False', 'introspect': 'True', 'quiet': 'False', 'log_format': 'default'}
[0m22:07:54.033576 [debug] [MainThread]: Sending event: {'category': 'dbt', 'action': 'project_id', 'label': '044e9b88-1d80-41a6-9cd0-7a799dcb6f55', 'context': [<snowplow_tracker.self_describing_json.SelfDescribingJson object at 0x104c43da0>]}
[0m22:07:54.067830 [debug] [MainThread]: Sending event: {'category': 'dbt', 'action': 'adapter_info', 'label': '044e9b88-1d80-41a6-9cd0-7a799dcb6f55', 'context': [<snowplow_tracker.self_describing_json.SelfDescribingJson object at 0x1057e8f80>]}
[0m22:07:54.068492 [info ] [MainThread]: Registered adapter: postgres=1.11.0
[0m22:07:54.136334 [debug] [MainThread]: checksum: 63303165495155cf70de5895742d8bdb211a382d266dccdb4c547ed748c8f641, vars: {}, profile: ingatlanmizu, target: local, version: 1.12.0
[0m22:07:54.258409 [debug] [MainThread]: Partial parsing enabled: 0 files deleted, 0 files added, 1 files changed.
[0m22:07:54.259031 [debug] [MainThread]: Partial parsing: updated file: ingatlanmizu://models/staging/zenga/stg_zenga__listing_versions.sql
[0m22:07:54.557741 [warn ] [MainThread]: [[33mWARNING[0m][MissingArgumentsPropertyInGenericTestDeprecation]: Deprecated
functionality
Found top-level arguments to test
`dbt_expectations.expect_column_values_to_match_like_pattern` defined on
'stg_zenga__listing_versions' in package 'ingatlanmizu'
(models/staging/zenga/_zenga__models.yml). Arguments to generic tests should be
nested under the `arguments` property.
[0m22:07:54.558127 [debug] [MainThread]: Sending event: {'category': 'dbt', 'action': 'deprecation', 'label': '044e9b88-1d80-41a6-9cd0-7a799dcb6f55', 'property_': 'warn', 'context': [<snowplow_tracker.self_describing_json.SelfDescribingJson object at 0x106db2ae0>]}
[0m22:07:54.595981 [warn ] [MainThread]: [[33mWARNING[0m][PropertyMovedToConfigDeprecation]: Deprecated functionality
Found `severity` as a top-level property of
`data_tests.accepted_values.severity` in file
`models/staging/zenga/_zenga__models.yml`. The `severity` top-level property
should be moved into the `config` of `data_tests.accepted_values.severity`.
[0m22:07:54.596298 [debug] [MainThread]: Sending event: {'category': 'dbt', 'action': 'deprecation', 'label': '044e9b88-1d80-41a6-9cd0-7a799dcb6f55', 'property_': 'warn', 'context': [<snowplow_tracker.self_describing_json.SelfDescribingJson object at 0x106f30650>]}
[0m22:07:54.654703 [debug] [MainThread]: Sending event: {'category': 'dbt', 'action': 'load_project', 'label': '044e9b88-1d80-41a6-9cd0-7a799dcb6f55', 'context': [<snowplow_tracker.self_describing_json.SelfDescribingJson object at 0x103341280>]}
[0m22:07:54.737992 [debug] [MainThread]: Wrote artifact WritableManifest to transform/target/manifest.json
[0m22:07:54.739857 [debug] [MainThread]: Wrote artifact SemanticManifest to transform/target/semantic_manifest.json
[0m22:07:54.751883 [debug] [MainThread]: Wrote artifact OsiDocument to transform/target/osi_document.json
[0m22:07:54.770957 [debug] [MainThread]: Sending event: {'category': 'dbt', 'action': 'resource_counts', 'label': '044e9b88-1d80-41a6-9cd0-7a799dcb6f55', 'context': [<snowplow_tracker.self_describing_json.SelfDescribingJson object at 0x1058169f0>]}
[0m22:07:54.771242 [info ] [MainThread]: Found 11 models, 91 data tests, 2 sources, 909 macros
[0m22:07:54.775406 [info ] [MainThread]: 
[0m22:07:54.775651 [info ] [MainThread]: Concurrency: 4 threads (target='local')
[0m22:07:54.775840 [info ] [MainThread]: 
[0m22:07:54.776139 [debug] [MainThread]: Acquiring new postgres connection 'master'
[0m22:07:54.778331 [debug] [ThreadPool]: Acquiring new postgres connection 'list_ingatlanmizu'
[0m22:07:54.778653 [debug] [ThreadPool]: Acquiring new postgres connection 'list_ingatlanmizu'
[0m22:07:54.804954 [debug] [ThreadPool]: Using postgres connection "list_ingatlanmizu"
[0m22:07:54.805174 [debug] [ThreadPool]: Using postgres connection "list_ingatlanmizu"
[0m22:07:54.805399 [debug] [ThreadPool]: On list_ingatlanmizu: /* {"app": "dbt", "dbt_version": "1.12.0", "profile_name": "ingatlanmizu", "target_name": "local", "connection_name": "list_ingatlanmizu"} */

    select distinct nspname from pg_namespace
  
[0m22:07:54.805603 [debug] [ThreadPool]: On list_ingatlanmizu: /* {"app": "dbt", "dbt_version": "1.12.0", "profile_name": "ingatlanmizu", "target_name": "local", "connection_name": "list_ingatlanmizu"} */

    select distinct nspname from pg_namespace
  
[0m22:07:54.805786 [debug] [ThreadPool]: Opening a new connection, currently in state init
[0m22:07:54.805953 [debug] [ThreadPool]: Opening a new connection, currently in state init
[0m22:07:54.840757 [debug] [ThreadPool]: SQL status: SELECT 7 in 0.035 seconds
[0m22:07:54.840965 [debug] [ThreadPool]: SQL status: SELECT 7 in 0.035 seconds
[0m22:07:54.841684 [debug] [ThreadPool]: On list_ingatlanmizu: Close
[0m22:07:54.842287 [debug] [ThreadPool]: On list_ingatlanmizu: Close
[0m22:07:54.843383 [debug] [ThreadPool]: Re-using an available connection from the pool (formerly list_ingatlanmizu, now list_ingatlanmizu_gold)
[0m22:07:54.845964 [debug] [ThreadPool]: Using postgres connection "list_ingatlanmizu_gold"
[0m22:07:54.846243 [debug] [ThreadPool]: Re-using an available connection from the pool (formerly list_ingatlanmizu, now list_ingatlanmizu_silver)
[0m22:07:54.846469 [debug] [ThreadPool]: On list_ingatlanmizu_gold: /* {"app": "dbt", "dbt_version": "1.12.0", "profile_name": "ingatlanmizu", "target_name": "local", "connection_name": "list_ingatlanmizu_gold"} */
select
      'ingatlanmizu' as database,
      tablename as name,
      schemaname as schema,
      'table' as type
    from pg_tables
    where schemaname ilike 'gold'
    union all
    select
      'ingatlanmizu' as database,
      viewname as name,
      schemaname as schema,
      'view' as type
    from pg_views
    where schemaname ilike 'gold'
    union all
    select
      'ingatlanmizu' as database,
      matviewname as name,
      schemaname as schema,
      'materialized_view' as type
    from pg_matviews
    where schemaname ilike 'gold'
    union all
    select distinct
     'ingatlanmizu' as database,
     proname as name,
     ns.nspname as schema,
     'function' as type
    from pg_proc
     join pg_namespace as ns on pronamespace = ns.oid
    where ns.nspname ilike 'gold'
  
[0m22:07:54.847135 [debug] [ThreadPool]: Using postgres connection "list_ingatlanmizu_silver"
[0m22:07:54.847328 [debug] [ThreadPool]: Opening a new connection, currently in state closed
[0m22:07:54.847536 [debug] [ThreadPool]: On list_ingatlanmizu_silver: /* {"app": "dbt", "dbt_version": "1.12.0", "profile_name": "ingatlanmizu", "target_name": "local", "connection_name": "list_ingatlanmizu_silver"} */
select
      'ingatlanmizu' as database,
      tablename as name,
      schemaname as schema,
      'table' as type
    from pg_tables
    where schemaname ilike 'silver'
    union all
    select
      'ingatlanmizu' as database,
      viewname as name,
      schemaname as schema,
      'view' as type
    from pg_views
    where schemaname ilike 'silver'
    union all
    select
      'ingatlanmizu' as database,
      matviewname as name,
      schemaname as schema,
      'materialized_view' as type
    from pg_matviews
    where schemaname ilike 'silver'
    union all
    select distinct
     'ingatlanmizu' as database,
     proname as name,
     ns.nspname as schema,
     'function' as type
    from pg_proc
     join pg_namespace as ns on pronamespace = ns.oid
    where ns.nspname ilike 'silver'
  
[0m22:07:54.847799 [debug] [ThreadPool]: Opening a new connection, currently in state closed
[0m22:07:54.865484 [debug] [ThreadPool]: SQL status: SELECT 3 in 0.018 seconds
[0m22:07:54.865696 [debug] [ThreadPool]: SQL status: SELECT 6 in 0.018 seconds
[0m22:07:54.866424 [debug] [ThreadPool]: On list_ingatlanmizu_gold: ROLLBACK
[0m22:07:54.867057 [debug] [ThreadPool]: On list_ingatlanmizu_silver: ROLLBACK
[0m22:07:54.867521 [debug] [ThreadPool]: On list_ingatlanmizu_gold: Close
[0m22:07:54.867701 [debug] [ThreadPool]: On list_ingatlanmizu_silver: Close
[0m22:07:54.870572 [debug] [MainThread]: Using postgres connection "master"
[0m22:07:54.870841 [debug] [MainThread]: On master: /* {"app": "dbt", "dbt_version": "1.12.0", "profile_name": "ingatlanmizu", "target_name": "local", "connection_name": "master"} */
select distinct
        dependent_namespace.nspname as dependent_schema,
        dependent_class.relname as dependent_name,
        referenced_namespace.nspname as referenced_schema,
        referenced_class.relname as referenced_name

    -- Query for views: views are entries in pg_class with an entry in pg_rewrite, but we avoid
    -- a seq scan on pg_rewrite by leveraging the fact there is an "internal" row in pg_depend for
    -- the view...
    from pg_class as dependent_class
    join pg_namespace as dependent_namespace on dependent_namespace.oid = dependent_class.relnamespace
    join pg_depend as dependent_depend on dependent_depend.refobjid = dependent_class.oid
        and dependent_depend.classid = 'pg_rewrite'::regclass
        and dependent_depend.refclassid = 'pg_class'::regclass
        and dependent_depend.deptype = 'i'

    -- ... and via pg_depend (that has a row per column, hence the need for "distinct" above, and
    -- making sure to exclude the internal row to avoid a view appearing to depend on itself)...
    join pg_depend as joining_depend on joining_depend.objid = dependent_depend.objid
        and joining_depend.classid = 'pg_rewrite'::regclass
        and joining_depend.refclassid = 'pg_class'::regclass
        and joining_depend.refobjid != dependent_depend.refobjid

    -- ... we can find the tables they query from in pg_class, but excluding system tables. Note we
    -- don't need need to exclude _dependent_ system tables, because they only query from other
    -- system tables, and so are automatically excluded by excluding _referenced_ system tables
    join pg_class as referenced_class on referenced_class.oid = joining_depend.refobjid
    join pg_namespace as referenced_namespace on referenced_namespace.oid = referenced_class.relnamespace
        and referenced_namespace.nspname != 'information_schema'
        and referenced_namespace.nspname not like 'pg\_%'

    order by
        dependent_schema, dependent_name, referenced_schema, referenced_name;
[0m22:07:54.871082 [debug] [MainThread]: Opening a new connection, currently in state init
[0m22:07:54.882156 [debug] [MainThread]: SQL status: SELECT 4 in 0.011 seconds
[0m22:07:54.883064 [debug] [MainThread]: Sending event: {'category': 'dbt', 'action': 'runnable_timing', 'label': '044e9b88-1d80-41a6-9cd0-7a799dcb6f55', 'context': [<snowplow_tracker.self_describing_json.SelfDescribingJson object at 0x106762b70>]}
[0m22:07:54.883333 [debug] [MainThread]: On master: ROLLBACK
[0m22:07:54.883716 [debug] [MainThread]: On master: COMMIT
[0m22:07:54.883930 [debug] [MainThread]: Using postgres connection "master"
[0m22:07:54.884108 [debug] [MainThread]: On master: COMMIT
[0m22:07:54.884589 [debug] [MainThread]: SQL status: COMMIT in 0.000 seconds
[0m22:07:54.884770 [debug] [MainThread]: On master: Close
[0m22:07:54.886985 [debug] [Thread-1 (]: Began running node test.ingatlanmizu.source_not_empty_bronze_zenga_listing_versions_alapterulet.587e43f482
[0m22:07:54.887231 [debug] [Thread-2 (]: Began running node test.ingatlanmizu.source_not_empty_bronze_zenga_listing_versions_ar.30dced9905
[0m22:07:54.887487 [info ] [Thread-1 (]: 1 of 102 START test source_not_empty_bronze_zenga_listing_versions_alapterulet . [RUN]
[0m22:07:54.887728 [debug] [Thread-3 (]: Began running node test.ingatlanmizu.source_not_null_bronze_zenga_listing_versions_hirdeteskod.c6ad6dc23a
[0m22:07:54.887946 [debug] [Thread-4 (]: Began running node test.ingatlanmizu.source_not_null_bronze_zenga_listing_versions_payload_hash.be33627189
[0m22:07:54.888180 [info ] [Thread-2 (]: 2 of 102 START test source_not_empty_bronze_zenga_listing_versions_ar .......... [RUN]
[0m22:07:54.888452 [debug] [Thread-1 (]: Re-using an available connection from the pool (formerly list_ingatlanmizu_gold, now test.ingatlanmizu.source_not_empty_bronze_zenga_listing_versions_alapterulet.587e43f482)
[0m22:07:54.888684 [info ] [Thread-3 (]: 3 of 102 START test source_not_null_bronze_zenga_listing_versions_hirdeteskod .. [RUN]
[0m22:07:54.888906 [info ] [Thread-4 (]: 4 of 102 START test source_not_null_bronze_zenga_listing_versions_payload_hash . [RUN]
[0m22:07:54.889141 [debug] [Thread-2 (]: Re-using an available connection from the pool (formerly list_ingatlanmizu_silver, now test.ingatlanmizu.source_not_empty_bronze_zenga_listing_versions_ar.30dced9905)
[0m22:07:54.889350 [debug] [Thread-1 (]: Began compiling node test.ingatlanmizu.source_not_empty_bronze_zenga_listing_versions_alapterulet.587e43f482
[0m22:07:54.889612 [debug] [Thread-3 (]: Acquiring new postgres connection 'test.ingatlanmizu.source_not_null_bronze_zenga_listing_versions_hirdeteskod.c6ad6dc23a'
[0m22:07:54.889868 [debug] [Thread-4 (]: Acquiring new postgres connection 'test.ingatlanmizu.source_not_null_bronze_zenga_listing_versions_payload_hash.be33627189'
[0m22:07:54.890072 [debug] [Thread-2 (]: Began compiling node test.ingatlanmizu.source_not_empty_bronze_zenga_listing_versions_ar.30dced9905
[0m22:07:54.895786 [debug] [Thread-1 (]: Writing injected SQL for node "test.ingatlanmizu.source_not_empty_bronze_zenga_listing_versions_alapterulet.587e43f482"
[0m22:07:54.896023 [debug] [Thread-3 (]: Began compiling node test.ingatlanmizu.source_not_null_bronze_zenga_listing_versions_hirdeteskod.c6ad6dc23a
[0m22:07:54.896249 [debug] [Thread-4 (]: Began compiling node test.ingatlanmizu.source_not_null_bronze_zenga_listing_versions_payload_hash.be33627189
[0m22:07:54.899504 [debug] [Thread-2 (]: Writing injected SQL for node "test.ingatlanmizu.source_not_empty_bronze_zenga_listing_versions_ar.30dced9905"
[0m22:07:54.905067 [debug] [Thread-3 (]: Writing injected SQL for node "test.ingatlanmizu.source_not_null_bronze_zenga_listing_versions_hirdeteskod.c6ad6dc23a"
[0m22:07:54.908344 [debug] [Thread-4 (]: Writing injected SQL for node "test.ingatlanmizu.source_not_null_bronze_zenga_listing_versions_payload_hash.be33627189"
[0m22:07:54.908684 [debug] [Thread-1 (]: Began executing node test.ingatlanmizu.source_not_empty_bronze_zenga_listing_versions_alapterulet.587e43f482
[0m22:07:54.909055 [debug] [Thread-2 (]: Began executing node test.ingatlanmizu.source_not_empty_bronze_zenga_listing_versions_ar.30dced9905
[0m22:07:54.909290 [debug] [Thread-3 (]: Began executing node test.ingatlanmizu.source_not_null_bronze_zenga_listing_versions_hirdeteskod.c6ad6dc23a
[0m22:07:54.918323 [debug] [Thread-1 (]: Writing runtime sql for node "test.ingatlanmizu.source_not_empty_bronze_zenga_listing_versions_alapterulet.587e43f482"
[0m22:07:54.918546 [debug] [Thread-4 (]: Began executing node test.ingatlanmizu.source_not_null_bronze_zenga_listing_versions_payload_hash.be33627189
[0m22:07:54.919285 [debug] [Thread-2 (]: Writing runtime sql for node "test.ingatlanmizu.source_not_empty_bronze_zenga_listing_versions_ar.30dced9905"
[0m22:07:54.920046 [debug] [Thread-3 (]: Writing runtime sql for node "test.ingatlanmizu.source_not_null_bronze_zenga_listing_versions_hirdeteskod.c6ad6dc23a"
[0m22:07:54.920852 [debug] [Thread-4 (]: Writing runtime sql for node "test.ingatlanmizu.source_not_null_bronze_zenga_listing_versions_payload_hash.be33627189"
[0m22:07:54.921212 [debug] [Thread-1 (]: Using postgres connection "test.ingatlanmizu.source_not_empty_bronze_zenga_listing_versions_alapterulet.587e43f482"
[0m22:07:54.921537 [debug] [Thread-1 (]: On test.ingatlanmizu.source_not_empty_bronze_zenga_listing_versions_alapterulet.587e43f482: /* {"app": "dbt", "dbt_version": "1.12.0", "profile_name": "ingatlanmizu", "target_name": "local", "node_id": "test.ingatlanmizu.source_not_empty_bronze_zenga_listing_versions_alapterulet.587e43f482"} */

    
    select
      count(*) as failures,
      count(*) != 0 as should_warn,
      count(*) != 0 as should_error
    from (
      
    
  

select *
from "ingatlanmizu"."bronze"."zenga_listing_versions"
where trim(alapterulet) = ''


  
  
      
    ) dbt_internal_test
[0m22:07:54.921811 [debug] [Thread-2 (]: Using postgres connection "test.ingatlanmizu.source_not_empty_bronze_zenga_listing_versions_ar.30dced9905"
[0m22:07:54.922042 [debug] [Thread-1 (]: Opening a new connection, currently in state closed
[0m22:07:54.922263 [debug] [Thread-3 (]: Using postgres connection "test.ingatlanmizu.source_not_null_bronze_zenga_listing_versions_hirdeteskod.c6ad6dc23a"
[0m22:07:54.922466 [debug] [Thread-4 (]: Using postgres connection "test.ingatlanmizu.source_not_null_bronze_zenga_listing_versions_payload_hash.be33627189"
[0m22:07:54.923110 [debug] [Thread-2 (]: On test.ingatlanmizu.source_not_empty_bronze_zenga_listing_versions_ar.30dced9905: /* {"app": "dbt", "dbt_version": "1.12.0", "profile_name": "ingatlanmizu", "target_name": "local", "node_id": "test.ingatlanmizu.source_not_empty_bronze_zenga_listing_versions_ar.30dced9905"} */

    
    select
      count(*) as failures,
      count(*) != 0 as should_warn,
      count(*) != 0 as should_error
    from (
      
    
  

select *
from "ingatlanmizu"."bronze"."zenga_listing_versions"
where trim(ar) = ''


  
  
      
    ) dbt_internal_test
[0m22:07:54.923436 [debug] [Thread-3 (]: On test.ingatlanmizu.source_not_null_bronze_zenga_listing_versions_hirdeteskod.c6ad6dc23a: /* {"app": "dbt", "dbt_version": "1.12.0", "profile_name": "ingatlanmizu", "target_name": "local", "node_id": "test.ingatlanmizu.source_not_null_bronze_zenga_listing_versions_hirdeteskod.c6ad6dc23a"} */

    
    select
      count(*) as failures,
      count(*) != 0 as should_warn,
      count(*) != 0 as should_error
    from (
      
    
  
    
    



select hirdeteskod
from "ingatlanmizu"."bronze"."zenga_listing_versions"
where hirdeteskod is null



  
  
      
    ) dbt_internal_test
[0m22:07:54.923688 [debug] [Thread-4 (]: On test.ingatlanmizu.source_not_null_bronze_zenga_listing_versions_payload_hash.be33627189: /* {"app": "dbt", "dbt_version": "1.12.0", "profile_name": "ingatlanmizu", "target_name": "local", "node_id": "test.ingatlanmizu.source_not_null_bronze_zenga_listing_versions_payload_hash.be33627189"} */

    
    select
      count(*) as failures,
      count(*) != 0 as should_warn,
      count(*) != 0 as should_error
    from (
      
    
  
    
    



select payload_hash
from "ingatlanmizu"."bronze"."zenga_listing_versions"
where payload_hash is null



  
  
      
    ) dbt_internal_test
[0m22:07:54.923916 [debug] [Thread-2 (]: Opening a new connection, currently in state closed
[0m22:07:54.924124 [debug] [Thread-3 (]: Opening a new connection, currently in state init
[0m22:07:54.924338 [debug] [Thread-4 (]: Opening a new connection, currently in state init
[0m22:07:54.933962 [debug] [Thread-1 (]: SQL status: SELECT 1 in 0.012 seconds
[0m22:07:54.936376 [debug] [Thread-1 (]: On test.ingatlanmizu.source_not_empty_bronze_zenga_listing_versions_alapterulet.587e43f482: ROLLBACK
[0m22:07:54.936616 [debug] [Thread-2 (]: SQL status: SELECT 1 in 0.013 seconds
[0m22:07:54.936869 [debug] [Thread-3 (]: SQL status: SELECT 1 in 0.013 seconds
[0m22:07:54.937676 [debug] [Thread-2 (]: On test.ingatlanmizu.source_not_empty_bronze_zenga_listing_versions_ar.30dced9905: ROLLBACK
[0m22:07:54.937904 [debug] [Thread-1 (]: On test.ingatlanmizu.source_not_empty_bronze_zenga_listing_versions_alapterulet.587e43f482: Close
[0m22:07:54.938583 [debug] [Thread-3 (]: On test.ingatlanmizu.source_not_null_bronze_zenga_listing_versions_hirdeteskod.c6ad6dc23a: ROLLBACK
[0m22:07:54.938781 [debug] [Thread-4 (]: SQL status: SELECT 1 in 0.014 seconds
[0m22:07:54.939187 [info ] [Thread-1 (]: 1 of 102 PASS source_not_empty_bronze_zenga_listing_versions_alapterulet ....... [[32mPASS[0m in 0.05s]
[0m22:07:54.939475 [debug] [Thread-2 (]: On test.ingatlanmizu.source_not_empty_bronze_zenga_listing_versions_ar.30dced9905: Close
[0m22:07:54.939682 [debug] [Thread-3 (]: On test.ingatlanmizu.source_not_null_bronze_zenga_listing_versions_hirdeteskod.c6ad6dc23a: Close
[0m22:07:54.940542 [debug] [Thread-4 (]: On test.ingatlanmizu.source_not_null_bronze_zenga_listing_versions_payload_hash.be33627189: ROLLBACK
[0m22:07:54.940898 [debug] [Thread-1 (]: Finished running node test.ingatlanmizu.source_not_empty_bronze_zenga_listing_versions_alapterulet.587e43f482
[0m22:07:54.941274 [info ] [Thread-2 (]: 2 of 102 PASS source_not_empty_bronze_zenga_listing_versions_ar ................ [[32mPASS[0m in 0.05s]
[0m22:07:54.941618 [info ] [Thread-3 (]: 3 of 102 PASS source_not_null_bronze_zenga_listing_versions_hirdeteskod ........ [[32mPASS[0m in 0.05s]
[0m22:07:54.941939 [debug] [Thread-1 (]: Began running node test.ingatlanmizu.source_not_null_bronze_zenga_observations_ingestion_run_id.8d02e16768
[0m22:07:54.942250 [debug] [Thread-2 (]: Finished running node test.ingatlanmizu.source_not_empty_bronze_zenga_listing_versions_ar.30dced9905
[0m22:07:54.942514 [debug] [Thread-4 (]: On test.ingatlanmizu.source_not_null_bronze_zenga_listing_versions_payload_hash.be33627189: Close
[0m22:07:54.942813 [debug] [Thread-3 (]: Finished running node test.ingatlanmizu.source_not_null_bronze_zenga_listing_versions_hirdeteskod.c6ad6dc23a
[0m22:07:54.943060 [info ] [Thread-1 (]: 5 of 102 START test source_not_null_bronze_zenga_observations_ingestion_run_id . [RUN]
[0m22:07:54.943333 [debug] [Thread-2 (]: Began running node test.ingatlanmizu.source_not_null_bronze_zenga_observations_listing_code.5da4ccf477
[0m22:07:54.943686 [info ] [Thread-4 (]: 4 of 102 PASS source_not_null_bronze_zenga_listing_versions_payload_hash ....... [[32mPASS[0m in 0.05s]
[0m22:07:54.943948 [debug] [Thread-3 (]: Began running node test.ingatlanmizu.source_not_null_bronze_zenga_observations_observed_at.688ac514ce
[0m22:07:54.944225 [debug] [Thread-1 (]: Re-using an available connection from the pool (formerly test.ingatlanmizu.source_not_empty_bronze_zenga_listing_versions_alapterulet.587e43f482, now test.ingatlanmizu.source_not_null_bronze_zenga_observations_ingestion_run_id.8d02e16768)
[0m22:07:54.944479 [info ] [Thread-2 (]: 6 of 102 START test source_not_null_bronze_zenga_observations_listing_code ..... [RUN]
[0m22:07:54.944804 [debug] [Thread-4 (]: Finished running node test.ingatlanmizu.source_not_null_bronze_zenga_listing_versions_payload_hash.be33627189
[0m22:07:54.945033 [info ] [Thread-3 (]: 7 of 102 START test source_not_null_bronze_zenga_observations_observed_at ...... [RUN]
[0m22:07:54.945249 [debug] [Thread-1 (]: Began compiling node test.ingatlanmizu.source_not_null_bronze_zenga_observations_ingestion_run_id.8d02e16768
[0m22:07:54.945464 [debug] [Thread-2 (]: Re-using an available connection from the pool (formerly test.ingatlanmizu.source_not_empty_bronze_zenga_listing_versions_ar.30dced9905, now test.ingatlanmizu.source_not_null_bronze_zenga_observations_listing_code.5da4ccf477)
[0m22:07:54.945795 [debug] [Thread-4 (]: Began running node model.ingatlanmizu.stg_zenga__listing_versions
[0m22:07:54.946007 [debug] [Thread-3 (]: Re-using an available connection from the pool (formerly test.ingatlanmizu.source_not_null_bronze_zenga_listing_versions_hirdeteskod.c6ad6dc23a, now test.ingatlanmizu.source_not_null_bronze_zenga_observations_observed_at.688ac514ce)
[0m22:07:54.982747 [debug] [Thread-1 (]: Writing injected SQL for node "test.ingatlanmizu.source_not_null_bronze_zenga_observations_ingestion_run_id.8d02e16768"
[0m22:07:54.983060 [debug] [Thread-2 (]: Began compiling node test.ingatlanmizu.source_not_null_bronze_zenga_observations_listing_code.5da4ccf477
[0m22:07:54.983369 [info ] [Thread-4 (]: 8 of 102 START sql view model silver.stg_zenga__listing_versions ............... [RUN]
[0m22:07:54.983633 [debug] [Thread-3 (]: Began compiling node test.ingatlanmizu.source_not_null_bronze_zenga_observations_observed_at.688ac514ce
[0m22:07:54.987035 [debug] [Thread-2 (]: Writing injected SQL for node "test.ingatlanmizu.source_not_null_bronze_zenga_observations_listing_code.5da4ccf477"
[0m22:07:54.987351 [debug] [Thread-4 (]: Re-using an available connection from the pool (formerly test.ingatlanmizu.source_not_null_bronze_zenga_listing_versions_payload_hash.be33627189, now model.ingatlanmizu.stg_zenga__listing_versions)
[0m22:07:54.990743 [debug] [Thread-3 (]: Writing injected SQL for node "test.ingatlanmizu.source_not_null_bronze_zenga_observations_observed_at.688ac514ce"
[0m22:07:54.991169 [debug] [Thread-1 (]: Began executing node test.ingatlanmizu.source_not_null_bronze_zenga_observations_ingestion_run_id.8d02e16768
[0m22:07:54.991405 [debug] [Thread-4 (]: Began compiling node model.ingatlanmizu.stg_zenga__listing_versions
[0m22:07:54.992352 [debug] [Thread-1 (]: Writing runtime sql for node "test.ingatlanmizu.source_not_null_bronze_zenga_observations_ingestion_run_id.8d02e16768"
[0m22:07:54.992600 [debug] [Thread-2 (]: Began executing node test.ingatlanmizu.source_not_null_bronze_zenga_observations_listing_code.5da4ccf477
[0m22:07:54.995227 [debug] [Thread-4 (]: Writing injected SQL for node "model.ingatlanmizu.stg_zenga__listing_versions"
[0m22:07:54.995454 [debug] [Thread-3 (]: Began executing node test.ingatlanmizu.source_not_null_bronze_zenga_observations_observed_at.688ac514ce
[0m22:07:54.996252 [debug] [Thread-2 (]: Writing runtime sql for node "test.ingatlanmizu.source_not_null_bronze_zenga_observations_listing_code.5da4ccf477"
[0m22:07:54.997104 [debug] [Thread-3 (]: Writing runtime sql for node "test.ingatlanmizu.source_not_null_bronze_zenga_observations_observed_at.688ac514ce"
[0m22:07:54.997373 [debug] [Thread-1 (]: Using postgres connection "test.ingatlanmizu.source_not_null_bronze_zenga_observations_ingestion_run_id.8d02e16768"
[0m22:07:54.997732 [debug] [Thread-1 (]: On test.ingatlanmizu.source_not_null_bronze_zenga_observations_ingestion_run_id.8d02e16768: /* {"app": "dbt", "dbt_version": "1.12.0", "profile_name": "ingatlanmizu", "target_name": "local", "node_id": "test.ingatlanmizu.source_not_null_bronze_zenga_observations_ingestion_run_id.8d02e16768"} */

    
    select
      count(*) as failures,
      count(*) != 0 as should_warn,
      count(*) != 0 as should_error
    from (
      
    
  
    
    



select ingestion_run_id
from "ingatlanmizu"."bronze"."zenga_observations"
where ingestion_run_id is null



  
  
      
    ) dbt_internal_test
[0m22:07:54.997988 [debug] [Thread-1 (]: Opening a new connection, currently in state closed
[0m22:07:54.998202 [debug] [Thread-4 (]: Began executing node model.ingatlanmizu.stg_zenga__listing_versions
[0m22:07:54.998506 [debug] [Thread-2 (]: Using postgres connection "test.ingatlanmizu.source_not_null_bronze_zenga_observations_listing_code.5da4ccf477"
[0m22:07:55.003952 [debug] [Thread-3 (]: Using postgres connection "test.ingatlanmizu.source_not_null_bronze_zenga_observations_observed_at.688ac514ce"
[0m22:07:55.016098 [debug] [Thread-4 (]: Writing runtime sql for node "model.ingatlanmizu.stg_zenga__listing_versions"
[0m22:07:55.016343 [debug] [Thread-2 (]: On test.ingatlanmizu.source_not_null_bronze_zenga_observations_listing_code.5da4ccf477: /* {"app": "dbt", "dbt_version": "1.12.0", "profile_name": "ingatlanmizu", "target_name": "local", "node_id": "test.ingatlanmizu.source_not_null_bronze_zenga_observations_listing_code.5da4ccf477"} */

    
    select
      count(*) as failures,
      count(*) != 0 as should_warn,
      count(*) != 0 as should_error
    from (
      
    
  
    
    



select listing_code
from "ingatlanmizu"."bronze"."zenga_observations"
where listing_code is null



  
  
      
    ) dbt_internal_test
[0m22:07:55.016606 [debug] [Thread-3 (]: On test.ingatlanmizu.source_not_null_bronze_zenga_observations_observed_at.688ac514ce: /* {"app": "dbt", "dbt_version": "1.12.0", "profile_name": "ingatlanmizu", "target_name": "local", "node_id": "test.ingatlanmizu.source_not_null_bronze_zenga_observations_observed_at.688ac514ce"} */

    
    select
      count(*) as failures,
      count(*) != 0 as should_warn,
      count(*) != 0 as should_error
    from (
      
    
  
    
    



select observed_at
from "ingatlanmizu"."bronze"."zenga_observations"
where observed_at is null



  
  
      
    ) dbt_internal_test
[0m22:07:55.016911 [debug] [Thread-2 (]: Opening a new connection, currently in state closed
[0m22:07:55.017173 [debug] [Thread-3 (]: Opening a new connection, currently in state closed
[0m22:07:55.017420 [debug] [Thread-4 (]: Using postgres connection "model.ingatlanmizu.stg_zenga__listing_versions"
[0m22:07:55.017693 [debug] [Thread-1 (]: SQL status: SELECT 1 in 0.020 seconds
[0m22:07:55.018238 [debug] [Thread-4 (]: On model.ingatlanmizu.stg_zenga__listing_versions: /* {"app": "dbt", "dbt_version": "1.12.0", "profile_name": "ingatlanmizu", "target_name": "local", "node_id": "model.ingatlanmizu.stg_zenga__listing_versions"} */

  create view "ingatlanmizu"."silver"."stg_zenga__listing_versions__dbt_tmp"
    
    
  as (
    with 
    source as (
        select * 
        from "ingatlanmizu"."bronze"."zenga_listing_versions"
        where ar is not null
        and alapterulet is not null
    ),

    renamed as (
        select
            id as bronze_id,
            hirdeteskod as listing_code,
            concat('zenga', ':', hirdeteskod) as listing_key,
            'zenga' as source,
            megnevezes as title,
            (-- Converts human-readable numeric values to a number
-- "49,9 millió Ft" -> 49.9 
-- "65 m²" -> 65
-- Non-breaking spaces (chr(160)) are replaced to spaces
-- It returns NULL if the result is empty
nullif(
    replace(
        regexp_replace(
            replace(ar, chr(160), ' '), 
            '[^0-9,]', '', 'g'
        ), ',', '.'
    ), ''
)::numeric * -- Returns the magnitude of a human-readable price
-- "49,9 millió Ft" -> 1000000
case
    when ar ilike '%milliárd%'  then 1000000000
    when ar ilike '%millió%'    then 1000000
    when ar ilike '%ezer%'      then 1000
    else 1
end)::bigint as price_huf,
            ((-- Converts human-readable numeric values to a number
-- "49,9 millió Ft" -> 49.9 
-- "65 m²" -> 65
-- Non-breaking spaces (chr(160)) are replaced to spaces
-- It returns NULL if the result is empty
nullif(
    replace(
        regexp_replace(
            replace(ar, chr(160), ' '), 
            '[^0-9,]', '', 'g'
        ), ',', '.'
    ), ''
)::numeric * -- Returns the magnitude of a human-readable price
-- "49,9 millió Ft" -> 1000000
case
    when ar ilike '%milliárd%'  then 1000000000
    when ar ilike '%millió%'    then 1000000
    when ar ilike '%ezer%'      then 1000
    else 1
end) / -- Converts human-readable numeric values to a number
-- "49,9 millió Ft" -> 49.9 
-- "65 m²" -> 65
-- Non-breaking spaces (chr(160)) are replaced to spaces
-- It returns NULL if the result is empty
nullif(
    replace(
        regexp_replace(
            replace(alapterulet, chr(160), ' '), 
            '[^0-9,]', '', 'g'
        ), ',', '.'
    ), ''
)::numeric)::int as price_per_square_meter,
            btrim(split_part(cim, ',', 1))
 as city,
            nullif(btrim(split_part(cim, ',', 2)), '')
 as location_detail,
            -- Converts human-readable numeric values to a number
-- "49,9 millió Ft" -> 49.9 
-- "65 m²" -> 65
-- Non-breaking spaces (chr(160)) are replaced to spaces
-- It returns NULL if the result is empty
nullif(
    replace(
        regexp_replace(
            replace(alapterulet, chr(160), ' '), 
            '[^0-9,]', '', 'g'
        ), ',', '.'
    ), ''
)::numeric as area_sqm,
            -- Converts human-readable numeric values to a number
-- "49,9 millió Ft" -> 49.9 
-- "65 m²" -> 65
-- Non-breaking spaces (chr(160)) are replaced to spaces
-- It returns NULL if the result is empty
nullif(
    replace(
        regexp_replace(
            replace(telek, chr(160), ' '), 
            '[^0-9,]', '', 'g'
        ), ',', '.'
    ), ''
)::numeric as plot_size,
            -- Converts human-readable numeric values to a number
-- "49,9 millió Ft" -> 49.9 
-- "65 m²" -> 65
-- Non-breaking spaces (chr(160)) are replaced to spaces
-- It returns NULL if the result is empty
nullif(
    replace(
        regexp_replace(
            replace(emelet, chr(160), ' '), 
            '[^0-9,]', '', 'g'
        ), ',', '.'
    ), ''
)::numeric as floor,
            emelet as floor_raw,
            coalesce(substring(szobak_szama from '(^\d+)')::numeric, 0)
    + (coalesce(substring(szobak_szama from '\+\s*(\d+)')::numeric, 0) * 0.5)
 as number_of_rooms,
            szobak_szama as number_of_rooms_raw,
            leiras as description,
            futes as heating,
            -- Converts human-readable numeric values to a number
-- "49,9 millió Ft" -> 49.9 
-- "65 m²" -> 65
-- Non-breaking spaces (chr(160)) are replaced to spaces
-- It returns NULL if the result is empty
nullif(
    replace(
        regexp_replace(
            replace(epites_eve, chr(160), ' '), 
            '[^0-9,]', '', 'g'
        ), ',', '.'
    ), ''
)::numeric as year_of_building,
            -- Converts human-readable numeric values to a number
-- "49,9 millió Ft" -> 49.9 
-- "65 m²" -> 65
-- Non-breaking spaces (chr(160)) are replaced to spaces
-- It returns NULL if the result is empty
nullif(
    replace(
        regexp_replace(
            replace(terasz, chr(160), ' '), 
            '[^0-9,]', '', 'g'
        ), ',', '.'
    ), ''
)::numeric as balcony_area,
            -- JJ (2016-2023-as besorolás) -> JJ
            regexp_replace(energetikai_besorolas, '\s+\(.*', '') as energy_rating,            
            -- Converts human-readable numeric values to a number
-- "49,9 millió Ft" -> 49.9 
-- "65 m²" -> 65
-- Non-breaking spaces (chr(160)) are replaced to spaces
-- It returns NULL if the result is empty
nullif(
    replace(
        regexp_replace(
            replace(szintek_szama, chr(160), ' '), 
            '[^0-9,]', '', 'g'
        ), ',', '.'
    ), ''
)::numeric as max_number_of_floors_in_building,
            created_at as observed_at,
            ingestion_run_id as ingestion_run_id,
            payload_hash as payload_hash,
            hirdeto_neve as seller_name,
            ingatlan_iroda_neve as real_estate_office_name,
            tipus as sub_type,
            case
                when tipus ilike '%ház%' then   'Ház'
                when tipus ilike '%lakás%' then 'Lakás'
                else null       -- this will cause a data test error
            end as main_type,
            case
                when allapot is null then   'Ismeretlen'
                when allapot = '' then      'Ismeretlen'
                else allapot
            end as condition
        from source
    )

select * from renamed
  );
[0m22:07:55.019305 [debug] [Thread-1 (]: On test.ingatlanmizu.source_not_null_bronze_zenga_observations_ingestion_run_id.8d02e16768: ROLLBACK
[0m22:07:55.019535 [debug] [Thread-4 (]: Opening a new connection, currently in state closed
[0m22:07:55.020151 [debug] [Thread-1 (]: On test.ingatlanmizu.source_not_null_bronze_zenga_observations_ingestion_run_id.8d02e16768: Close
[0m22:07:55.020522 [info ] [Thread-1 (]: 5 of 102 PASS source_not_null_bronze_zenga_observations_ingestion_run_id ....... [[32mPASS[0m in 0.08s]
[0m22:07:55.020833 [debug] [Thread-1 (]: Finished running node test.ingatlanmizu.source_not_null_bronze_zenga_observations_ingestion_run_id.8d02e16768
[0m22:07:55.035927 [debug] [Thread-3 (]: SQL status: SELECT 1 in 0.019 seconds
[0m22:07:55.036162 [debug] [Thread-2 (]: SQL status: SELECT 1 in 0.019 seconds
[0m22:07:55.036935 [debug] [Thread-3 (]: On test.ingatlanmizu.source_not_null_bronze_zenga_observations_observed_at.688ac514ce: ROLLBACK
[0m22:07:55.037656 [debug] [Thread-2 (]: On test.ingatlanmizu.source_not_null_bronze_zenga_observations_listing_code.5da4ccf477: ROLLBACK
[0m22:07:55.038216 [debug] [Thread-3 (]: On test.ingatlanmizu.source_not_null_bronze_zenga_observations_observed_at.688ac514ce: Close
[0m22:07:55.038475 [debug] [Thread-2 (]: On test.ingatlanmizu.source_not_null_bronze_zenga_observations_listing_code.5da4ccf477: Close
[0m22:07:55.038840 [info ] [Thread-3 (]: 7 of 102 PASS source_not_null_bronze_zenga_observations_observed_at ............ [[32mPASS[0m in 0.09s]
[0m22:07:55.039106 [debug] [Thread-4 (]: SQL status: CREATE VIEW in 0.020 seconds
[0m22:07:55.039431 [info ] [Thread-2 (]: 6 of 102 PASS source_not_null_bronze_zenga_observations_listing_code ........... [[32mPASS[0m in 0.09s]
[0m22:07:55.039738 [debug] [Thread-3 (]: Finished running node test.ingatlanmizu.source_not_null_bronze_zenga_observations_observed_at.688ac514ce
[0m22:07:55.042756 [debug] [Thread-4 (]: Using postgres connection "model.ingatlanmizu.stg_zenga__listing_versions"
[0m22:07:55.043071 [debug] [Thread-2 (]: Finished running node test.ingatlanmizu.source_not_null_bronze_zenga_observations_listing_code.5da4ccf477
[0m22:07:55.043357 [debug] [Thread-4 (]: On model.ingatlanmizu.stg_zenga__listing_versions: /* {"app": "dbt", "dbt_version": "1.12.0", "profile_name": "ingatlanmizu", "target_name": "local", "node_id": "model.ingatlanmizu.stg_zenga__listing_versions"} */
alter table "ingatlanmizu"."silver"."stg_zenga__listing_versions" rename to "stg_zenga__listing_versions__dbt_backup"
[0m22:07:55.043690 [debug] [Thread-1 (]: Began running node model.ingatlanmizu.stg_zenga__observations
[0m22:07:55.043997 [info ] [Thread-1 (]: 9 of 102 START sql view model silver.stg_zenga__observations ................... [RUN]
[0m22:07:55.044289 [debug] [Thread-1 (]: Re-using an available connection from the pool (formerly test.ingatlanmizu.source_not_null_bronze_zenga_observations_ingestion_run_id.8d02e16768, now model.ingatlanmizu.stg_zenga__observations)
[0m22:07:55.044522 [debug] [Thread-4 (]: SQL status: ALTER TABLE in 0.001 seconds
[0m22:07:55.044784 [debug] [Thread-1 (]: Began compiling node model.ingatlanmizu.stg_zenga__observations
[0m22:07:55.045890 [debug] [Thread-4 (]: Using postgres connection "model.ingatlanmizu.stg_zenga__listing_versions"
[0m22:07:55.046954 [debug] [Thread-1 (]: Writing injected SQL for node "model.ingatlanmizu.stg_zenga__observations"
[0m22:07:55.047212 [debug] [Thread-4 (]: On model.ingatlanmizu.stg_zenga__listing_versions: /* {"app": "dbt", "dbt_version": "1.12.0", "profile_name": "ingatlanmizu", "target_name": "local", "node_id": "model.ingatlanmizu.stg_zenga__listing_versions"} */
alter table "ingatlanmizu"."silver"."stg_zenga__listing_versions__dbt_tmp" rename to "stg_zenga__listing_versions"
[0m22:07:55.047654 [debug] [Thread-1 (]: Began executing node model.ingatlanmizu.stg_zenga__observations
[0m22:07:55.049014 [debug] [Thread-1 (]: Writing runtime sql for node "model.ingatlanmizu.stg_zenga__observations"
[0m22:07:55.049239 [debug] [Thread-4 (]: SQL status: ALTER TABLE in 0.002 seconds
[0m22:07:55.058938 [debug] [Thread-4 (]: On model.ingatlanmizu.stg_zenga__listing_versions: COMMIT
[0m22:07:55.059199 [debug] [Thread-4 (]: Using postgres connection "model.ingatlanmizu.stg_zenga__listing_versions"
[0m22:07:55.059435 [debug] [Thread-1 (]: Using postgres connection "model.ingatlanmizu.stg_zenga__observations"
[0m22:07:55.059662 [debug] [Thread-4 (]: On model.ingatlanmizu.stg_zenga__listing_versions: COMMIT
[0m22:07:55.059899 [debug] [Thread-1 (]: On model.ingatlanmizu.stg_zenga__observations: /* {"app": "dbt", "dbt_version": "1.12.0", "profile_name": "ingatlanmizu", "target_name": "local", "node_id": "model.ingatlanmizu.stg_zenga__observations"} */

  create view "ingatlanmizu"."silver"."stg_zenga__observations__dbt_tmp"
    
    
  as (
    select 
    id as bronze_id,
    listing_code,
    observed_at,
    ingestion_run_id,
    concat('zenga', ':', listing_code) as listing_key,
    'zenga' as source
from "ingatlanmizu"."bronze"."zenga_observations"
  );
[0m22:07:55.060155 [debug] [Thread-1 (]: Opening a new connection, currently in state closed
[0m22:07:55.061296 [debug] [Thread-4 (]: SQL status: COMMIT in 0.001 seconds
[0m22:07:55.063970 [debug] [Thread-4 (]: Applying DROP to: "ingatlanmizu"."silver"."stg_zenga__listing_versions__dbt_backup"
[0m22:07:55.067194 [debug] [Thread-4 (]: Using postgres connection "model.ingatlanmizu.stg_zenga__listing_versions"
[0m22:07:55.067453 [debug] [Thread-4 (]: On model.ingatlanmizu.stg_zenga__listing_versions: /* {"app": "dbt", "dbt_version": "1.12.0", "profile_name": "ingatlanmizu", "target_name": "local", "node_id": "model.ingatlanmizu.stg_zenga__listing_versions"} */
drop view if exists "ingatlanmizu"."silver"."stg_zenga__listing_versions__dbt_backup" cascade
[0m22:07:55.069429 [debug] [Thread-4 (]: SQL status: DROP VIEW in 0.002 seconds
[0m22:07:55.070206 [debug] [Thread-4 (]: On model.ingatlanmizu.stg_zenga__listing_versions: Close
[0m22:07:55.071205 [debug] [Thread-1 (]: SQL status: CREATE VIEW in 0.011 seconds
[0m22:07:55.071437 [debug] [Thread-4 (]: Sending event: {'category': 'dbt', 'action': 'run_model', 'label': '044e9b88-1d80-41a6-9cd0-7a799dcb6f55', 'context': [<snowplow_tracker.self_describing_json.SelfDescribingJson object at 0x1074eec00>]}
[0m22:07:55.072625 [debug] [Thread-1 (]: Using postgres connection "model.ingatlanmizu.stg_zenga__observations"
[0m22:07:55.073003 [info ] [Thread-4 (]: 8 of 102 OK created sql view model silver.stg_zenga__listing_versions .......... [[32mCREATE VIEW[0m in 0.08s]
[0m22:07:55.073300 [debug] [Thread-1 (]: On model.ingatlanmizu.stg_zenga__observations: /* {"app": "dbt", "dbt_version": "1.12.0", "profile_name": "ingatlanmizu", "target_name": "local", "node_id": "model.ingatlanmizu.stg_zenga__observations"} */
alter table "ingatlanmizu"."silver"."stg_zenga__observations" rename to "stg_zenga__observations__dbt_backup"
[0m22:07:55.073641 [debug] [Thread-4 (]: Finished running node model.ingatlanmizu.stg_zenga__listing_versions
[0m22:07:55.074896 [debug] [Thread-1 (]: SQL status: ALTER TABLE in 0.001 seconds
[0m22:07:55.075134 [debug] [Thread-2 (]: Began running node test.ingatlanmizu.accepted_values_stg_zenga__listing_versions_condition__Ismeretlen___j_p_t_s____tlagos__Fel_j_tott__J_llapot____jszer___Fel_j_tand_.ef80ab98ea
[0m22:07:55.075378 [debug] [Thread-3 (]: Began running node test.ingatlanmizu.accepted_values_stg_zenga__listing_versions_energy_rating__JJ__J__I__H__G__F__E__D__C__B__A__A___A___A_.41dda72962
[0m22:07:55.075611 [debug] [Thread-4 (]: Began running node test.ingatlanmizu.accepted_values_stg_zenga__listing_versions_heating__H_szivatty___G_zkaz_n__Elektromos__G_z_konvektor___G_z__Cser_pk_lyha__Kandall___Kl_ma__Egy_b__Egy_b_kaz_n__Nincs_f_t_s__Padl_f_t_s__Vegyes_t_zel_s_kaz_n.3467996681
[0m22:07:55.076622 [debug] [Thread-1 (]: Using postgres connection "model.ingatlanmizu.stg_zenga__observations"
[0m22:07:55.076860 [info ] [Thread-2 (]: 10 of 102 START test accepted_values_stg_zenga__listing_versions_condition__Ismeretlen___j_p_t_s____tlagos__Fel_j_tott__J_llapot____jszer___Fel_j_tand_  [RUN]
[0m22:07:55.077119 [info ] [Thread-3 (]: 11 of 102 START test accepted_values_stg_zenga__listing_versions_energy_rating__JJ__J__I__H__G__F__E__D__C__B__A__A___A___A_  [RUN]
[0m22:07:55.077386 [info ] [Thread-4 (]: 12 of 102 START test accepted_values_stg_zenga__listing_versions_heating__H_szivatty___G_zkaz_n__Elektromos__G_z_konvektor___G_z__Cser_pk_lyha__Kandall___Kl_ma__Egy_b__Egy_b_kaz_n__Nincs_f_t_s__Padl_f_t_s__Vegyes_t_zel_s_kaz_n  [RUN]
[0m22:07:55.077635 [debug] [Thread-1 (]: On model.ingatlanmizu.stg_zenga__observations: /* {"app": "dbt", "dbt_version": "1.12.0", "profile_name": "ingatlanmizu", "target_name": "local", "node_id": "model.ingatlanmizu.stg_zenga__observations"} */
alter table "ingatlanmizu"."silver"."stg_zenga__observations__dbt_tmp" rename to "stg_zenga__observations"
[0m22:07:55.077902 [debug] [Thread-2 (]: Re-using an available connection from the pool (formerly test.ingatlanmizu.source_not_null_bronze_zenga_observations_listing_code.5da4ccf477, now test.ingatlanmizu.accepted_values_stg_zenga__listing_versions_condition__Ismeretlen___j_p_t_s____tlagos__Fel_j_tott__J_llapot____jszer___Fel_j_tand_.ef80ab98ea)
[0m22:07:55.078135 [debug] [Thread-3 (]: Re-using an available connection from the pool (formerly test.ingatlanmizu.source_not_null_bronze_zenga_observations_observed_at.688ac514ce, now test.ingatlanmizu.accepted_values_stg_zenga__listing_versions_energy_rating__JJ__J__I__H__G__F__E__D__C__B__A__A___A___A_.41dda72962)
[0m22:07:55.078375 [debug] [Thread-4 (]: Re-using an available connection from the pool (formerly model.ingatlanmizu.stg_zenga__listing_versions, now test.ingatlanmizu.accepted_values_stg_zenga__listing_versions_heating__H_szivatty___G_zkaz_n__Elektromos__G_z_konvektor___G_z__Cser_pk_lyha__Kandall___Kl_ma__Egy_b__Egy_b_kaz_n__Nincs_f_t_s__Padl_f_t_s__Vegyes_t_zel_s_kaz_n.3467996681)
[0m22:07:55.078634 [debug] [Thread-2 (]: Began compiling node test.ingatlanmizu.accepted_values_stg_zenga__listing_versions_condition__Ismeretlen___j_p_t_s____tlagos__Fel_j_tott__J_llapot____jszer___Fel_j_tand_.ef80ab98ea
[0m22:07:55.078853 [debug] [Thread-3 (]: Began compiling node test.ingatlanmizu.accepted_values_stg_zenga__listing_versions_energy_rating__JJ__J__I__H__G__F__E__D__C__B__A__A___A___A_.41dda72962
[0m22:07:55.079056 [debug] [Thread-1 (]: SQL status: ALTER TABLE in 0.000 seconds
[0m22:07:55.079274 [debug] [Thread-4 (]: Began compiling node test.ingatlanmizu.accepted_values_stg_zenga__listing_versions_heating__H_szivatty___G_zkaz_n__Elektromos__G_z_konvektor___G_z__Cser_pk_lyha__Kandall___Kl_ma__Egy_b__Egy_b_kaz_n__Nincs_f_t_s__Padl_f_t_s__Vegyes_t_zel_s_kaz_n.3467996681
[0m22:07:55.083015 [debug] [Thread-2 (]: Writing injected SQL for node "test.ingatlanmizu.accepted_values_stg_zenga__listing_versions_condition__Ismeretlen___j_p_t_s____tlagos__Fel_j_tott__J_llapot____jszer___Fel_j_tand_.ef80ab98ea"
[0m22:07:55.086360 [debug] [Thread-3 (]: Writing injected SQL for node "test.ingatlanmizu.accepted_values_stg_zenga__listing_versions_energy_rating__JJ__J__I__H__G__F__E__D__C__B__A__A___A___A_.41dda72962"
[0m22:07:55.087210 [debug] [Thread-1 (]: On model.ingatlanmizu.stg_zenga__observations: COMMIT
[0m22:07:55.090603 [debug] [Thread-4 (]: Writing injected SQL for node "test.ingatlanmizu.accepted_values_stg_zenga__listing_versions_heating__H_szivatty___G_zkaz_n__Elektromos__G_z_konvektor___G_z__Cser_pk_lyha__Kandall___Kl_ma__Egy_b__Egy_b_kaz_n__Nincs_f_t_s__Padl_f_t_s__Vegyes_t_zel_s_kaz_n.3467996681"
[0m22:07:55.090974 [debug] [Thread-1 (]: Using postgres connection "model.ingatlanmizu.stg_zenga__observations"
[0m22:07:55.091334 [debug] [Thread-1 (]: On model.ingatlanmizu.stg_zenga__observations: COMMIT
[0m22:07:55.091579 [debug] [Thread-3 (]: Began executing node test.ingatlanmizu.accepted_values_stg_zenga__listing_versions_energy_rating__JJ__J__I__H__G__F__E__D__C__B__A__A___A___A_.41dda72962
[0m22:07:55.091808 [debug] [Thread-2 (]: Began executing node test.ingatlanmizu.accepted_values_stg_zenga__listing_versions_condition__Ismeretlen___j_p_t_s____tlagos__Fel_j_tott__J_llapot____jszer___Fel_j_tand_.ef80ab98ea
[0m22:07:55.092601 [debug] [Thread-3 (]: Writing runtime sql for node "test.ingatlanmizu.accepted_values_stg_zenga__listing_versions_energy_rating__JJ__J__I__H__G__F__E__D__C__B__A__A___A___A_.41dda72962"
[0m22:07:55.092825 [debug] [Thread-4 (]: Began executing node test.ingatlanmizu.accepted_values_stg_zenga__listing_versions_heating__H_szivatty___G_zkaz_n__Elektromos__G_z_konvektor___G_z__Cser_pk_lyha__Kandall___Kl_ma__Egy_b__Egy_b_kaz_n__Nincs_f_t_s__Padl_f_t_s__Vegyes_t_zel_s_kaz_n.3467996681
[0m22:07:55.093556 [debug] [Thread-2 (]: Writing runtime sql for node "test.ingatlanmizu.accepted_values_stg_zenga__listing_versions_condition__Ismeretlen___j_p_t_s____tlagos__Fel_j_tott__J_llapot____jszer___Fel_j_tand_.ef80ab98ea"
[0m22:07:55.093777 [debug] [Thread-1 (]: SQL status: COMMIT in 0.002 seconds
[0m22:07:55.094625 [debug] [Thread-4 (]: Writing runtime sql for node "test.ingatlanmizu.accepted_values_stg_zenga__listing_versions_heating__H_szivatty___G_zkaz_n__Elektromos__G_z_konvektor___G_z__Cser_pk_lyha__Kandall___Kl_ma__Egy_b__Egy_b_kaz_n__Nincs_f_t_s__Padl_f_t_s__Vegyes_t_zel_s_kaz_n.3467996681"
[0m22:07:55.095452 [debug] [Thread-1 (]: Applying DROP to: "ingatlanmizu"."silver"."stg_zenga__observations__dbt_backup"
[0m22:07:55.095691 [debug] [Thread-3 (]: Using postgres connection "test.ingatlanmizu.accepted_values_stg_zenga__listing_versions_energy_rating__JJ__J__I__H__G__F__E__D__C__B__A__A___A___A_.41dda72962"
[0m22:07:55.096103 [debug] [Thread-1 (]: Using postgres connection "model.ingatlanmizu.stg_zenga__observations"
[0m22:07:55.096335 [debug] [Thread-2 (]: Using postgres connection "test.ingatlanmizu.accepted_values_stg_zenga__listing_versions_condition__Ismeretlen___j_p_t_s____tlagos__Fel_j_tott__J_llapot____jszer___Fel_j_tand_.ef80ab98ea"
[0m22:07:55.096597 [debug] [Thread-3 (]: On test.ingatlanmizu.accepted_values_stg_zenga__listing_versions_energy_rating__JJ__J__I__H__G__F__E__D__C__B__A__A___A___A_.41dda72962: /* {"app": "dbt", "dbt_version": "1.12.0", "profile_name": "ingatlanmizu", "target_name": "local", "node_id": "test.ingatlanmizu.accepted_values_stg_zenga__listing_versions_energy_rating__JJ__J__I__H__G__F__E__D__C__B__A__A___A___A_.41dda72962"} */

    
    select
      count(*) as failures,
      count(*) != 0 as should_warn,
      count(*) != 0 as should_error
    from (
      
    
  
    
    

with all_values as (

    select
        energy_rating as value_field,
        count(*) as n_records

    from "ingatlanmizu"."silver"."stg_zenga__listing_versions"
    group by energy_rating

)

select *
from all_values
where value_field not in (
    'JJ','J','I','H','G','F','E','D','C','B','A','A+','A++','A+++'
)



  
  
      
    ) dbt_internal_test
[0m22:07:55.096862 [debug] [Thread-4 (]: Using postgres connection "test.ingatlanmizu.accepted_values_stg_zenga__listing_versions_heating__H_szivatty___G_zkaz_n__Elektromos__G_z_konvektor___G_z__Cser_pk_lyha__Kandall___Kl_ma__Egy_b__Egy_b_kaz_n__Nincs_f_t_s__Padl_f_t_s__Vegyes_t_zel_s_kaz_n.3467996681"
[0m22:07:55.097067 [debug] [Thread-1 (]: On model.ingatlanmizu.stg_zenga__observations: /* {"app": "dbt", "dbt_version": "1.12.0", "profile_name": "ingatlanmizu", "target_name": "local", "node_id": "model.ingatlanmizu.stg_zenga__observations"} */
drop view if exists "ingatlanmizu"."silver"."stg_zenga__observations__dbt_backup" cascade
[0m22:07:55.097323 [debug] [Thread-2 (]: On test.ingatlanmizu.accepted_values_stg_zenga__listing_versions_condition__Ismeretlen___j_p_t_s____tlagos__Fel_j_tott__J_llapot____jszer___Fel_j_tand_.ef80ab98ea: /* {"app": "dbt", "dbt_version": "1.12.0", "profile_name": "ingatlanmizu", "target_name": "local", "node_id": "test.ingatlanmizu.accepted_values_stg_zenga__listing_versions_condition__Ismeretlen___j_p_t_s____tlagos__Fel_j_tott__J_llapot____jszer___Fel_j_tand_.ef80ab98ea"} */

    
    select
      count(*) as failures,
      count(*) != 0 as should_warn,
      count(*) != 0 as should_error
    from (
      
    
  
    
    

with all_values as (

    select
        condition as value_field,
        count(*) as n_records

    from "ingatlanmizu"."silver"."stg_zenga__listing_versions"
    group by condition

)

select *
from all_values
where value_field not in (
    'Ismeretlen','Új építésű','Átlagos','Felújított','Jó állapotú','Újszerű','Felújítandó'
)



  
  
      
    ) dbt_internal_test
[0m22:07:55.097570 [debug] [Thread-3 (]: Opening a new connection, currently in state closed
[0m22:07:55.097830 [debug] [Thread-4 (]: On test.ingatlanmizu.accepted_values_stg_zenga__listing_versions_heating__H_szivatty___G_zkaz_n__Elektromos__G_z_konvektor___G_z__Cser_pk_lyha__Kandall___Kl_ma__Egy_b__Egy_b_kaz_n__Nincs_f_t_s__Padl_f_t_s__Vegyes_t_zel_s_kaz_n.3467996681: /* {"app": "dbt", "dbt_version": "1.12.0", "profile_name": "ingatlanmizu", "target_name": "local", "node_id": "test.ingatlanmizu.accepted_values_stg_zenga__listing_versions_heating__H_szivatty___G_zkaz_n__Elektromos__G_z_konvektor___G_z__Cser_pk_lyha__Kandall___Kl_ma__Egy_b__Egy_b_kaz_n__Nincs_f_t_s__Padl_f_t_s__Vegyes_t_zel_s_kaz_n.3467996681"} */

    
    select
      count(*) as failures,
      count(*) != 0 as should_warn,
      count(*) != 0 as should_error
    from (
      
    
  
    
    

with all_values as (

    select
        heating as value_field,
        count(*) as n_records

    from "ingatlanmizu"."silver"."stg_zenga__listing_versions"
    group by heating

)

select *
from all_values
where value_field not in (
    'Hőszivattyú','Gázkazán','Elektromos','Gáz (konvektor)','Gáz','Cserépkályha','Kandalló','Klíma','Egyéb','Egyéb kazán','Nincs fűtés','Padlófűtés','Vegyes tüzelésű kazán'
)



  
  
      
    ) dbt_internal_test
[0m22:07:55.098092 [debug] [Thread-2 (]: Opening a new connection, currently in state closed
[0m22:07:55.098357 [debug] [Thread-4 (]: Opening a new connection, currently in state closed
[0m22:07:55.100194 [debug] [Thread-1 (]: SQL status: DROP VIEW in 0.002 seconds
[0m22:07:55.100929 [debug] [Thread-1 (]: On model.ingatlanmizu.stg_zenga__observations: Close
[0m22:07:55.101224 [debug] [Thread-1 (]: Sending event: {'category': 'dbt', 'action': 'run_model', 'label': '044e9b88-1d80-41a6-9cd0-7a799dcb6f55', 'context': [<snowplow_tracker.self_describing_json.SelfDescribingJson object at 0x1071b8290>]}
[0m22:07:55.101541 [info ] [Thread-1 (]: 9 of 102 OK created sql view model silver.stg_zenga__observations .............. [[32mCREATE VIEW[0m in 0.06s]
[0m22:07:55.101842 [debug] [Thread-1 (]: Finished running node model.ingatlanmizu.stg_zenga__observations
[0m22:07:55.102066 [debug] [Thread-1 (]: Began running node test.ingatlanmizu.accepted_values_stg_zenga__listing_versions_main_type__H_z__Lak_s.e18f05b060
[0m22:07:55.102280 [info ] [Thread-1 (]: 13 of 102 START test accepted_values_stg_zenga__listing_versions_main_type__H_z__Lak_s  [RUN]
[0m22:07:55.102669 [debug] [Thread-1 (]: Re-using an available connection from the pool (formerly model.ingatlanmizu.stg_zenga__observations, now test.ingatlanmizu.accepted_values_stg_zenga__listing_versions_main_type__H_z__Lak_s.e18f05b060)
[0m22:07:55.102888 [debug] [Thread-1 (]: Began compiling node test.ingatlanmizu.accepted_values_stg_zenga__listing_versions_main_type__H_z__Lak_s.e18f05b060
[0m22:07:55.106462 [debug] [Thread-1 (]: Writing injected SQL for node "test.ingatlanmizu.accepted_values_stg_zenga__listing_versions_main_type__H_z__Lak_s.e18f05b060"
[0m22:07:55.106921 [debug] [Thread-1 (]: Began executing node test.ingatlanmizu.accepted_values_stg_zenga__listing_versions_main_type__H_z__Lak_s.e18f05b060
[0m22:07:55.107764 [debug] [Thread-1 (]: Writing runtime sql for node "test.ingatlanmizu.accepted_values_stg_zenga__listing_versions_main_type__H_z__Lak_s.e18f05b060"
[0m22:07:55.108331 [debug] [Thread-1 (]: Using postgres connection "test.ingatlanmizu.accepted_values_stg_zenga__listing_versions_main_type__H_z__Lak_s.e18f05b060"
[0m22:07:55.108600 [debug] [Thread-1 (]: On test.ingatlanmizu.accepted_values_stg_zenga__listing_versions_main_type__H_z__Lak_s.e18f05b060: /* {"app": "dbt", "dbt_version": "1.12.0", "profile_name": "ingatlanmizu", "target_name": "local", "node_id": "test.ingatlanmizu.accepted_values_stg_zenga__listing_versions_main_type__H_z__Lak_s.e18f05b060"} */

    
    select
      count(*) as failures,
      count(*) != 0 as should_warn,
      count(*) != 0 as should_error
    from (
      
    
  
    
    

with all_values as (

    select
        main_type as value_field,
        count(*) as n_records

    from "ingatlanmizu"."silver"."stg_zenga__listing_versions"
    group by main_type

)

select *
from all_values
where value_field not in (
    'Ház','Lakás'
)



  
  
      
    ) dbt_internal_test
[0m22:07:55.108839 [debug] [Thread-1 (]: Opening a new connection, currently in state closed
[0m22:07:55.110257 [debug] [Thread-3 (]: SQL status: SELECT 1 in 0.013 seconds
[0m22:07:55.110528 [debug] [Thread-2 (]: SQL status: SELECT 1 in 0.012 seconds
[0m22:07:55.111474 [debug] [Thread-3 (]: On test.ingatlanmizu.accepted_values_stg_zenga__listing_versions_energy_rating__JJ__J__I__H__G__F__E__D__C__B__A__A___A___A_.41dda72962: ROLLBACK
[0m22:07:55.111734 [debug] [Thread-4 (]: SQL status: SELECT 1 in 0.013 seconds
[0m22:07:55.112582 [debug] [Thread-2 (]: On test.ingatlanmizu.accepted_values_stg_zenga__listing_versions_condition__Ismeretlen___j_p_t_s____tlagos__Fel_j_tott__J_llapot____jszer___Fel_j_tand_.ef80ab98ea: ROLLBACK
[0m22:07:55.113403 [debug] [Thread-4 (]: On test.ingatlanmizu.accepted_values_stg_zenga__listing_versions_heating__H_szivatty___G_zkaz_n__Elektromos__G_z_konvektor___G_z__Cser_pk_lyha__Kandall___Kl_ma__Egy_b__Egy_b_kaz_n__Nincs_f_t_s__Padl_f_t_s__Vegyes_t_zel_s_kaz_n.3467996681: ROLLBACK
[0m22:07:55.113634 [debug] [Thread-3 (]: On test.ingatlanmizu.accepted_values_stg_zenga__listing_versions_energy_rating__JJ__J__I__H__G__F__E__D__C__B__A__A___A___A_.41dda72962: Close
[0m22:07:55.114053 [info ] [Thread-3 (]: 11 of 102 PASS accepted_values_stg_zenga__listing_versions_energy_rating__JJ__J__I__H__G__F__E__D__C__B__A__A___A___A_  [[32mPASS[0m in 0.04s]
[0m22:07:55.114539 [debug] [Thread-3 (]: Finished running node test.ingatlanmizu.accepted_values_stg_zenga__listing_versions_energy_rating__JJ__J__I__H__G__F__E__D__C__B__A__A___A___A_.41dda72962
[0m22:07:55.114809 [debug] [Thread-3 (]: Began running node test.ingatlanmizu.accepted_values_stg_zenga__listing_versions_source__zenga.99b4c3989e
[0m22:07:55.115039 [debug] [Thread-2 (]: On test.ingatlanmizu.accepted_values_stg_zenga__listing_versions_condition__Ismeretlen___j_p_t_s____tlagos__Fel_j_tott__J_llapot____jszer___Fel_j_tand_.ef80ab98ea: Close
[0m22:07:55.115287 [debug] [Thread-4 (]: On test.ingatlanmizu.accepted_values_stg_zenga__listing_versions_heating__H_szivatty___G_zkaz_n__Elektromos__G_z_konvektor___G_z__Cser_pk_lyha__Kandall___Kl_ma__Egy_b__Egy_b_kaz_n__Nincs_f_t_s__Padl_f_t_s__Vegyes_t_zel_s_kaz_n.3467996681: Close
[0m22:07:55.115565 [info ] [Thread-3 (]: 14 of 102 START test accepted_values_stg_zenga__listing_versions_source__zenga . [RUN]
[0m22:07:55.116162 [info ] [Thread-2 (]: 10 of 102 PASS accepted_values_stg_zenga__listing_versions_condition__Ismeretlen___j_p_t_s____tlagos__Fel_j_tott__J_llapot____jszer___Fel_j_tand_  [[32mPASS[0m in 0.04s]
[0m22:07:55.116555 [info ] [Thread-4 (]: 12 of 102 PASS accepted_values_stg_zenga__listing_versions_heating__H_szivatty___G_zkaz_n__Elektromos__G_z_konvektor___G_z__Cser_pk_lyha__Kandall___Kl_ma__Egy_b__Egy_b_kaz_n__Nincs_f_t_s__Padl_f_t_s__Vegyes_t_zel_s_kaz_n  [[32mPASS[0m in 0.04s]
[0m22:07:55.116890 [debug] [Thread-3 (]: Re-using an available connection from the pool (formerly test.ingatlanmizu.accepted_values_stg_zenga__listing_versions_energy_rating__JJ__J__I__H__G__F__E__D__C__B__A__A___A___A_.41dda72962, now test.ingatlanmizu.accepted_values_stg_zenga__listing_versions_source__zenga.99b4c3989e)
[0m22:07:55.117265 [debug] [Thread-2 (]: Finished running node test.ingatlanmizu.accepted_values_stg_zenga__listing_versions_condition__Ismeretlen___j_p_t_s____tlagos__Fel_j_tott__J_llapot____jszer___Fel_j_tand_.ef80ab98ea
[0m22:07:55.117579 [debug] [Thread-4 (]: Finished running node test.ingatlanmizu.accepted_values_stg_zenga__listing_versions_heating__H_szivatty___G_zkaz_n__Elektromos__G_z_konvektor___G_z__Cser_pk_lyha__Kandall___Kl_ma__Egy_b__Egy_b_kaz_n__Nincs_f_t_s__Padl_f_t_s__Vegyes_t_zel_s_kaz_n.3467996681
[0m22:07:55.117801 [debug] [Thread-3 (]: Began compiling node test.ingatlanmizu.accepted_values_stg_zenga__listing_versions_source__zenga.99b4c3989e
[0m22:07:55.118036 [debug] [Thread-2 (]: Began running node test.ingatlanmizu.accepted_values_stg_zenga__listing_versions_sub_type__Ikerh_z__H_zr_sz__Sorh_z__Csal_di_h_z__Lak_s.052bdc29e2
[0m22:07:55.118325 [debug] [Thread-4 (]: Began running node test.ingatlanmizu.dbt_expectations_expect_column_values_to_match_like_pattern_stg_zenga__listing_versions_listing_key__zenga_.97c745eef1
[0m22:07:55.122268 [debug] [Thread-3 (]: Writing injected SQL for node "test.ingatlanmizu.accepted_values_stg_zenga__listing_versions_source__zenga.99b4c3989e"
[0m22:07:55.122503 [debug] [Thread-1 (]: SQL status: SELECT 1 in 0.014 seconds
[0m22:07:55.122758 [info ] [Thread-2 (]: 15 of 102 START test accepted_values_stg_zenga__listing_versions_sub_type__Ikerh_z__H_zr_sz__Sorh_z__Csal_di_h_z__Lak_s  [RUN]
[0m22:07:55.123010 [info ] [Thread-4 (]: 16 of 102 START test dbt_expectations_expect_column_values_to_match_like_pattern_stg_zenga__listing_versions_listing_key__zenga_  [RUN]
[0m22:07:55.123977 [debug] [Thread-1 (]: On test.ingatlanmizu.accepted_values_stg_zenga__listing_versions_main_type__H_z__Lak_s.e18f05b060: ROLLBACK
[0m22:07:55.124295 [debug] [Thread-2 (]: Re-using an available connection from the pool (formerly test.ingatlanmizu.accepted_values_stg_zenga__listing_versions_condition__Ismeretlen___j_p_t_s____tlagos__Fel_j_tott__J_llapot____jszer___Fel_j_tand_.ef80ab98ea, now test.ingatlanmizu.accepted_values_stg_zenga__listing_versions_sub_type__Ikerh_z__H_zr_sz__Sorh_z__Csal_di_h_z__Lak_s.052bdc29e2)
[0m22:07:55.124597 [debug] [Thread-4 (]: Re-using an available connection from the pool (formerly test.ingatlanmizu.accepted_values_stg_zenga__listing_versions_heating__H_szivatty___G_zkaz_n__Elektromos__G_z_konvektor___G_z__Cser_pk_lyha__Kandall___Kl_ma__Egy_b__Egy_b_kaz_n__Nincs_f_t_s__Padl_f_t_s__Vegyes_t_zel_s_kaz_n.3467996681, now test.ingatlanmizu.dbt_expectations_expect_column_values_to_match_like_pattern_stg_zenga__listing_versions_listing_key__zenga_.97c745eef1)
[0m22:07:55.124884 [debug] [Thread-2 (]: Began compiling node test.ingatlanmizu.accepted_values_stg_zenga__listing_versions_sub_type__Ikerh_z__H_zr_sz__Sorh_z__Csal_di_h_z__Lak_s.052bdc29e2
[0m22:07:55.125131 [debug] [Thread-4 (]: Began compiling node test.ingatlanmizu.dbt_expectations_expect_column_values_to_match_like_pattern_stg_zenga__listing_versions_listing_key__zenga_.97c745eef1
[0m22:07:55.125339 [debug] [Thread-3 (]: Began executing node test.ingatlanmizu.accepted_values_stg_zenga__listing_versions_source__zenga.99b4c3989e
[0m22:07:55.125542 [debug] [Thread-1 (]: On test.ingatlanmizu.accepted_values_stg_zenga__listing_versions_main_type__H_z__Lak_s.e18f05b060: Close
[0m22:07:55.129053 [debug] [Thread-2 (]: Writing injected SQL for node "test.ingatlanmizu.accepted_values_stg_zenga__listing_versions_sub_type__Ikerh_z__H_zr_sz__Sorh_z__Csal_di_h_z__Lak_s.052bdc29e2"
[0m22:07:55.132551 [debug] [Thread-4 (]: Writing injected SQL for node "test.ingatlanmizu.dbt_expectations_expect_column_values_to_match_like_pattern_stg_zenga__listing_versions_listing_key__zenga_.97c745eef1"
[0m22:07:55.133351 [debug] [Thread-3 (]: Writing runtime sql for node "test.ingatlanmizu.accepted_values_stg_zenga__listing_versions_source__zenga.99b4c3989e"
[0m22:07:55.133720 [info ] [Thread-1 (]: 13 of 102 PASS accepted_values_stg_zenga__listing_versions_main_type__H_z__Lak_s  [[32mPASS[0m in 0.03s]
[0m22:07:55.134232 [debug] [Thread-1 (]: Finished running node test.ingatlanmizu.accepted_values_stg_zenga__listing_versions_main_type__H_z__Lak_s.e18f05b060
[0m22:07:55.134671 [debug] [Thread-3 (]: Using postgres connection "test.ingatlanmizu.accepted_values_stg_zenga__listing_versions_source__zenga.99b4c3989e"
[0m22:07:55.134930 [debug] [Thread-1 (]: Began running node test.ingatlanmizu.dbt_utils_accepted_range_stg_zenga__listing_versions_area_sqm__10000__1.cbaa5a3741
[0m22:07:55.135139 [debug] [Thread-2 (]: Began executing node test.ingatlanmizu.accepted_values_stg_zenga__listing_versions_sub_type__Ikerh_z__H_zr_sz__Sorh_z__Csal_di_h_z__Lak_s.052bdc29e2
[0m22:07:55.135354 [debug] [Thread-4 (]: Began executing node test.ingatlanmizu.dbt_expectations_expect_column_values_to_match_like_pattern_stg_zenga__listing_versions_listing_key__zenga_.97c745eef1
[0m22:07:55.135633 [debug] [Thread-3 (]: On test.ingatlanmizu.accepted_values_stg_zenga__listing_versions_source__zenga.99b4c3989e: /* {"app": "dbt", "dbt_version": "1.12.0", "profile_name": "ingatlanmizu", "target_name": "local", "node_id": "test.ingatlanmizu.accepted_values_stg_zenga__listing_versions_source__zenga.99b4c3989e"} */

    
    select
      count(*) as failures,
      count(*) != 0 as should_warn,
      count(*) != 0 as should_error
    from (
      
    
  
    
    

with all_values as (

    select
        source as value_field,
        count(*) as n_records

    from "ingatlanmizu"."silver"."stg_zenga__listing_versions"
    group by source

)

select *
from all_values
where value_field not in (
    'zenga'
)



  
  
      
    ) dbt_internal_test
[0m22:07:55.135887 [info ] [Thread-1 (]: 17 of 102 START test dbt_utils_accepted_range_stg_zenga__listing_versions_area_sqm__10000__1  [RUN]
[0m22:07:55.137450 [debug] [Thread-2 (]: Writing runtime sql for node "test.ingatlanmizu.accepted_values_stg_zenga__listing_versions_sub_type__Ikerh_z__H_zr_sz__Sorh_z__Csal_di_h_z__Lak_s.052bdc29e2"
[0m22:07:55.138213 [debug] [Thread-4 (]: Writing runtime sql for node "test.ingatlanmizu.dbt_expectations_expect_column_values_to_match_like_pattern_stg_zenga__listing_versions_listing_key__zenga_.97c745eef1"
[0m22:07:55.138426 [debug] [Thread-3 (]: Opening a new connection, currently in state closed
[0m22:07:55.138655 [debug] [Thread-1 (]: Re-using an available connection from the pool (formerly test.ingatlanmizu.accepted_values_stg_zenga__listing_versions_main_type__H_z__Lak_s.e18f05b060, now test.ingatlanmizu.dbt_utils_accepted_range_stg_zenga__listing_versions_area_sqm__10000__1.cbaa5a3741)
[0m22:07:55.139065 [debug] [Thread-1 (]: Began compiling node test.ingatlanmizu.dbt_utils_accepted_range_stg_zenga__listing_versions_area_sqm__10000__1.cbaa5a3741
[0m22:07:55.139333 [debug] [Thread-2 (]: Using postgres connection "test.ingatlanmizu.accepted_values_stg_zenga__listing_versions_sub_type__Ikerh_z__H_zr_sz__Sorh_z__Csal_di_h_z__Lak_s.052bdc29e2"
[0m22:07:55.142925 [debug] [Thread-1 (]: Writing injected SQL for node "test.ingatlanmizu.dbt_utils_accepted_range_stg_zenga__listing_versions_area_sqm__10000__1.cbaa5a3741"
[0m22:07:55.143182 [debug] [Thread-4 (]: Using postgres connection "test.ingatlanmizu.dbt_expectations_expect_column_values_to_match_like_pattern_stg_zenga__listing_versions_listing_key__zenga_.97c745eef1"
[0m22:07:55.143453 [debug] [Thread-2 (]: On test.ingatlanmizu.accepted_values_stg_zenga__listing_versions_sub_type__Ikerh_z__H_zr_sz__Sorh_z__Csal_di_h_z__Lak_s.052bdc29e2: /* {"app": "dbt", "dbt_version": "1.12.0", "profile_name": "ingatlanmizu", "target_name": "local", "node_id": "test.ingatlanmizu.accepted_values_stg_zenga__listing_versions_sub_type__Ikerh_z__H_zr_sz__Sorh_z__Csal_di_h_z__Lak_s.052bdc29e2"} */

    
    select
      count(*) as failures,
      count(*) != 0 as should_warn,
      count(*) != 0 as should_error
    from (
      
    
  
    
    

with all_values as (

    select
        sub_type as value_field,
        count(*) as n_records

    from "ingatlanmizu"."silver"."stg_zenga__listing_versions"
    group by sub_type

)

select *
from all_values
where value_field not in (
    'Ikerház','Házrész','Sorház','Családi ház','Lakás'
)



  
  
      
    ) dbt_internal_test
[0m22:07:55.143773 [debug] [Thread-4 (]: On test.ingatlanmizu.dbt_expectations_expect_column_values_to_match_like_pattern_stg_zenga__listing_versions_listing_key__zenga_.97c745eef1: /* {"app": "dbt", "dbt_version": "1.12.0", "profile_name": "ingatlanmizu", "target_name": "local", "node_id": "test.ingatlanmizu.dbt_expectations_expect_column_values_to_match_like_pattern_stg_zenga__listing_versions_listing_key__zenga_.97c745eef1"} */

    
    select
      count(*) as failures,
      count(*) != 0 as should_warn,
      count(*) != 0 as should_error
    from (
      
    
  




    with grouped_expression as (
    select
        
        
    
  
listing_key  like 'zenga:%'
 as expression


    from "ingatlanmizu"."silver"."stg_zenga__listing_versions"
    

),
validation_errors as (

    select
        *
    from
        grouped_expression
    where
        not(expression = true)

)

select *
from validation_errors





  
  
      
    ) dbt_internal_test
[0m22:07:55.144034 [debug] [Thread-2 (]: Opening a new connection, currently in state closed
[0m22:07:55.144228 [debug] [Thread-1 (]: Began executing node test.ingatlanmizu.dbt_utils_accepted_range_stg_zenga__listing_versions_area_sqm__10000__1.cbaa5a3741
[0m22:07:55.144444 [debug] [Thread-4 (]: Opening a new connection, currently in state closed
[0m22:07:55.145337 [debug] [Thread-1 (]: Writing runtime sql for node "test.ingatlanmizu.dbt_utils_accepted_range_stg_zenga__listing_versions_area_sqm__10000__1.cbaa5a3741"
[0m22:07:55.145844 [debug] [Thread-1 (]: Using postgres connection "test.ingatlanmizu.dbt_utils_accepted_range_stg_zenga__listing_versions_area_sqm__10000__1.cbaa5a3741"
[0m22:07:55.146106 [debug] [Thread-1 (]: On test.ingatlanmizu.dbt_utils_accepted_range_stg_zenga__listing_versions_area_sqm__10000__1.cbaa5a3741: /* {"app": "dbt", "dbt_version": "1.12.0", "profile_name": "ingatlanmizu", "target_name": "local", "node_id": "test.ingatlanmizu.dbt_utils_accepted_range_stg_zenga__listing_versions_area_sqm__10000__1.cbaa5a3741"} */

    
    select
      count(*) as failures,
      count(*) != 0 as should_warn,
      count(*) != 0 as should_error
    from (
      
    
  

with meet_condition as(
  select *
  from "ingatlanmizu"."silver"."stg_zenga__listing_versions"
),

validation_errors as (
  select *
  from meet_condition
  where
    -- never true, defaults to an empty result set. Exists to ensure any combo of the `or` clauses below succeeds
    1 = 2
    -- records with a value >= min_value are permitted. The `not` flips this to find records that don't meet the rule.
    or not area_sqm >= 1
    -- records with a value <= max_value are permitted. The `not` flips this to find records that don't meet the rule.
    or not area_sqm <= 10000
)

select *
from validation_errors


  
  
      
    ) dbt_internal_test
[0m22:07:55.146366 [debug] [Thread-3 (]: SQL status: SELECT 1 in 0.008 seconds
[0m22:07:55.146611 [debug] [Thread-1 (]: Opening a new connection, currently in state closed
[0m22:07:55.147504 [debug] [Thread-3 (]: On test.ingatlanmizu.accepted_values_stg_zenga__listing_versions_source__zenga.99b4c3989e: ROLLBACK
[0m22:07:55.148084 [debug] [Thread-3 (]: On test.ingatlanmizu.accepted_values_stg_zenga__listing_versions_source__zenga.99b4c3989e: Close
[0m22:07:55.148504 [info ] [Thread-3 (]: 14 of 102 PASS accepted_values_stg_zenga__listing_versions_source__zenga ....... [[32mPASS[0m in 0.03s]
[0m22:07:55.148810 [debug] [Thread-3 (]: Finished running node test.ingatlanmizu.accepted_values_stg_zenga__listing_versions_source__zenga.99b4c3989e
[0m22:07:55.149039 [debug] [Thread-3 (]: Began running node test.ingatlanmizu.dbt_utils_accepted_range_stg_zenga__listing_versions_max_number_of_floors_in_building__500__0.e4ef28cc6c
[0m22:07:55.149257 [info ] [Thread-3 (]: 18 of 102 START test dbt_utils_accepted_range_stg_zenga__listing_versions_max_number_of_floors_in_building__500__0  [RUN]
[0m22:07:55.149547 [debug] [Thread-3 (]: Re-using an available connection from the pool (formerly test.ingatlanmizu.accepted_values_stg_zenga__listing_versions_source__zenga.99b4c3989e, now test.ingatlanmizu.dbt_utils_accepted_range_stg_zenga__listing_versions_max_number_of_floors_in_building__500__0.e4ef28cc6c)
[0m22:07:55.149921 [debug] [Thread-3 (]: Began compiling node test.ingatlanmizu.dbt_utils_accepted_range_stg_zenga__listing_versions_max_number_of_floors_in_building__500__0.e4ef28cc6c
[0m22:07:55.154047 [debug] [Thread-3 (]: Writing injected SQL for node "test.ingatlanmizu.dbt_utils_accepted_range_stg_zenga__listing_versions_max_number_of_floors_in_building__500__0.e4ef28cc6c"
[0m22:07:55.155029 [debug] [Thread-3 (]: Began executing node test.ingatlanmizu.dbt_utils_accepted_range_stg_zenga__listing_versions_max_number_of_floors_in_building__500__0.e4ef28cc6c
[0m22:07:55.155942 [debug] [Thread-3 (]: Writing runtime sql for node "test.ingatlanmizu.dbt_utils_accepted_range_stg_zenga__listing_versions_max_number_of_floors_in_building__500__0.e4ef28cc6c"
[0m22:07:55.156284 [debug] [Thread-4 (]: SQL status: SELECT 1 in 0.012 seconds
[0m22:07:55.156542 [debug] [Thread-2 (]: SQL status: SELECT 1 in 0.012 seconds
[0m22:07:55.157521 [debug] [Thread-4 (]: On test.ingatlanmizu.dbt_expectations_expect_column_values_to_match_like_pattern_stg_zenga__listing_versions_listing_key__zenga_.97c745eef1: ROLLBACK
[0m22:07:55.158324 [debug] [Thread-2 (]: On test.ingatlanmizu.accepted_values_stg_zenga__listing_versions_sub_type__Ikerh_z__H_zr_sz__Sorh_z__Csal_di_h_z__Lak_s.052bdc29e2: ROLLBACK
[0m22:07:55.158593 [debug] [Thread-3 (]: Using postgres connection "test.ingatlanmizu.dbt_utils_accepted_range_stg_zenga__listing_versions_max_number_of_floors_in_building__500__0.e4ef28cc6c"
[0m22:07:55.158934 [debug] [Thread-3 (]: On test.ingatlanmizu.dbt_utils_accepted_range_stg_zenga__listing_versions_max_number_of_floors_in_building__500__0.e4ef28cc6c: /* {"app": "dbt", "dbt_version": "1.12.0", "profile_name": "ingatlanmizu", "target_name": "local", "node_id": "test.ingatlanmizu.dbt_utils_accepted_range_stg_zenga__listing_versions_max_number_of_floors_in_building__500__0.e4ef28cc6c"} */

    
    select
      count(*) as failures,
      count(*) != 0 as should_warn,
      count(*) != 0 as should_error
    from (
      
    
  

with meet_condition as(
  select *
  from "ingatlanmizu"."silver"."stg_zenga__listing_versions"
),

validation_errors as (
  select *
  from meet_condition
  where
    -- never true, defaults to an empty result set. Exists to ensure any combo of the `or` clauses below succeeds
    1 = 2
    -- records with a value >= min_value are permitted. The `not` flips this to find records that don't meet the rule.
    or not max_number_of_floors_in_building >= 0
    -- records with a value <= max_value are permitted. The `not` flips this to find records that don't meet the rule.
    or not max_number_of_floors_in_building <= 500
)

select *
from validation_errors


  
  
      
    ) dbt_internal_test
[0m22:07:55.159203 [debug] [Thread-4 (]: On test.ingatlanmizu.dbt_expectations_expect_column_values_to_match_like_pattern_stg_zenga__listing_versions_listing_key__zenga_.97c745eef1: Close
[0m22:07:55.159437 [debug] [Thread-2 (]: On test.ingatlanmizu.accepted_values_stg_zenga__listing_versions_sub_type__Ikerh_z__H_zr_sz__Sorh_z__Csal_di_h_z__Lak_s.052bdc29e2: Close
[0m22:07:55.159659 [debug] [Thread-1 (]: SQL status: SELECT 1 in 0.013 seconds
[0m22:07:55.159882 [debug] [Thread-3 (]: Opening a new connection, currently in state closed
[0m22:07:55.160258 [info ] [Thread-4 (]: 16 of 102 PASS dbt_expectations_expect_column_values_to_match_like_pattern_stg_zenga__listing_versions_listing_key__zenga_  [[32mPASS[0m in 0.04s]
[0m22:07:55.160660 [info ] [Thread-2 (]: 15 of 102 PASS accepted_values_stg_zenga__listing_versions_sub_type__Ikerh_z__H_zr_sz__Sorh_z__Csal_di_h_z__Lak_s  [[32mPASS[0m in 0.04s]
[0m22:07:55.161498 [debug] [Thread-1 (]: On test.ingatlanmizu.dbt_utils_accepted_range_stg_zenga__listing_versions_area_sqm__10000__1.cbaa5a3741: ROLLBACK
[0m22:07:55.161909 [debug] [Thread-4 (]: Finished running node test.ingatlanmizu.dbt_expectations_expect_column_values_to_match_like_pattern_stg_zenga__listing_versions_listing_key__zenga_.97c745eef1
[0m22:07:55.162245 [debug] [Thread-2 (]: Finished running node test.ingatlanmizu.accepted_values_stg_zenga__listing_versions_sub_type__Ikerh_z__H_zr_sz__Sorh_z__Csal_di_h_z__Lak_s.052bdc29e2
[0m22:07:55.162532 [debug] [Thread-4 (]: Began running node test.ingatlanmizu.dbt_utils_accepted_range_stg_zenga__listing_versions_price_huf__False__0.4069239c52
[0m22:07:55.162808 [debug] [Thread-1 (]: On test.ingatlanmizu.dbt_utils_accepted_range_stg_zenga__listing_versions_area_sqm__10000__1.cbaa5a3741: Close
[0m22:07:55.163036 [debug] [Thread-2 (]: Began running node test.ingatlanmizu.dbt_utils_accepted_range_stg_zenga__listing_versions_price_per_square_meter__10000000__100000.01a7d1164b
[0m22:07:55.163299 [info ] [Thread-4 (]: 19 of 102 START test dbt_utils_accepted_range_stg_zenga__listing_versions_price_huf__False__0  [RUN]
[0m22:07:55.163706 [info ] [Thread-1 (]: 17 of 102 PASS dbt_utils_accepted_range_stg_zenga__listing_versions_area_sqm__10000__1  [[32mPASS[0m in 0.03s]
[0m22:07:55.163890 [info ] [Thread-2 (]: 20 of 102 START test dbt_utils_accepted_range_stg_zenga__listing_versions_price_per_square_meter__10000000__100000  [RUN]
[0m22:07:55.164225 [debug] [Thread-4 (]: Re-using an available connection from the pool (formerly test.ingatlanmizu.dbt_expectations_expect_column_values_to_match_like_pattern_stg_zenga__listing_versions_listing_key__zenga_.97c745eef1, now test.ingatlanmizu.dbt_utils_accepted_range_stg_zenga__listing_versions_price_huf__False__0.4069239c52)
[0m22:07:55.164552 [debug] [Thread-1 (]: Finished running node test.ingatlanmizu.dbt_utils_accepted_range_stg_zenga__listing_versions_area_sqm__10000__1.cbaa5a3741
[0m22:07:55.164801 [debug] [Thread-2 (]: Re-using an available connection from the pool (formerly test.ingatlanmizu.accepted_values_stg_zenga__listing_versions_sub_type__Ikerh_z__H_zr_sz__Sorh_z__Csal_di_h_z__Lak_s.052bdc29e2, now test.ingatlanmizu.dbt_utils_accepted_range_stg_zenga__listing_versions_price_per_square_meter__10000000__100000.01a7d1164b)
[0m22:07:55.165037 [debug] [Thread-4 (]: Began compiling node test.ingatlanmizu.dbt_utils_accepted_range_stg_zenga__listing_versions_price_huf__False__0.4069239c52
[0m22:07:55.165276 [debug] [Thread-1 (]: Began running node test.ingatlanmizu.dbt_utils_accepted_range_stg_zenga__listing_versions_year_of_building__2100__1800.43a59557c5
[0m22:07:55.165513 [debug] [Thread-2 (]: Began compiling node test.ingatlanmizu.dbt_utils_accepted_range_stg_zenga__listing_versions_price_per_square_meter__10000000__100000.01a7d1164b
[0m22:07:55.169354 [debug] [Thread-4 (]: Writing injected SQL for node "test.ingatlanmizu.dbt_utils_accepted_range_stg_zenga__listing_versions_price_huf__False__0.4069239c52"
[0m22:07:55.169632 [info ] [Thread-1 (]: 21 of 102 START test dbt_utils_accepted_range_stg_zenga__listing_versions_year_of_building__2100__1800  [RUN]
[0m22:07:55.173193 [debug] [Thread-2 (]: Writing injected SQL for node "test.ingatlanmizu.dbt_utils_accepted_range_stg_zenga__listing_versions_price_per_square_meter__10000000__100000.01a7d1164b"
[0m22:07:55.173431 [debug] [Thread-3 (]: SQL status: SELECT 1 in 0.014 seconds
[0m22:07:55.173751 [debug] [Thread-1 (]: Re-using an available connection from the pool (formerly test.ingatlanmizu.dbt_utils_accepted_range_stg_zenga__listing_versions_area_sqm__10000__1.cbaa5a3741, now test.ingatlanmizu.dbt_utils_accepted_range_stg_zenga__listing_versions_year_of_building__2100__1800.43a59557c5)
[0m22:07:55.174628 [debug] [Thread-3 (]: On test.ingatlanmizu.dbt_utils_accepted_range_stg_zenga__listing_versions_max_number_of_floors_in_building__500__0.e4ef28cc6c: ROLLBACK
[0m22:07:55.174922 [debug] [Thread-1 (]: Began compiling node test.ingatlanmizu.dbt_utils_accepted_range_stg_zenga__listing_versions_year_of_building__2100__1800.43a59557c5
[0m22:07:55.175152 [debug] [Thread-2 (]: Began executing node test.ingatlanmizu.dbt_utils_accepted_range_stg_zenga__listing_versions_price_per_square_meter__10000000__100000.01a7d1164b
[0m22:07:55.175371 [debug] [Thread-4 (]: Began executing node test.ingatlanmizu.dbt_utils_accepted_range_stg_zenga__listing_versions_price_huf__False__0.4069239c52
[0m22:07:55.178820 [debug] [Thread-1 (]: Writing injected SQL for node "test.ingatlanmizu.dbt_utils_accepted_range_stg_zenga__listing_versions_year_of_building__2100__1800.43a59557c5"
[0m22:07:55.179049 [debug] [Thread-3 (]: On test.ingatlanmizu.dbt_utils_accepted_range_stg_zenga__listing_versions_max_number_of_floors_in_building__500__0.e4ef28cc6c: Close
[0m22:07:55.179828 [debug] [Thread-2 (]: Writing runtime sql for node "test.ingatlanmizu.dbt_utils_accepted_range_stg_zenga__listing_versions_price_per_square_meter__10000000__100000.01a7d1164b"
[0m22:07:55.180610 [debug] [Thread-4 (]: Writing runtime sql for node "test.ingatlanmizu.dbt_utils_accepted_range_stg_zenga__listing_versions_price_huf__False__0.4069239c52"
[0m22:07:55.180995 [info ] [Thread-3 (]: 18 of 102 PASS dbt_utils_accepted_range_stg_zenga__listing_versions_max_number_of_floors_in_building__500__0  [[32mPASS[0m in 0.03s]
[0m22:07:55.181428 [debug] [Thread-3 (]: Finished running node test.ingatlanmizu.dbt_utils_accepted_range_stg_zenga__listing_versions_max_number_of_floors_in_building__500__0.e4ef28cc6c
[0m22:07:55.181701 [debug] [Thread-1 (]: Began executing node test.ingatlanmizu.dbt_utils_accepted_range_stg_zenga__listing_versions_year_of_building__2100__1800.43a59557c5
[0m22:07:55.181967 [debug] [Thread-3 (]: Began running node test.ingatlanmizu.dbt_utils_unique_combination_of_columns_stg_zenga__listing_versions_listing_code__payload_hash.4747e65fd8
[0m22:07:55.182246 [debug] [Thread-2 (]: Using postgres connection "test.ingatlanmizu.dbt_utils_accepted_range_stg_zenga__listing_versions_price_per_square_meter__10000000__100000.01a7d1164b"
[0m22:07:55.182474 [debug] [Thread-4 (]: Using postgres connection "test.ingatlanmizu.dbt_utils_accepted_range_stg_zenga__listing_versions_price_huf__False__0.4069239c52"
[0m22:07:55.183267 [debug] [Thread-1 (]: Writing runtime sql for node "test.ingatlanmizu.dbt_utils_accepted_range_stg_zenga__listing_versions_year_of_building__2100__1800.43a59557c5"
[0m22:07:55.183509 [info ] [Thread-3 (]: 22 of 102 START test dbt_utils_unique_combination_of_columns_stg_zenga__listing_versions_listing_code__payload_hash  [RUN]
[0m22:07:55.183800 [debug] [Thread-2 (]: On test.ingatlanmizu.dbt_utils_accepted_range_stg_zenga__listing_versions_price_per_square_meter__10000000__100000.01a7d1164b: /* {"app": "dbt", "dbt_version": "1.12.0", "profile_name": "ingatlanmizu", "target_name": "local", "node_id": "test.ingatlanmizu.dbt_utils_accepted_range_stg_zenga__listing_versions_price_per_square_meter__10000000__100000.01a7d1164b"} */

    
    select
      count(*) as failures,
      count(*) != 0 as should_warn,
      count(*) != 0 as should_error
    from (
      
    
  

with meet_condition as(
  select *
  from "ingatlanmizu"."silver"."stg_zenga__listing_versions"
),

validation_errors as (
  select *
  from meet_condition
  where
    -- never true, defaults to an empty result set. Exists to ensure any combo of the `or` clauses below succeeds
    1 = 2
    -- records with a value >= min_value are permitted. The `not` flips this to find records that don't meet the rule.
    or not price_per_square_meter >= 100000
    -- records with a value <= max_value are permitted. The `not` flips this to find records that don't meet the rule.
    or not price_per_square_meter <= 10000000
)

select *
from validation_errors


  
  
      
    ) dbt_internal_test
[0m22:07:55.184091 [debug] [Thread-4 (]: On test.ingatlanmizu.dbt_utils_accepted_range_stg_zenga__listing_versions_price_huf__False__0.4069239c52: /* {"app": "dbt", "dbt_version": "1.12.0", "profile_name": "ingatlanmizu", "target_name": "local", "node_id": "test.ingatlanmizu.dbt_utils_accepted_range_stg_zenga__listing_versions_price_huf__False__0.4069239c52"} */

    
    select
      count(*) as failures,
      count(*) != 0 as should_warn,
      count(*) != 0 as should_error
    from (
      
    
  

with meet_condition as(
  select *
  from "ingatlanmizu"."silver"."stg_zenga__listing_versions"
),

validation_errors as (
  select *
  from meet_condition
  where
    -- never true, defaults to an empty result set. Exists to ensure any combo of the `or` clauses below succeeds
    1 = 2
    -- records with a value >= min_value are permitted. The `not` flips this to find records that don't meet the rule.
    or not price_huf > 0
)

select *
from validation_errors


  
  
      
    ) dbt_internal_test
[0m22:07:55.184403 [debug] [Thread-3 (]: Re-using an available connection from the pool (formerly test.ingatlanmizu.dbt_utils_accepted_range_stg_zenga__listing_versions_max_number_of_floors_in_building__500__0.e4ef28cc6c, now test.ingatlanmizu.dbt_utils_unique_combination_of_columns_stg_zenga__listing_versions_listing_code__payload_hash.4747e65fd8)
[0m22:07:55.184634 [debug] [Thread-2 (]: Opening a new connection, currently in state closed
[0m22:07:55.184843 [debug] [Thread-4 (]: Opening a new connection, currently in state closed
[0m22:07:55.185078 [debug] [Thread-1 (]: Using postgres connection "test.ingatlanmizu.dbt_utils_accepted_range_stg_zenga__listing_versions_year_of_building__2100__1800.43a59557c5"
[0m22:07:55.185302 [debug] [Thread-3 (]: Began compiling node test.ingatlanmizu.dbt_utils_unique_combination_of_columns_stg_zenga__listing_versions_listing_code__payload_hash.4747e65fd8
[0m22:07:55.185694 [debug] [Thread-1 (]: On test.ingatlanmizu.dbt_utils_accepted_range_stg_zenga__listing_versions_year_of_building__2100__1800.43a59557c5: /* {"app": "dbt", "dbt_version": "1.12.0", "profile_name": "ingatlanmizu", "target_name": "local", "node_id": "test.ingatlanmizu.dbt_utils_accepted_range_stg_zenga__listing_versions_year_of_building__2100__1800.43a59557c5"} */

    
    select
      count(*) as failures,
      count(*) != 0 as should_warn,
      count(*) != 0 as should_error
    from (
      
    
  

with meet_condition as(
  select *
  from "ingatlanmizu"."silver"."stg_zenga__listing_versions"
),

validation_errors as (
  select *
  from meet_condition
  where
    -- never true, defaults to an empty result set. Exists to ensure any combo of the `or` clauses below succeeds
    1 = 2
    -- records with a value >= min_value are permitted. The `not` flips this to find records that don't meet the rule.
    or not year_of_building >= 1800
    -- records with a value <= max_value are permitted. The `not` flips this to find records that don't meet the rule.
    or not year_of_building <= 2100
)

select *
from validation_errors


  
  
      
    ) dbt_internal_test
[0m22:07:55.189624 [debug] [Thread-3 (]: Writing injected SQL for node "test.ingatlanmizu.dbt_utils_unique_combination_of_columns_stg_zenga__listing_versions_listing_code__payload_hash.4747e65fd8"
[0m22:07:55.189921 [debug] [Thread-1 (]: Opening a new connection, currently in state closed
[0m22:07:55.190585 [debug] [Thread-3 (]: Began executing node test.ingatlanmizu.dbt_utils_unique_combination_of_columns_stg_zenga__listing_versions_listing_code__payload_hash.4747e65fd8
[0m22:07:55.191425 [debug] [Thread-3 (]: Writing runtime sql for node "test.ingatlanmizu.dbt_utils_unique_combination_of_columns_stg_zenga__listing_versions_listing_code__payload_hash.4747e65fd8"
[0m22:07:55.191958 [debug] [Thread-3 (]: Using postgres connection "test.ingatlanmizu.dbt_utils_unique_combination_of_columns_stg_zenga__listing_versions_listing_code__payload_hash.4747e65fd8"
[0m22:07:55.192256 [debug] [Thread-3 (]: On test.ingatlanmizu.dbt_utils_unique_combination_of_columns_stg_zenga__listing_versions_listing_code__payload_hash.4747e65fd8: /* {"app": "dbt", "dbt_version": "1.12.0", "profile_name": "ingatlanmizu", "target_name": "local", "node_id": "test.ingatlanmizu.dbt_utils_unique_combination_of_columns_stg_zenga__listing_versions_listing_code__payload_hash.4747e65fd8"} */

    
    select
      count(*) as failures,
      count(*) != 0 as should_warn,
      count(*) != 0 as should_error
    from (
      
    
  





with validation_errors as (

    select
        listing_code, payload_hash
    from "ingatlanmizu"."silver"."stg_zenga__listing_versions"
    group by listing_code, payload_hash
    having count(*) > 1

)

select *
from validation_errors



  
  
      
    ) dbt_internal_test
[0m22:07:55.192507 [debug] [Thread-3 (]: Opening a new connection, currently in state closed
[0m22:07:55.195136 [debug] [Thread-4 (]: SQL status: SELECT 1 in 0.010 seconds
[0m22:07:55.196068 [debug] [Thread-4 (]: On test.ingatlanmizu.dbt_utils_accepted_range_stg_zenga__listing_versions_price_huf__False__0.4069239c52: ROLLBACK
[0m22:07:55.196341 [debug] [Thread-2 (]: SQL status: SELECT 1 in 0.012 seconds
[0m22:07:55.197220 [debug] [Thread-2 (]: On test.ingatlanmizu.dbt_utils_accepted_range_stg_zenga__listing_versions_price_per_square_meter__10000000__100000.01a7d1164b: ROLLBACK
[0m22:07:55.197462 [debug] [Thread-4 (]: On test.ingatlanmizu.dbt_utils_accepted_range_stg_zenga__listing_versions_price_huf__False__0.4069239c52: Close
[0m22:07:55.197845 [info ] [Thread-4 (]: 19 of 102 PASS dbt_utils_accepted_range_stg_zenga__listing_versions_price_huf__False__0  [[32mPASS[0m in 0.03s]
[0m22:07:55.198201 [debug] [Thread-4 (]: Finished running node test.ingatlanmizu.dbt_utils_accepted_range_stg_zenga__listing_versions_price_huf__False__0.4069239c52
[0m22:07:55.198419 [debug] [Thread-2 (]: On test.ingatlanmizu.dbt_utils_accepted_range_stg_zenga__listing_versions_price_per_square_meter__10000000__100000.01a7d1164b: Close
[0m22:07:55.198647 [debug] [Thread-1 (]: SQL status: SELECT 1 in 0.009 seconds
[0m22:07:55.198893 [debug] [Thread-4 (]: Began running node test.ingatlanmizu.not_empty_stg_zenga__listing_versions_city.9fb88cb052
[0m22:07:55.200055 [debug] [Thread-1 (]: On test.ingatlanmizu.dbt_utils_accepted_range_stg_zenga__listing_versions_year_of_building__2100__1800.43a59557c5: ROLLBACK
[0m22:07:55.199296 [info ] [Thread-2 (]: 20 of 102 PASS dbt_utils_accepted_range_stg_zenga__listing_versions_price_per_square_meter__10000000__100000  [[32mPASS[0m in 0.03s]
[0m22:07:55.200388 [info ] [Thread-4 (]: 23 of 102 START test not_empty_stg_zenga__listing_versions_city ................ [RUN]
[0m22:07:55.200741 [debug] [Thread-2 (]: Finished running node test.ingatlanmizu.dbt_utils_accepted_range_stg_zenga__listing_versions_price_per_square_meter__10000000__100000.01a7d1164b
[0m22:07:55.200951 [debug] [Thread-1 (]: On test.ingatlanmizu.dbt_utils_accepted_range_stg_zenga__listing_versions_year_of_building__2100__1800.43a59557c5: Close
[0m22:07:55.201201 [debug] [Thread-4 (]: Re-using an available connection from the pool (formerly test.ingatlanmizu.dbt_utils_accepted_range_stg_zenga__listing_versions_price_huf__False__0.4069239c52, now test.ingatlanmizu.not_empty_stg_zenga__listing_versions_city.9fb88cb052)
[0m22:07:55.201453 [debug] [Thread-2 (]: Began running node test.ingatlanmizu.not_empty_stg_zenga__listing_versions_condition.8c2da70523
[0m22:07:55.201704 [debug] [Thread-3 (]: SQL status: SELECT 1 in 0.009 seconds
[0m22:07:55.202283 [debug] [Thread-4 (]: Began compiling node test.ingatlanmizu.not_empty_stg_zenga__listing_versions_city.9fb88cb052
[0m22:07:55.202091 [info ] [Thread-1 (]: 21 of 102 PASS dbt_utils_accepted_range_stg_zenga__listing_versions_year_of_building__2100__1800  [[32mPASS[0m in 0.03s]
[0m22:07:55.202575 [info ] [Thread-2 (]: 24 of 102 START test not_empty_stg_zenga__listing_versions_condition ........... [RUN]
[0m22:07:55.203328 [debug] [Thread-3 (]: On test.ingatlanmizu.dbt_utils_unique_combination_of_columns_stg_zenga__listing_versions_listing_code__payload_hash.4747e65fd8: ROLLBACK
[0m22:07:55.207576 [debug] [Thread-4 (]: Writing injected SQL for node "test.ingatlanmizu.not_empty_stg_zenga__listing_versions_city.9fb88cb052"
[0m22:07:55.207905 [debug] [Thread-1 (]: Finished running node test.ingatlanmizu.dbt_utils_accepted_range_stg_zenga__listing_versions_year_of_building__2100__1800.43a59557c5
[0m22:07:55.208169 [debug] [Thread-2 (]: Re-using an available connection from the pool (formerly test.ingatlanmizu.dbt_utils_accepted_range_stg_zenga__listing_versions_price_per_square_meter__10000000__100000.01a7d1164b, now test.ingatlanmizu.not_empty_stg_zenga__listing_versions_condition.8c2da70523)
[0m22:07:55.208503 [debug] [Thread-1 (]: Began running node test.ingatlanmizu.not_empty_stg_zenga__listing_versions_listing_code.e42ffc8646
[0m22:07:55.208760 [debug] [Thread-3 (]: On test.ingatlanmizu.dbt_utils_unique_combination_of_columns_stg_zenga__listing_versions_listing_code__payload_hash.4747e65fd8: Close
[0m22:07:55.208994 [debug] [Thread-2 (]: Began compiling node test.ingatlanmizu.not_empty_stg_zenga__listing_versions_condition.8c2da70523
[0m22:07:55.209221 [info ] [Thread-1 (]: 25 of 102 START test not_empty_stg_zenga__listing_versions_listing_code ........ [RUN]
[0m22:07:55.209449 [debug] [Thread-4 (]: Began executing node test.ingatlanmizu.not_empty_stg_zenga__listing_versions_city.9fb88cb052
[0m22:07:55.209769 [info ] [Thread-3 (]: 22 of 102 PASS dbt_utils_unique_combination_of_columns_stg_zenga__listing_versions_listing_code__payload_hash  [[32mPASS[0m in 0.03s]
[0m22:07:55.213057 [debug] [Thread-2 (]: Writing injected SQL for node "test.ingatlanmizu.not_empty_stg_zenga__listing_versions_condition.8c2da70523"
[0m22:07:55.213317 [debug] [Thread-1 (]: Re-using an available connection from the pool (formerly test.ingatlanmizu.dbt_utils_accepted_range_stg_zenga__listing_versions_year_of_building__2100__1800.43a59557c5, now test.ingatlanmizu.not_empty_stg_zenga__listing_versions_listing_code.e42ffc8646)
[0m22:07:55.214087 [debug] [Thread-4 (]: Writing runtime sql for node "test.ingatlanmizu.not_empty_stg_zenga__listing_versions_city.9fb88cb052"
[0m22:07:55.214394 [debug] [Thread-3 (]: Finished running node test.ingatlanmizu.dbt_utils_unique_combination_of_columns_stg_zenga__listing_versions_listing_code__payload_hash.4747e65fd8
[0m22:07:55.214660 [debug] [Thread-1 (]: Began compiling node test.ingatlanmizu.not_empty_stg_zenga__listing_versions_listing_code.e42ffc8646
[0m22:07:55.214955 [debug] [Thread-3 (]: Began running node test.ingatlanmizu.not_empty_stg_zenga__listing_versions_listing_key.0aa242c5e3
[0m22:07:55.215189 [debug] [Thread-2 (]: Began executing node test.ingatlanmizu.not_empty_stg_zenga__listing_versions_condition.8c2da70523
[0m22:07:55.218534 [debug] [Thread-1 (]: Writing injected SQL for node "test.ingatlanmizu.not_empty_stg_zenga__listing_versions_listing_code.e42ffc8646"
[0m22:07:55.219012 [debug] [Thread-4 (]: Using postgres connection "test.ingatlanmizu.not_empty_stg_zenga__listing_versions_city.9fb88cb052"
[0m22:07:55.218806 [info ] [Thread-3 (]: 26 of 102 START test not_empty_stg_zenga__listing_versions_listing_key ......... [RUN]
[0m22:07:55.219869 [debug] [Thread-2 (]: Writing runtime sql for node "test.ingatlanmizu.not_empty_stg_zenga__listing_versions_condition.8c2da70523"
[0m22:07:55.220178 [debug] [Thread-4 (]: On test.ingatlanmizu.not_empty_stg_zenga__listing_versions_city.9fb88cb052: /* {"app": "dbt", "dbt_version": "1.12.0", "profile_name": "ingatlanmizu", "target_name": "local", "node_id": "test.ingatlanmizu.not_empty_stg_zenga__listing_versions_city.9fb88cb052"} */

    
    select
      count(*) as failures,
      count(*) != 0 as should_warn,
      count(*) != 0 as should_error
    from (
      
    
  

select *
from "ingatlanmizu"."silver"."stg_zenga__listing_versions"
where trim(city) = ''


  
  
      
    ) dbt_internal_test
[0m22:07:55.220478 [debug] [Thread-3 (]: Re-using an available connection from the pool (formerly test.ingatlanmizu.dbt_utils_unique_combination_of_columns_stg_zenga__listing_versions_listing_code__payload_hash.4747e65fd8, now test.ingatlanmizu.not_empty_stg_zenga__listing_versions_listing_key.0aa242c5e3)
[0m22:07:55.220737 [debug] [Thread-1 (]: Began executing node test.ingatlanmizu.not_empty_stg_zenga__listing_versions_listing_code.e42ffc8646
[0m22:07:55.220956 [debug] [Thread-4 (]: Opening a new connection, currently in state closed
[0m22:07:55.221175 [debug] [Thread-3 (]: Began compiling node test.ingatlanmizu.not_empty_stg_zenga__listing_versions_listing_key.0aa242c5e3
[0m22:07:55.221393 [debug] [Thread-2 (]: Using postgres connection "test.ingatlanmizu.not_empty_stg_zenga__listing_versions_condition.8c2da70523"
[0m22:07:55.222210 [debug] [Thread-1 (]: Writing runtime sql for node "test.ingatlanmizu.not_empty_stg_zenga__listing_versions_listing_code.e42ffc8646"
[0m22:07:55.225797 [debug] [Thread-3 (]: Writing injected SQL for node "test.ingatlanmizu.not_empty_stg_zenga__listing_versions_listing_key.0aa242c5e3"
[0m22:07:55.226093 [debug] [Thread-2 (]: On test.ingatlanmizu.not_empty_stg_zenga__listing_versions_condition.8c2da70523: /* {"app": "dbt", "dbt_version": "1.12.0", "profile_name": "ingatlanmizu", "target_name": "local", "node_id": "test.ingatlanmizu.not_empty_stg_zenga__listing_versions_condition.8c2da70523"} */

    
    select
      count(*) as failures,
      count(*) != 0 as should_warn,
      count(*) != 0 as should_error
    from (
      
    
  

select *
from "ingatlanmizu"."silver"."stg_zenga__listing_versions"
where trim(condition) = ''


  
  
      
    ) dbt_internal_test
[0m22:07:55.226475 [debug] [Thread-2 (]: Opening a new connection, currently in state closed
[0m22:07:55.226816 [debug] [Thread-1 (]: Using postgres connection "test.ingatlanmizu.not_empty_stg_zenga__listing_versions_listing_code.e42ffc8646"
[0m22:07:55.227067 [debug] [Thread-1 (]: On test.ingatlanmizu.not_empty_stg_zenga__listing_versions_listing_code.e42ffc8646: /* {"app": "dbt", "dbt_version": "1.12.0", "profile_name": "ingatlanmizu", "target_name": "local", "node_id": "test.ingatlanmizu.not_empty_stg_zenga__listing_versions_listing_code.e42ffc8646"} */

    
    select
      count(*) as failures,
      count(*) != 0 as should_warn,
      count(*) != 0 as should_error
    from (
      
    
  

select *
from "ingatlanmizu"."silver"."stg_zenga__listing_versions"
where trim(listing_code) = ''


  
  
      
    ) dbt_internal_test
[0m22:07:55.227308 [debug] [Thread-3 (]: Began executing node test.ingatlanmizu.not_empty_stg_zenga__listing_versions_listing_key.0aa242c5e3
[0m22:07:55.227526 [debug] [Thread-1 (]: Opening a new connection, currently in state closed
[0m22:07:55.228358 [debug] [Thread-3 (]: Writing runtime sql for node "test.ingatlanmizu.not_empty_stg_zenga__listing_versions_listing_key.0aa242c5e3"
[0m22:07:55.228844 [debug] [Thread-3 (]: Using postgres connection "test.ingatlanmizu.not_empty_stg_zenga__listing_versions_listing_key.0aa242c5e3"
[0m22:07:55.229090 [debug] [Thread-3 (]: On test.ingatlanmizu.not_empty_stg_zenga__listing_versions_listing_key.0aa242c5e3: /* {"app": "dbt", "dbt_version": "1.12.0", "profile_name": "ingatlanmizu", "target_name": "local", "node_id": "test.ingatlanmizu.not_empty_stg_zenga__listing_versions_listing_key.0aa242c5e3"} */

    
    select
      count(*) as failures,
      count(*) != 0 as should_warn,
      count(*) != 0 as should_error
    from (
      
    
  

select *
from "ingatlanmizu"."silver"."stg_zenga__listing_versions"
where trim(listing_key) = ''


  
  
      
    ) dbt_internal_test
[0m22:07:55.229353 [debug] [Thread-3 (]: Opening a new connection, currently in state closed
[0m22:07:55.230493 [debug] [Thread-4 (]: SQL status: SELECT 1 in 0.010 seconds
[0m22:07:55.231383 [debug] [Thread-4 (]: On test.ingatlanmizu.not_empty_stg_zenga__listing_versions_city.9fb88cb052: ROLLBACK
[0m22:07:55.231865 [debug] [Thread-4 (]: On test.ingatlanmizu.not_empty_stg_zenga__listing_versions_city.9fb88cb052: Close
[0m22:07:55.232255 [info ] [Thread-4 (]: 23 of 102 PASS not_empty_stg_zenga__listing_versions_city ...................... [[32mPASS[0m in 0.03s]
[0m22:07:55.232589 [debug] [Thread-4 (]: Finished running node test.ingatlanmizu.not_empty_stg_zenga__listing_versions_city.9fb88cb052
[0m22:07:55.232828 [debug] [Thread-4 (]: Began running node test.ingatlanmizu.not_empty_stg_zenga__listing_versions_location_detail.8938ea0c2d
[0m22:07:55.233309 [info ] [Thread-4 (]: 27 of 102 START test not_empty_stg_zenga__listing_versions_location_detail ..... [RUN]
[0m22:07:55.233574 [debug] [Thread-4 (]: Re-using an available connection from the pool (formerly test.ingatlanmizu.not_empty_stg_zenga__listing_versions_city.9fb88cb052, now test.ingatlanmizu.not_empty_stg_zenga__listing_versions_location_detail.8938ea0c2d)
[0m22:07:55.233790 [debug] [Thread-4 (]: Began compiling node test.ingatlanmizu.not_empty_stg_zenga__listing_versions_location_detail.8938ea0c2d
[0m22:07:55.237930 [debug] [Thread-4 (]: Writing injected SQL for node "test.ingatlanmizu.not_empty_stg_zenga__listing_versions_location_detail.8938ea0c2d"
[0m22:07:55.238548 [debug] [Thread-4 (]: Began executing node test.ingatlanmizu.not_empty_stg_zenga__listing_versions_location_detail.8938ea0c2d
[0m22:07:55.239422 [debug] [Thread-4 (]: Writing runtime sql for node "test.ingatlanmizu.not_empty_stg_zenga__listing_versions_location_detail.8938ea0c2d"
[0m22:07:55.239887 [debug] [Thread-4 (]: Using postgres connection "test.ingatlanmizu.not_empty_stg_zenga__listing_versions_location_detail.8938ea0c2d"
[0m22:07:55.240143 [debug] [Thread-4 (]: On test.ingatlanmizu.not_empty_stg_zenga__listing_versions_location_detail.8938ea0c2d: /* {"app": "dbt", "dbt_version": "1.12.0", "profile_name": "ingatlanmizu", "target_name": "local", "node_id": "test.ingatlanmizu.not_empty_stg_zenga__listing_versions_location_detail.8938ea0c2d"} */

    
    select
      count(*) as failures,
      count(*) != 0 as should_warn,
      count(*) != 0 as should_error
    from (
      
    
  

select *
from "ingatlanmizu"."silver"."stg_zenga__listing_versions"
where trim(location_detail) = ''


  
  
      
    ) dbt_internal_test
[0m22:07:55.240404 [debug] [Thread-1 (]: SQL status: SELECT 1 in 0.013 seconds
[0m22:07:55.240646 [debug] [Thread-2 (]: SQL status: SELECT 1 in 0.014 seconds
[0m22:07:55.240852 [debug] [Thread-3 (]: SQL status: SELECT 1 in 0.011 seconds
[0m22:07:55.241077 [debug] [Thread-4 (]: Opening a new connection, currently in state closed
[0m22:07:55.241890 [debug] [Thread-1 (]: On test.ingatlanmizu.not_empty_stg_zenga__listing_versions_listing_code.e42ffc8646: ROLLBACK
[0m22:07:55.242624 [debug] [Thread-2 (]: On test.ingatlanmizu.not_empty_stg_zenga__listing_versions_condition.8c2da70523: ROLLBACK
[0m22:07:55.243322 [debug] [Thread-3 (]: On test.ingatlanmizu.not_empty_stg_zenga__listing_versions_listing_key.0aa242c5e3: ROLLBACK
[0m22:07:55.243868 [debug] [Thread-2 (]: On test.ingatlanmizu.not_empty_stg_zenga__listing_versions_condition.8c2da70523: Close
[0m22:07:55.244094 [debug] [Thread-1 (]: On test.ingatlanmizu.not_empty_stg_zenga__listing_versions_listing_code.e42ffc8646: Close
[0m22:07:55.244317 [debug] [Thread-3 (]: On test.ingatlanmizu.not_empty_stg_zenga__listing_versions_listing_key.0aa242c5e3: Close
[0m22:07:55.244722 [info ] [Thread-2 (]: 24 of 102 PASS not_empty_stg_zenga__listing_versions_condition ................. [[32mPASS[0m in 0.04s]
[0m22:07:55.245186 [info ] [Thread-1 (]: 25 of 102 PASS not_empty_stg_zenga__listing_versions_listing_code .............. [[32mPASS[0m in 0.03s]
[0m22:07:55.245619 [info ] [Thread-3 (]: 26 of 102 PASS not_empty_stg_zenga__listing_versions_listing_key ............... [[32mPASS[0m in 0.03s]
[0m22:07:55.245971 [debug] [Thread-2 (]: Finished running node test.ingatlanmizu.not_empty_stg_zenga__listing_versions_condition.8c2da70523
[0m22:07:55.246278 [debug] [Thread-1 (]: Finished running node test.ingatlanmizu.not_empty_stg_zenga__listing_versions_listing_code.e42ffc8646
[0m22:07:55.246572 [debug] [Thread-3 (]: Finished running node test.ingatlanmizu.not_empty_stg_zenga__listing_versions_listing_key.0aa242c5e3
[0m22:07:55.246813 [debug] [Thread-2 (]: Began running node test.ingatlanmizu.not_empty_stg_zenga__listing_versions_main_type.9b3692f555
[0m22:07:55.247097 [debug] [Thread-1 (]: Began running node test.ingatlanmizu.not_null_stg_zenga__listing_versions_area_sqm.9319e521c4
[0m22:07:55.247341 [debug] [Thread-3 (]: Began running node test.ingatlanmizu.not_null_stg_zenga__listing_versions_city.4a3002d577
[0m22:07:55.247601 [info ] [Thread-2 (]: 28 of 102 START test not_empty_stg_zenga__listing_versions_main_type ........... [RUN]
[0m22:07:55.247840 [info ] [Thread-1 (]: 29 of 102 START test not_null_stg_zenga__listing_versions_area_sqm ............. [RUN]
[0m22:07:55.248068 [info ] [Thread-3 (]: 30 of 102 START test not_null_stg_zenga__listing_versions_city ................. [RUN]
[0m22:07:55.248331 [debug] [Thread-2 (]: Re-using an available connection from the pool (formerly test.ingatlanmizu.not_empty_stg_zenga__listing_versions_condition.8c2da70523, now test.ingatlanmizu.not_empty_stg_zenga__listing_versions_main_type.9b3692f555)
[0m22:07:55.248570 [debug] [Thread-1 (]: Re-using an available connection from the pool (formerly test.ingatlanmizu.not_empty_stg_zenga__listing_versions_listing_code.e42ffc8646, now test.ingatlanmizu.not_null_stg_zenga__listing_versions_area_sqm.9319e521c4)
[0m22:07:55.248890 [debug] [Thread-3 (]: Re-using an available connection from the pool (formerly test.ingatlanmizu.not_empty_stg_zenga__listing_versions_listing_key.0aa242c5e3, now test.ingatlanmizu.not_null_stg_zenga__listing_versions_city.4a3002d577)
[0m22:07:55.249122 [debug] [Thread-2 (]: Began compiling node test.ingatlanmizu.not_empty_stg_zenga__listing_versions_main_type.9b3692f555
[0m22:07:55.249349 [debug] [Thread-1 (]: Began compiling node test.ingatlanmizu.not_null_stg_zenga__listing_versions_area_sqm.9319e521c4
[0m22:07:55.249560 [debug] [Thread-3 (]: Began compiling node test.ingatlanmizu.not_null_stg_zenga__listing_versions_city.4a3002d577
[0m22:07:55.253663 [debug] [Thread-2 (]: Writing injected SQL for node "test.ingatlanmizu.not_empty_stg_zenga__listing_versions_main_type.9b3692f555"
[0m22:07:55.257178 [debug] [Thread-1 (]: Writing injected SQL for node "test.ingatlanmizu.not_null_stg_zenga__listing_versions_area_sqm.9319e521c4"
[0m22:07:55.257425 [debug] [Thread-4 (]: SQL status: SELECT 1 in 0.016 seconds
[0m22:07:55.261248 [debug] [Thread-3 (]: Writing injected SQL for node "test.ingatlanmizu.not_null_stg_zenga__listing_versions_city.4a3002d577"
[0m22:07:55.262200 [debug] [Thread-4 (]: On test.ingatlanmizu.not_empty_stg_zenga__listing_versions_location_detail.8938ea0c2d: ROLLBACK
[0m22:07:55.262554 [debug] [Thread-2 (]: Began executing node test.ingatlanmizu.not_empty_stg_zenga__listing_versions_main_type.9b3692f555
[0m22:07:55.262797 [debug] [Thread-1 (]: Began executing node test.ingatlanmizu.not_null_stg_zenga__listing_versions_area_sqm.9319e521c4
[0m22:07:55.263039 [debug] [Thread-4 (]: On test.ingatlanmizu.not_empty_stg_zenga__listing_versions_location_detail.8938ea0c2d: Close
[0m22:07:55.263841 [debug] [Thread-2 (]: Writing runtime sql for node "test.ingatlanmizu.not_empty_stg_zenga__listing_versions_main_type.9b3692f555"
[0m22:07:55.264076 [debug] [Thread-3 (]: Began executing node test.ingatlanmizu.not_null_stg_zenga__listing_versions_city.4a3002d577
[0m22:07:55.264787 [debug] [Thread-1 (]: Writing runtime sql for node "test.ingatlanmizu.not_null_stg_zenga__listing_versions_area_sqm.9319e521c4"
[0m22:07:55.265146 [info ] [Thread-4 (]: 27 of 102 PASS not_empty_stg_zenga__listing_versions_location_detail ........... [[32mPASS[0m in 0.03s]
[0m22:07:55.266055 [debug] [Thread-3 (]: Writing runtime sql for node "test.ingatlanmizu.not_null_stg_zenga__listing_versions_city.4a3002d577"
[0m22:07:55.266368 [debug] [Thread-2 (]: Using postgres connection "test.ingatlanmizu.not_empty_stg_zenga__listing_versions_main_type.9b3692f555"
[0m22:07:55.266674 [debug] [Thread-4 (]: Finished running node test.ingatlanmizu.not_empty_stg_zenga__listing_versions_location_detail.8938ea0c2d
[0m22:07:55.266990 [debug] [Thread-2 (]: On test.ingatlanmizu.not_empty_stg_zenga__listing_versions_main_type.9b3692f555: /* {"app": "dbt", "dbt_version": "1.12.0", "profile_name": "ingatlanmizu", "target_name": "local", "node_id": "test.ingatlanmizu.not_empty_stg_zenga__listing_versions_main_type.9b3692f555"} */

    
    select
      count(*) as failures,
      count(*) != 0 as should_warn,
      count(*) != 0 as should_error
    from (
      
    
  

select *
from "ingatlanmizu"."silver"."stg_zenga__listing_versions"
where trim(main_type) = ''


  
  
      
    ) dbt_internal_test
[0m22:07:55.267240 [debug] [Thread-1 (]: Using postgres connection "test.ingatlanmizu.not_null_stg_zenga__listing_versions_area_sqm.9319e521c4"
[0m22:07:55.267500 [debug] [Thread-4 (]: Began running node test.ingatlanmizu.not_null_stg_zenga__listing_versions_condition.2575d91fe4
[0m22:07:55.267747 [debug] [Thread-3 (]: Using postgres connection "test.ingatlanmizu.not_null_stg_zenga__listing_versions_city.4a3002d577"
[0m22:07:55.267953 [debug] [Thread-2 (]: Opening a new connection, currently in state closed
[0m22:07:55.268181 [debug] [Thread-1 (]: On test.ingatlanmizu.not_null_stg_zenga__listing_versions_area_sqm.9319e521c4: /* {"app": "dbt", "dbt_version": "1.12.0", "profile_name": "ingatlanmizu", "target_name": "local", "node_id": "test.ingatlanmizu.not_null_stg_zenga__listing_versions_area_sqm.9319e521c4"} */

    
    select
      count(*) as failures,
      count(*) != 0 as should_warn,
      count(*) != 0 as should_error
    from (
      
    
  
    
    



select area_sqm
from "ingatlanmizu"."silver"."stg_zenga__listing_versions"
where area_sqm is null



  
  
      
    ) dbt_internal_test
[0m22:07:55.268413 [info ] [Thread-4 (]: 31 of 102 START test not_null_stg_zenga__listing_versions_condition ............ [RUN]
[0m22:07:55.268656 [debug] [Thread-3 (]: On test.ingatlanmizu.not_null_stg_zenga__listing_versions_city.4a3002d577: /* {"app": "dbt", "dbt_version": "1.12.0", "profile_name": "ingatlanmizu", "target_name": "local", "node_id": "test.ingatlanmizu.not_null_stg_zenga__listing_versions_city.4a3002d577"} */

    
    select
      count(*) as failures,
      count(*) != 0 as should_warn,
      count(*) != 0 as should_error
    from (
      
    
  
    
    



select city
from "ingatlanmizu"."silver"."stg_zenga__listing_versions"
where city is null



  
  
      
    ) dbt_internal_test
[0m22:07:55.268944 [debug] [Thread-1 (]: Opening a new connection, currently in state closed
[0m22:07:55.269189 [debug] [Thread-4 (]: Re-using an available connection from the pool (formerly test.ingatlanmizu.not_empty_stg_zenga__listing_versions_location_detail.8938ea0c2d, now test.ingatlanmizu.not_null_stg_zenga__listing_versions_condition.2575d91fe4)
[0m22:07:55.269424 [debug] [Thread-3 (]: Opening a new connection, currently in state closed
[0m22:07:55.269702 [debug] [Thread-4 (]: Began compiling node test.ingatlanmizu.not_null_stg_zenga__listing_versions_condition.2575d91fe4
[0m22:07:55.273303 [debug] [Thread-4 (]: Writing injected SQL for node "test.ingatlanmizu.not_null_stg_zenga__listing_versions_condition.2575d91fe4"
[0m22:07:55.273693 [debug] [Thread-4 (]: Began executing node test.ingatlanmizu.not_null_stg_zenga__listing_versions_condition.2575d91fe4
[0m22:07:55.274467 [debug] [Thread-4 (]: Writing runtime sql for node "test.ingatlanmizu.not_null_stg_zenga__listing_versions_condition.2575d91fe4"
[0m22:07:55.274953 [debug] [Thread-4 (]: Using postgres connection "test.ingatlanmizu.not_null_stg_zenga__listing_versions_condition.2575d91fe4"
[0m22:07:55.275190 [debug] [Thread-4 (]: On test.ingatlanmizu.not_null_stg_zenga__listing_versions_condition.2575d91fe4: /* {"app": "dbt", "dbt_version": "1.12.0", "profile_name": "ingatlanmizu", "target_name": "local", "node_id": "test.ingatlanmizu.not_null_stg_zenga__listing_versions_condition.2575d91fe4"} */

    
    select
      count(*) as failures,
      count(*) != 0 as should_warn,
      count(*) != 0 as should_error
    from (
      
    
  
    
    



select condition
from "ingatlanmizu"."silver"."stg_zenga__listing_versions"
where condition is null



  
  
      
    ) dbt_internal_test
[0m22:07:55.275417 [debug] [Thread-4 (]: Opening a new connection, currently in state closed
[0m22:07:55.278573 [debug] [Thread-3 (]: SQL status: SELECT 1 in 0.009 seconds
[0m22:07:55.278814 [debug] [Thread-2 (]: SQL status: SELECT 1 in 0.011 seconds
[0m22:07:55.279072 [debug] [Thread-1 (]: SQL status: SELECT 1 in 0.010 seconds
[0m22:07:55.279906 [debug] [Thread-3 (]: On test.ingatlanmizu.not_null_stg_zenga__listing_versions_city.4a3002d577: ROLLBACK
[0m22:07:55.280659 [debug] [Thread-2 (]: On test.ingatlanmizu.not_empty_stg_zenga__listing_versions_main_type.9b3692f555: ROLLBACK
[0m22:07:55.281454 [debug] [Thread-1 (]: On test.ingatlanmizu.not_null_stg_zenga__listing_versions_area_sqm.9319e521c4: ROLLBACK
[0m22:07:55.281975 [debug] [Thread-3 (]: On test.ingatlanmizu.not_null_stg_zenga__listing_versions_city.4a3002d577: Close
[0m22:07:55.282204 [debug] [Thread-2 (]: On test.ingatlanmizu.not_empty_stg_zenga__listing_versions_main_type.9b3692f555: Close
[0m22:07:55.282411 [debug] [Thread-1 (]: On test.ingatlanmizu.not_null_stg_zenga__listing_versions_area_sqm.9319e521c4: Close
[0m22:07:55.282773 [info ] [Thread-3 (]: 30 of 102 PASS not_null_stg_zenga__listing_versions_city ....................... [[32mPASS[0m in 0.03s]
[0m22:07:55.283423 [debug] [Thread-4 (]: SQL status: SELECT 1 in 0.008 seconds
[0m22:07:55.283122 [info ] [Thread-2 (]: 28 of 102 PASS not_empty_stg_zenga__listing_versions_main_type ................. [[32mPASS[0m in 0.03s]
[0m22:07:55.283937 [info ] [Thread-1 (]: 29 of 102 PASS not_null_stg_zenga__listing_versions_area_sqm ................... [[32mPASS[0m in 0.04s]
[0m22:07:55.284447 [debug] [Thread-3 (]: Finished running node test.ingatlanmizu.not_null_stg_zenga__listing_versions_city.4a3002d577
[0m22:07:55.285295 [debug] [Thread-4 (]: On test.ingatlanmizu.not_null_stg_zenga__listing_versions_condition.2575d91fe4: ROLLBACK
[0m22:07:55.285620 [debug] [Thread-2 (]: Finished running node test.ingatlanmizu.not_empty_stg_zenga__listing_versions_main_type.9b3692f555
[0m22:07:55.285924 [debug] [Thread-1 (]: Finished running node test.ingatlanmizu.not_null_stg_zenga__listing_versions_area_sqm.9319e521c4
[0m22:07:55.286187 [debug] [Thread-3 (]: Began running node test.ingatlanmizu.not_null_stg_zenga__listing_versions_listing_code.b87ae3642b
[0m22:07:55.286514 [debug] [Thread-2 (]: Began running node test.ingatlanmizu.not_null_stg_zenga__listing_versions_listing_key.2899abec39
[0m22:07:55.286753 [debug] [Thread-4 (]: On test.ingatlanmizu.not_null_stg_zenga__listing_versions_condition.2575d91fe4: Close
[0m22:07:55.287014 [debug] [Thread-1 (]: Began running node test.ingatlanmizu.not_null_stg_zenga__listing_versions_main_type.3e2c8e2ad8
[0m22:07:55.287269 [info ] [Thread-3 (]: 32 of 102 START test not_null_stg_zenga__listing_versions_listing_code ......... [RUN]
[0m22:07:55.287516 [info ] [Thread-2 (]: 33 of 102 START test not_null_stg_zenga__listing_versions_listing_key .......... [RUN]
[0m22:07:55.287887 [info ] [Thread-4 (]: 31 of 102 PASS not_null_stg_zenga__listing_versions_condition .................. [[32mPASS[0m in 0.02s]
[0m22:07:55.288059 [info ] [Thread-1 (]: 34 of 102 START test not_null_stg_zenga__listing_versions_main_type ............ [RUN]
[0m22:07:55.288396 [debug] [Thread-3 (]: Re-using an available connection from the pool (formerly test.ingatlanmizu.not_null_stg_zenga__listing_versions_city.4a3002d577, now test.ingatlanmizu.not_null_stg_zenga__listing_versions_listing_code.b87ae3642b)
[0m22:07:55.288643 [debug] [Thread-2 (]: Re-using an available connection from the pool (formerly test.ingatlanmizu.not_empty_stg_zenga__listing_versions_main_type.9b3692f555, now test.ingatlanmizu.not_null_stg_zenga__listing_versions_listing_key.2899abec39)
[0m22:07:55.288948 [debug] [Thread-4 (]: Finished running node test.ingatlanmizu.not_null_stg_zenga__listing_versions_condition.2575d91fe4
[0m22:07:55.289189 [debug] [Thread-1 (]: Re-using an available connection from the pool (formerly test.ingatlanmizu.not_null_stg_zenga__listing_versions_area_sqm.9319e521c4, now test.ingatlanmizu.not_null_stg_zenga__listing_versions_main_type.3e2c8e2ad8)
[0m22:07:55.289406 [debug] [Thread-3 (]: Began compiling node test.ingatlanmizu.not_null_stg_zenga__listing_versions_listing_code.b87ae3642b
[0m22:07:55.289627 [debug] [Thread-2 (]: Began compiling node test.ingatlanmizu.not_null_stg_zenga__listing_versions_listing_key.2899abec39
[0m22:07:55.289862 [debug] [Thread-4 (]: Began running node test.ingatlanmizu.not_null_stg_zenga__listing_versions_price_huf.b9a90c0955
[0m22:07:55.290119 [debug] [Thread-1 (]: Began compiling node test.ingatlanmizu.not_null_stg_zenga__listing_versions_main_type.3e2c8e2ad8
[0m22:07:55.293984 [debug] [Thread-3 (]: Writing injected SQL for node "test.ingatlanmizu.not_null_stg_zenga__listing_versions_listing_code.b87ae3642b"
[0m22:07:55.297297 [debug] [Thread-2 (]: Writing injected SQL for node "test.ingatlanmizu.not_null_stg_zenga__listing_versions_listing_key.2899abec39"
[0m22:07:55.297557 [info ] [Thread-4 (]: 35 of 102 START test not_null_stg_zenga__listing_versions_price_huf ............ [RUN]
[0m22:07:55.300778 [debug] [Thread-1 (]: Writing injected SQL for node "test.ingatlanmizu.not_null_stg_zenga__listing_versions_main_type.3e2c8e2ad8"
[0m22:07:55.301171 [debug] [Thread-4 (]: Re-using an available connection from the pool (formerly test.ingatlanmizu.not_null_stg_zenga__listing_versions_condition.2575d91fe4, now test.ingatlanmizu.not_null_stg_zenga__listing_versions_price_huf.b9a90c0955)
[0m22:07:55.301529 [debug] [Thread-4 (]: Began compiling node test.ingatlanmizu.not_null_stg_zenga__listing_versions_price_huf.b9a90c0955
[0m22:07:55.301765 [debug] [Thread-2 (]: Began executing node test.ingatlanmizu.not_null_stg_zenga__listing_versions_listing_key.2899abec39
[0m22:07:55.301972 [debug] [Thread-3 (]: Began executing node test.ingatlanmizu.not_null_stg_zenga__listing_versions_listing_code.b87ae3642b
[0m22:07:55.305173 [debug] [Thread-4 (]: Writing injected SQL for node "test.ingatlanmizu.not_null_stg_zenga__listing_versions_price_huf.b9a90c0955"
[0m22:07:55.305967 [debug] [Thread-2 (]: Writing runtime sql for node "test.ingatlanmizu.not_null_stg_zenga__listing_versions_listing_key.2899abec39"
[0m22:07:55.306195 [debug] [Thread-1 (]: Began executing node test.ingatlanmizu.not_null_stg_zenga__listing_versions_main_type.3e2c8e2ad8
[0m22:07:55.307020 [debug] [Thread-3 (]: Writing runtime sql for node "test.ingatlanmizu.not_null_stg_zenga__listing_versions_listing_code.b87ae3642b"
[0m22:07:55.307879 [debug] [Thread-1 (]: Writing runtime sql for node "test.ingatlanmizu.not_null_stg_zenga__listing_versions_main_type.3e2c8e2ad8"
[0m22:07:55.308179 [debug] [Thread-4 (]: Began executing node test.ingatlanmizu.not_null_stg_zenga__listing_versions_price_huf.b9a90c0955
[0m22:07:55.308417 [debug] [Thread-2 (]: Using postgres connection "test.ingatlanmizu.not_null_stg_zenga__listing_versions_listing_key.2899abec39"
[0m22:07:55.308712 [debug] [Thread-3 (]: Using postgres connection "test.ingatlanmizu.not_null_stg_zenga__listing_versions_listing_code.b87ae3642b"
[0m22:07:55.309472 [debug] [Thread-4 (]: Writing runtime sql for node "test.ingatlanmizu.not_null_stg_zenga__listing_versions_price_huf.b9a90c0955"
[0m22:07:55.309740 [debug] [Thread-2 (]: On test.ingatlanmizu.not_null_stg_zenga__listing_versions_listing_key.2899abec39: /* {"app": "dbt", "dbt_version": "1.12.0", "profile_name": "ingatlanmizu", "target_name": "local", "node_id": "test.ingatlanmizu.not_null_stg_zenga__listing_versions_listing_key.2899abec39"} */

    
    select
      count(*) as failures,
      count(*) != 0 as should_warn,
      count(*) != 0 as should_error
    from (
      
    
  
    
    



select listing_key
from "ingatlanmizu"."silver"."stg_zenga__listing_versions"
where listing_key is null



  
  
      
    ) dbt_internal_test
[0m22:07:55.309973 [debug] [Thread-1 (]: Using postgres connection "test.ingatlanmizu.not_null_stg_zenga__listing_versions_main_type.3e2c8e2ad8"
[0m22:07:55.310192 [debug] [Thread-3 (]: On test.ingatlanmizu.not_null_stg_zenga__listing_versions_listing_code.b87ae3642b: /* {"app": "dbt", "dbt_version": "1.12.0", "profile_name": "ingatlanmizu", "target_name": "local", "node_id": "test.ingatlanmizu.not_null_stg_zenga__listing_versions_listing_code.b87ae3642b"} */

    
    select
      count(*) as failures,
      count(*) != 0 as should_warn,
      count(*) != 0 as should_error
    from (
      
    
  
    
    



select listing_code
from "ingatlanmizu"."silver"."stg_zenga__listing_versions"
where listing_code is null



  
  
      
    ) dbt_internal_test
[0m22:07:55.310460 [debug] [Thread-2 (]: Opening a new connection, currently in state closed
[0m22:07:55.310697 [debug] [Thread-1 (]: On test.ingatlanmizu.not_null_stg_zenga__listing_versions_main_type.3e2c8e2ad8: /* {"app": "dbt", "dbt_version": "1.12.0", "profile_name": "ingatlanmizu", "target_name": "local", "node_id": "test.ingatlanmizu.not_null_stg_zenga__listing_versions_main_type.3e2c8e2ad8"} */

    
    select
      count(*) as failures,
      count(*) != 0 as should_warn,
      count(*) != 0 as should_error
    from (
      
    
  
    
    



select main_type
from "ingatlanmizu"."silver"."stg_zenga__listing_versions"
where main_type is null



  
  
      
    ) dbt_internal_test
[0m22:07:55.310920 [debug] [Thread-3 (]: Opening a new connection, currently in state closed
[0m22:07:55.311124 [debug] [Thread-4 (]: Using postgres connection "test.ingatlanmizu.not_null_stg_zenga__listing_versions_price_huf.b9a90c0955"
[0m22:07:55.311380 [debug] [Thread-1 (]: Opening a new connection, currently in state closed
[0m22:07:55.311670 [debug] [Thread-4 (]: On test.ingatlanmizu.not_null_stg_zenga__listing_versions_price_huf.b9a90c0955: /* {"app": "dbt", "dbt_version": "1.12.0", "profile_name": "ingatlanmizu", "target_name": "local", "node_id": "test.ingatlanmizu.not_null_stg_zenga__listing_versions_price_huf.b9a90c0955"} */

    
    select
      count(*) as failures,
      count(*) != 0 as should_warn,
      count(*) != 0 as should_error
    from (
      
    
  
    
    



select price_huf
from "ingatlanmizu"."silver"."stg_zenga__listing_versions"
where price_huf is null



  
  
      
    ) dbt_internal_test
[0m22:07:55.311955 [debug] [Thread-4 (]: Opening a new connection, currently in state closed
[0m22:07:55.324867 [debug] [Thread-2 (]: SQL status: SELECT 1 in 0.014 seconds
[0m22:07:55.325157 [debug] [Thread-3 (]: SQL status: SELECT 1 in 0.014 seconds
[0m22:07:55.325411 [debug] [Thread-1 (]: SQL status: SELECT 1 in 0.014 seconds
[0m22:07:55.325639 [debug] [Thread-4 (]: SQL status: SELECT 1 in 0.014 seconds
[0m22:07:55.326531 [debug] [Thread-2 (]: On test.ingatlanmizu.not_null_stg_zenga__listing_versions_listing_key.2899abec39: ROLLBACK
[0m22:07:55.327274 [debug] [Thread-3 (]: On test.ingatlanmizu.not_null_stg_zenga__listing_versions_listing_code.b87ae3642b: ROLLBACK
[0m22:07:55.328033 [debug] [Thread-1 (]: On test.ingatlanmizu.not_null_stg_zenga__listing_versions_main_type.3e2c8e2ad8: ROLLBACK
[0m22:07:55.328734 [debug] [Thread-4 (]: On test.ingatlanmizu.not_null_stg_zenga__listing_versions_price_huf.b9a90c0955: ROLLBACK
[0m22:07:55.329217 [debug] [Thread-2 (]: On test.ingatlanmizu.not_null_stg_zenga__listing_versions_listing_key.2899abec39: Close
[0m22:07:55.329448 [debug] [Thread-3 (]: On test.ingatlanmizu.not_null_stg_zenga__listing_versions_listing_code.b87ae3642b: Close
[0m22:07:55.329646 [debug] [Thread-1 (]: On test.ingatlanmizu.not_null_stg_zenga__listing_versions_main_type.3e2c8e2ad8: Close
[0m22:07:55.329854 [debug] [Thread-4 (]: On test.ingatlanmizu.not_null_stg_zenga__listing_versions_price_huf.b9a90c0955: Close
[0m22:07:55.330225 [info ] [Thread-2 (]: 33 of 102 PASS not_null_stg_zenga__listing_versions_listing_key ................ [[32mPASS[0m in 0.04s]
[0m22:07:55.330626 [info ] [Thread-3 (]: 32 of 102 PASS not_null_stg_zenga__listing_versions_listing_code ............... [[32mPASS[0m in 0.04s]
[0m22:07:55.330940 [info ] [Thread-1 (]: 34 of 102 PASS not_null_stg_zenga__listing_versions_main_type .................. [[32mPASS[0m in 0.04s]
[0m22:07:55.331262 [info ] [Thread-4 (]: 35 of 102 PASS not_null_stg_zenga__listing_versions_price_huf .................. [[32mPASS[0m in 0.03s]
[0m22:07:55.331652 [debug] [Thread-2 (]: Finished running node test.ingatlanmizu.not_null_stg_zenga__listing_versions_listing_key.2899abec39
[0m22:07:55.331987 [debug] [Thread-3 (]: Finished running node test.ingatlanmizu.not_null_stg_zenga__listing_versions_listing_code.b87ae3642b
[0m22:07:55.332330 [debug] [Thread-1 (]: Finished running node test.ingatlanmizu.not_null_stg_zenga__listing_versions_main_type.3e2c8e2ad8
[0m22:07:55.332643 [debug] [Thread-4 (]: Finished running node test.ingatlanmizu.not_null_stg_zenga__listing_versions_price_huf.b9a90c0955
[0m22:07:55.332900 [debug] [Thread-2 (]: Began running node test.ingatlanmizu.not_null_stg_zenga__listing_versions_price_per_square_meter.af4ff9ea29
[0m22:07:55.333173 [debug] [Thread-3 (]: Began running node test.ingatlanmizu.accepted_values_stg_zenga__observations_source__zenga.6ae9ea7eb1
[0m22:07:55.333462 [debug] [Thread-1 (]: Began running node test.ingatlanmizu.dbt_expectations_expect_column_values_to_match_like_pattern_stg_zenga__observations_listing_key__zenga_.015ea176e5
[0m22:07:55.333714 [debug] [Thread-4 (]: Began running node test.ingatlanmizu.dbt_utils_unique_combination_of_columns_stg_zenga__observations_listing_code__observed_at.b75ef5b85d
[0m22:07:55.333975 [info ] [Thread-2 (]: 36 of 102 START test not_null_stg_zenga__listing_versions_price_per_square_meter  [RUN]
[0m22:07:55.334221 [info ] [Thread-3 (]: 37 of 102 START test accepted_values_stg_zenga__observations_source__zenga ..... [RUN]
[0m22:07:55.334468 [info ] [Thread-1 (]: 38 of 102 START test dbt_expectations_expect_column_values_to_match_like_pattern_stg_zenga__observations_listing_key__zenga_  [RUN]
[0m22:07:55.334707 [info ] [Thread-4 (]: 39 of 102 START test dbt_utils_unique_combination_of_columns_stg_zenga__observations_listing_code__observed_at  [RUN]
[0m22:07:55.334965 [debug] [Thread-2 (]: Re-using an available connection from the pool (formerly test.ingatlanmizu.not_null_stg_zenga__listing_versions_listing_key.2899abec39, now test.ingatlanmizu.not_null_stg_zenga__listing_versions_price_per_square_meter.af4ff9ea29)
[0m22:07:55.335189 [debug] [Thread-3 (]: Re-using an available connection from the pool (formerly test.ingatlanmizu.not_null_stg_zenga__listing_versions_listing_code.b87ae3642b, now test.ingatlanmizu.accepted_values_stg_zenga__observations_source__zenga.6ae9ea7eb1)
[0m22:07:55.335418 [debug] [Thread-1 (]: Re-using an available connection from the pool (formerly test.ingatlanmizu.not_null_stg_zenga__listing_versions_main_type.3e2c8e2ad8, now test.ingatlanmizu.dbt_expectations_expect_column_values_to_match_like_pattern_stg_zenga__observations_listing_key__zenga_.015ea176e5)
[0m22:07:55.335637 [debug] [Thread-4 (]: Re-using an available connection from the pool (formerly test.ingatlanmizu.not_null_stg_zenga__listing_versions_price_huf.b9a90c0955, now test.ingatlanmizu.dbt_utils_unique_combination_of_columns_stg_zenga__observations_listing_code__observed_at.b75ef5b85d)
[0m22:07:55.335843 [debug] [Thread-2 (]: Began compiling node test.ingatlanmizu.not_null_stg_zenga__listing_versions_price_per_square_meter.af4ff9ea29
[0m22:07:55.336036 [debug] [Thread-3 (]: Began compiling node test.ingatlanmizu.accepted_values_stg_zenga__observations_source__zenga.6ae9ea7eb1
[0m22:07:55.336265 [debug] [Thread-1 (]: Began compiling node test.ingatlanmizu.dbt_expectations_expect_column_values_to_match_like_pattern_stg_zenga__observations_listing_key__zenga_.015ea176e5
[0m22:07:55.336460 [debug] [Thread-4 (]: Began compiling node test.ingatlanmizu.dbt_utils_unique_combination_of_columns_stg_zenga__observations_listing_code__observed_at.b75ef5b85d
[0m22:07:55.339980 [debug] [Thread-2 (]: Writing injected SQL for node "test.ingatlanmizu.not_null_stg_zenga__listing_versions_price_per_square_meter.af4ff9ea29"
[0m22:07:55.343936 [debug] [Thread-3 (]: Writing injected SQL for node "test.ingatlanmizu.accepted_values_stg_zenga__observations_source__zenga.6ae9ea7eb1"
[0m22:07:55.347292 [debug] [Thread-1 (]: Writing injected SQL for node "test.ingatlanmizu.dbt_expectations_expect_column_values_to_match_like_pattern_stg_zenga__observations_listing_key__zenga_.015ea176e5"
[0m22:07:55.350787 [debug] [Thread-4 (]: Writing injected SQL for node "test.ingatlanmizu.dbt_utils_unique_combination_of_columns_stg_zenga__observations_listing_code__observed_at.b75ef5b85d"
[0m22:07:55.351349 [debug] [Thread-3 (]: Began executing node test.ingatlanmizu.accepted_values_stg_zenga__observations_source__zenga.6ae9ea7eb1
[0m22:07:55.351585 [debug] [Thread-2 (]: Began executing node test.ingatlanmizu.not_null_stg_zenga__listing_versions_price_per_square_meter.af4ff9ea29
[0m22:07:55.351800 [debug] [Thread-1 (]: Began executing node test.ingatlanmizu.dbt_expectations_expect_column_values_to_match_like_pattern_stg_zenga__observations_listing_key__zenga_.015ea176e5
[0m22:07:55.352575 [debug] [Thread-3 (]: Writing runtime sql for node "test.ingatlanmizu.accepted_values_stg_zenga__observations_source__zenga.6ae9ea7eb1"
[0m22:07:55.352783 [debug] [Thread-4 (]: Began executing node test.ingatlanmizu.dbt_utils_unique_combination_of_columns_stg_zenga__observations_listing_code__observed_at.b75ef5b85d
[0m22:07:55.353502 [debug] [Thread-2 (]: Writing runtime sql for node "test.ingatlanmizu.not_null_stg_zenga__listing_versions_price_per_square_meter.af4ff9ea29"
[0m22:07:55.354285 [debug] [Thread-1 (]: Writing runtime sql for node "test.ingatlanmizu.dbt_expectations_expect_column_values_to_match_like_pattern_stg_zenga__observations_listing_key__zenga_.015ea176e5"
[0m22:07:55.355097 [debug] [Thread-4 (]: Writing runtime sql for node "test.ingatlanmizu.dbt_utils_unique_combination_of_columns_stg_zenga__observations_listing_code__observed_at.b75ef5b85d"
[0m22:07:55.355461 [debug] [Thread-3 (]: Using postgres connection "test.ingatlanmizu.accepted_values_stg_zenga__observations_source__zenga.6ae9ea7eb1"
[0m22:07:55.355775 [debug] [Thread-2 (]: Using postgres connection "test.ingatlanmizu.not_null_stg_zenga__listing_versions_price_per_square_meter.af4ff9ea29"
[0m22:07:55.356025 [debug] [Thread-3 (]: On test.ingatlanmizu.accepted_values_stg_zenga__observations_source__zenga.6ae9ea7eb1: /* {"app": "dbt", "dbt_version": "1.12.0", "profile_name": "ingatlanmizu", "target_name": "local", "node_id": "test.ingatlanmizu.accepted_values_stg_zenga__observations_source__zenga.6ae9ea7eb1"} */

    
    select
      count(*) as failures,
      count(*) != 0 as should_warn,
      count(*) != 0 as should_error
    from (
      
    
  
    
    

with all_values as (

    select
        source as value_field,
        count(*) as n_records

    from "ingatlanmizu"."silver"."stg_zenga__observations"
    group by source

)

select *
from all_values
where value_field not in (
    'zenga'
)



  
  
      
    ) dbt_internal_test
[0m22:07:55.356269 [debug] [Thread-1 (]: Using postgres connection "test.ingatlanmizu.dbt_expectations_expect_column_values_to_match_like_pattern_stg_zenga__observations_listing_key__zenga_.015ea176e5"
[0m22:07:55.356492 [debug] [Thread-4 (]: Using postgres connection "test.ingatlanmizu.dbt_utils_unique_combination_of_columns_stg_zenga__observations_listing_code__observed_at.b75ef5b85d"
[0m22:07:55.356737 [debug] [Thread-2 (]: On test.ingatlanmizu.not_null_stg_zenga__listing_versions_price_per_square_meter.af4ff9ea29: /* {"app": "dbt", "dbt_version": "1.12.0", "profile_name": "ingatlanmizu", "target_name": "local", "node_id": "test.ingatlanmizu.not_null_stg_zenga__listing_versions_price_per_square_meter.af4ff9ea29"} */

    
    select
      count(*) as failures,
      count(*) != 0 as should_warn,
      count(*) != 0 as should_error
    from (
      
    
  
    
    



select price_per_square_meter
from "ingatlanmizu"."silver"."stg_zenga__listing_versions"
where price_per_square_meter is null



  
  
      
    ) dbt_internal_test
[0m22:07:55.356968 [debug] [Thread-3 (]: Opening a new connection, currently in state closed
[0m22:07:55.357208 [debug] [Thread-1 (]: On test.ingatlanmizu.dbt_expectations_expect_column_values_to_match_like_pattern_stg_zenga__observations_listing_key__zenga_.015ea176e5: /* {"app": "dbt", "dbt_version": "1.12.0", "profile_name": "ingatlanmizu", "target_name": "local", "node_id": "test.ingatlanmizu.dbt_expectations_expect_column_values_to_match_like_pattern_stg_zenga__observations_listing_key__zenga_.015ea176e5"} */

    
    select
      count(*) as failures,
      count(*) != 0 as should_warn,
      count(*) != 0 as should_error
    from (
      
    
  




    with grouped_expression as (
    select
        
        
    
  
listing_key  like 'zenga:%'
 as expression


    from "ingatlanmizu"."silver"."stg_zenga__observations"
    

),
validation_errors as (

    select
        *
    from
        grouped_expression
    where
        not(expression = true)

)

select *
from validation_errors





  
  
      
    ) dbt_internal_test
[0m22:07:55.357465 [debug] [Thread-4 (]: On test.ingatlanmizu.dbt_utils_unique_combination_of_columns_stg_zenga__observations_listing_code__observed_at.b75ef5b85d: /* {"app": "dbt", "dbt_version": "1.12.0", "profile_name": "ingatlanmizu", "target_name": "local", "node_id": "test.ingatlanmizu.dbt_utils_unique_combination_of_columns_stg_zenga__observations_listing_code__observed_at.b75ef5b85d"} */

    
    select
      count(*) as failures,
      count(*) != 0 as should_warn,
      count(*) != 0 as should_error
    from (
      
    
  





with validation_errors as (

    select
        listing_code, observed_at
    from "ingatlanmizu"."silver"."stg_zenga__observations"
    group by listing_code, observed_at
    having count(*) > 1

)

select *
from validation_errors



  
  
      
    ) dbt_internal_test
[0m22:07:55.357679 [debug] [Thread-2 (]: Opening a new connection, currently in state closed
[0m22:07:55.357934 [debug] [Thread-1 (]: Opening a new connection, currently in state closed
[0m22:07:55.358135 [debug] [Thread-4 (]: Opening a new connection, currently in state closed
[0m22:07:55.370325 [debug] [Thread-1 (]: SQL status: SELECT 1 in 0.012 seconds
[0m22:07:55.370620 [debug] [Thread-4 (]: SQL status: SELECT 1 in 0.012 seconds
[0m22:07:55.370957 [debug] [Thread-3 (]: SQL status: SELECT 1 in 0.014 seconds
[0m22:07:55.371214 [debug] [Thread-2 (]: SQL status: SELECT 1 in 0.014 seconds
[0m22:07:55.372044 [debug] [Thread-1 (]: On test.ingatlanmizu.dbt_expectations_expect_column_values_to_match_like_pattern_stg_zenga__observations_listing_key__zenga_.015ea176e5: ROLLBACK
[0m22:07:55.372765 [debug] [Thread-4 (]: On test.ingatlanmizu.dbt_utils_unique_combination_of_columns_stg_zenga__observations_listing_code__observed_at.b75ef5b85d: ROLLBACK
[0m22:07:55.373461 [debug] [Thread-3 (]: On test.ingatlanmizu.accepted_values_stg_zenga__observations_source__zenga.6ae9ea7eb1: ROLLBACK
[0m22:07:55.374115 [debug] [Thread-2 (]: On test.ingatlanmizu.not_null_stg_zenga__listing_versions_price_per_square_meter.af4ff9ea29: ROLLBACK
[0m22:07:55.374655 [debug] [Thread-4 (]: On test.ingatlanmizu.dbt_utils_unique_combination_of_columns_stg_zenga__observations_listing_code__observed_at.b75ef5b85d: Close
[0m22:07:55.374884 [debug] [Thread-1 (]: On test.ingatlanmizu.dbt_expectations_expect_column_values_to_match_like_pattern_stg_zenga__observations_listing_key__zenga_.015ea176e5: Close
[0m22:07:55.375112 [debug] [Thread-2 (]: On test.ingatlanmizu.not_null_stg_zenga__listing_versions_price_per_square_meter.af4ff9ea29: Close
[0m22:07:55.375321 [debug] [Thread-3 (]: On test.ingatlanmizu.accepted_values_stg_zenga__observations_source__zenga.6ae9ea7eb1: Close
[0m22:07:55.375698 [info ] [Thread-4 (]: 39 of 102 PASS dbt_utils_unique_combination_of_columns_stg_zenga__observations_listing_code__observed_at  [[32mPASS[0m in 0.04s]
[0m22:07:55.376028 [info ] [Thread-1 (]: 38 of 102 PASS dbt_expectations_expect_column_values_to_match_like_pattern_stg_zenga__observations_listing_key__zenga_  [[32mPASS[0m in 0.04s]
[0m22:07:55.376499 [info ] [Thread-3 (]: 37 of 102 PASS accepted_values_stg_zenga__observations_source__zenga ........... [[32mPASS[0m in 0.04s]
[0m22:07:55.376908 [info ] [Thread-2 (]: 36 of 102 PASS not_null_stg_zenga__listing_versions_price_per_square_meter ..... [[32mPASS[0m in 0.04s]
[0m22:07:55.377226 [debug] [Thread-4 (]: Finished running node test.ingatlanmizu.dbt_utils_unique_combination_of_columns_stg_zenga__observations_listing_code__observed_at.b75ef5b85d
[0m22:07:55.377532 [debug] [Thread-1 (]: Finished running node test.ingatlanmizu.dbt_expectations_expect_column_values_to_match_like_pattern_stg_zenga__observations_listing_key__zenga_.015ea176e5
[0m22:07:55.377842 [debug] [Thread-3 (]: Finished running node test.ingatlanmizu.accepted_values_stg_zenga__observations_source__zenga.6ae9ea7eb1
[0m22:07:55.378099 [debug] [Thread-2 (]: Finished running node test.ingatlanmizu.not_null_stg_zenga__listing_versions_price_per_square_meter.af4ff9ea29
[0m22:07:55.378327 [debug] [Thread-4 (]: Began running node test.ingatlanmizu.not_empty_stg_zenga__observations_listing_code.922f6021c1
[0m22:07:55.378598 [debug] [Thread-1 (]: Began running node test.ingatlanmizu.not_empty_stg_zenga__observations_listing_key.f2137beef3
[0m22:07:55.378910 [debug] [Thread-3 (]: Began running node test.ingatlanmizu.not_null_stg_zenga__observations_bronze_id.2fd483376c
[0m22:07:55.379188 [debug] [Thread-2 (]: Began running node test.ingatlanmizu.not_null_stg_zenga__observations_ingestion_run_id.ced996d52c
[0m22:07:55.379503 [info ] [Thread-4 (]: 40 of 102 START test not_empty_stg_zenga__observations_listing_code ............ [RUN]
[0m22:07:55.379758 [info ] [Thread-1 (]: 41 of 102 START test not_empty_stg_zenga__observations_listing_key ............. [RUN]
[0m22:07:55.380003 [info ] [Thread-3 (]: 42 of 102 START test not_null_stg_zenga__observations_bronze_id ................ [RUN]
[0m22:07:55.380229 [info ] [Thread-2 (]: 43 of 102 START test not_null_stg_zenga__observations_ingestion_run_id ......... [RUN]
[0m22:07:55.380494 [debug] [Thread-4 (]: Re-using an available connection from the pool (formerly test.ingatlanmizu.dbt_utils_unique_combination_of_columns_stg_zenga__observations_listing_code__observed_at.b75ef5b85d, now test.ingatlanmizu.not_empty_stg_zenga__observations_listing_code.922f6021c1)
[0m22:07:55.380725 [debug] [Thread-1 (]: Re-using an available connection from the pool (formerly test.ingatlanmizu.dbt_expectations_expect_column_values_to_match_like_pattern_stg_zenga__observations_listing_key__zenga_.015ea176e5, now test.ingatlanmizu.not_empty_stg_zenga__observations_listing_key.f2137beef3)
[0m22:07:55.380942 [debug] [Thread-3 (]: Re-using an available connection from the pool (formerly test.ingatlanmizu.accepted_values_stg_zenga__observations_source__zenga.6ae9ea7eb1, now test.ingatlanmizu.not_null_stg_zenga__observations_bronze_id.2fd483376c)
[0m22:07:55.381159 [debug] [Thread-2 (]: Re-using an available connection from the pool (formerly test.ingatlanmizu.not_null_stg_zenga__listing_versions_price_per_square_meter.af4ff9ea29, now test.ingatlanmizu.not_null_stg_zenga__observations_ingestion_run_id.ced996d52c)
[0m22:07:55.381367 [debug] [Thread-4 (]: Began compiling node test.ingatlanmizu.not_empty_stg_zenga__observations_listing_code.922f6021c1
[0m22:07:55.381557 [debug] [Thread-1 (]: Began compiling node test.ingatlanmizu.not_empty_stg_zenga__observations_listing_key.f2137beef3
[0m22:07:55.381749 [debug] [Thread-3 (]: Began compiling node test.ingatlanmizu.not_null_stg_zenga__observations_bronze_id.2fd483376c
[0m22:07:55.381952 [debug] [Thread-2 (]: Began compiling node test.ingatlanmizu.not_null_stg_zenga__observations_ingestion_run_id.ced996d52c
[0m22:07:55.385625 [debug] [Thread-4 (]: Writing injected SQL for node "test.ingatlanmizu.not_empty_stg_zenga__observations_listing_code.922f6021c1"
[0m22:07:55.388784 [debug] [Thread-1 (]: Writing injected SQL for node "test.ingatlanmizu.not_empty_stg_zenga__observations_listing_key.f2137beef3"
[0m22:07:55.391989 [debug] [Thread-3 (]: Writing injected SQL for node "test.ingatlanmizu.not_null_stg_zenga__observations_bronze_id.2fd483376c"
[0m22:07:55.395290 [debug] [Thread-2 (]: Writing injected SQL for node "test.ingatlanmizu.not_null_stg_zenga__observations_ingestion_run_id.ced996d52c"
[0m22:07:55.395815 [debug] [Thread-4 (]: Began executing node test.ingatlanmizu.not_empty_stg_zenga__observations_listing_code.922f6021c1
[0m22:07:55.396668 [debug] [Thread-4 (]: Writing runtime sql for node "test.ingatlanmizu.not_empty_stg_zenga__observations_listing_code.922f6021c1"
[0m22:07:55.396904 [debug] [Thread-1 (]: Began executing node test.ingatlanmizu.not_empty_stg_zenga__observations_listing_key.f2137beef3
[0m22:07:55.397130 [debug] [Thread-3 (]: Began executing node test.ingatlanmizu.not_null_stg_zenga__observations_bronze_id.2fd483376c
[0m22:07:55.397367 [debug] [Thread-2 (]: Began executing node test.ingatlanmizu.not_null_stg_zenga__observations_ingestion_run_id.ced996d52c
[0m22:07:55.398123 [debug] [Thread-1 (]: Writing runtime sql for node "test.ingatlanmizu.not_empty_stg_zenga__observations_listing_key.f2137beef3"
[0m22:07:55.398986 [debug] [Thread-3 (]: Writing runtime sql for node "test.ingatlanmizu.not_null_stg_zenga__observations_bronze_id.2fd483376c"
[0m22:07:55.399716 [debug] [Thread-2 (]: Writing runtime sql for node "test.ingatlanmizu.not_null_stg_zenga__observations_ingestion_run_id.ced996d52c"
[0m22:07:55.399964 [debug] [Thread-4 (]: Using postgres connection "test.ingatlanmizu.not_empty_stg_zenga__observations_listing_code.922f6021c1"
[0m22:07:55.400407 [debug] [Thread-1 (]: Using postgres connection "test.ingatlanmizu.not_empty_stg_zenga__observations_listing_key.f2137beef3"
[0m22:07:55.400652 [debug] [Thread-4 (]: On test.ingatlanmizu.not_empty_stg_zenga__observations_listing_code.922f6021c1: /* {"app": "dbt", "dbt_version": "1.12.0", "profile_name": "ingatlanmizu", "target_name": "local", "node_id": "test.ingatlanmizu.not_empty_stg_zenga__observations_listing_code.922f6021c1"} */

    
    select
      count(*) as failures,
      count(*) != 0 as should_warn,
      count(*) != 0 as should_error
    from (
      
    
  

select *
from "ingatlanmizu"."silver"."stg_zenga__observations"
where trim(listing_code) = ''


  
  
      
    ) dbt_internal_test
[0m22:07:55.400892 [debug] [Thread-3 (]: Using postgres connection "test.ingatlanmizu.not_null_stg_zenga__observations_bronze_id.2fd483376c"
[0m22:07:55.401123 [debug] [Thread-1 (]: On test.ingatlanmizu.not_empty_stg_zenga__observations_listing_key.f2137beef3: /* {"app": "dbt", "dbt_version": "1.12.0", "profile_name": "ingatlanmizu", "target_name": "local", "node_id": "test.ingatlanmizu.not_empty_stg_zenga__observations_listing_key.f2137beef3"} */

    
    select
      count(*) as failures,
      count(*) != 0 as should_warn,
      count(*) != 0 as should_error
    from (
      
    
  

select *
from "ingatlanmizu"."silver"."stg_zenga__observations"
where trim(listing_key) = ''


  
  
      
    ) dbt_internal_test
[0m22:07:55.401343 [debug] [Thread-2 (]: Using postgres connection "test.ingatlanmizu.not_null_stg_zenga__observations_ingestion_run_id.ced996d52c"
[0m22:07:55.401540 [debug] [Thread-4 (]: Opening a new connection, currently in state closed
[0m22:07:55.401750 [debug] [Thread-3 (]: On test.ingatlanmizu.not_null_stg_zenga__observations_bronze_id.2fd483376c: /* {"app": "dbt", "dbt_version": "1.12.0", "profile_name": "ingatlanmizu", "target_name": "local", "node_id": "test.ingatlanmizu.not_null_stg_zenga__observations_bronze_id.2fd483376c"} */

    
    select
      count(*) as failures,
      count(*) != 0 as should_warn,
      count(*) != 0 as should_error
    from (
      
    
  
    
    



select bronze_id
from "ingatlanmizu"."silver"."stg_zenga__observations"
where bronze_id is null



  
  
      
    ) dbt_internal_test
[0m22:07:55.401967 [debug] [Thread-1 (]: Opening a new connection, currently in state closed
[0m22:07:55.402183 [debug] [Thread-2 (]: On test.ingatlanmizu.not_null_stg_zenga__observations_ingestion_run_id.ced996d52c: /* {"app": "dbt", "dbt_version": "1.12.0", "profile_name": "ingatlanmizu", "target_name": "local", "node_id": "test.ingatlanmizu.not_null_stg_zenga__observations_ingestion_run_id.ced996d52c"} */

    
    select
      count(*) as failures,
      count(*) != 0 as should_warn,
      count(*) != 0 as should_error
    from (
      
    
  
    
    



select ingestion_run_id
from "ingatlanmizu"."silver"."stg_zenga__observations"
where ingestion_run_id is null



  
  
      
    ) dbt_internal_test
[0m22:07:55.402457 [debug] [Thread-3 (]: Opening a new connection, currently in state closed
[0m22:07:55.402699 [debug] [Thread-2 (]: Opening a new connection, currently in state closed
[0m22:07:55.414670 [debug] [Thread-3 (]: SQL status: SELECT 1 in 0.012 seconds
[0m22:07:55.414930 [debug] [Thread-4 (]: SQL status: SELECT 1 in 0.013 seconds
[0m22:07:55.415171 [debug] [Thread-2 (]: SQL status: SELECT 1 in 0.012 seconds
[0m22:07:55.415378 [debug] [Thread-1 (]: SQL status: SELECT 1 in 0.013 seconds
[0m22:07:55.416202 [debug] [Thread-3 (]: On test.ingatlanmizu.not_null_stg_zenga__observations_bronze_id.2fd483376c: ROLLBACK
[0m22:07:55.416909 [debug] [Thread-4 (]: On test.ingatlanmizu.not_empty_stg_zenga__observations_listing_code.922f6021c1: ROLLBACK
[0m22:07:55.417587 [debug] [Thread-2 (]: On test.ingatlanmizu.not_null_stg_zenga__observations_ingestion_run_id.ced996d52c: ROLLBACK
[0m22:07:55.418243 [debug] [Thread-1 (]: On test.ingatlanmizu.not_empty_stg_zenga__observations_listing_key.f2137beef3: ROLLBACK
[0m22:07:55.418787 [debug] [Thread-2 (]: On test.ingatlanmizu.not_null_stg_zenga__observations_ingestion_run_id.ced996d52c: Close
[0m22:07:55.418998 [debug] [Thread-3 (]: On test.ingatlanmizu.not_null_stg_zenga__observations_bronze_id.2fd483376c: Close
[0m22:07:55.419197 [debug] [Thread-1 (]: On test.ingatlanmizu.not_empty_stg_zenga__observations_listing_key.f2137beef3: Close
[0m22:07:55.419385 [debug] [Thread-4 (]: On test.ingatlanmizu.not_empty_stg_zenga__observations_listing_code.922f6021c1: Close
[0m22:07:55.419767 [info ] [Thread-2 (]: 43 of 102 PASS not_null_stg_zenga__observations_ingestion_run_id ............... [[32mPASS[0m in 0.04s]
[0m22:07:55.420103 [info ] [Thread-3 (]: 42 of 102 PASS not_null_stg_zenga__observations_bronze_id ...................... [[32mPASS[0m in 0.04s]
[0m22:07:55.420436 [info ] [Thread-1 (]: 41 of 102 PASS not_empty_stg_zenga__observations_listing_key ................... [[32mPASS[0m in 0.04s]
[0m22:07:55.420866 [info ] [Thread-4 (]: 40 of 102 PASS not_empty_stg_zenga__observations_listing_code .................. [[32mPASS[0m in 0.04s]
[0m22:07:55.421300 [debug] [Thread-2 (]: Finished running node test.ingatlanmizu.not_null_stg_zenga__observations_ingestion_run_id.ced996d52c
[0m22:07:55.421607 [debug] [Thread-3 (]: Finished running node test.ingatlanmizu.not_null_stg_zenga__observations_bronze_id.2fd483376c
[0m22:07:55.421918 [debug] [Thread-1 (]: Finished running node test.ingatlanmizu.not_empty_stg_zenga__observations_listing_key.f2137beef3
[0m22:07:55.422196 [debug] [Thread-4 (]: Finished running node test.ingatlanmizu.not_empty_stg_zenga__observations_listing_code.922f6021c1
[0m22:07:55.422440 [debug] [Thread-2 (]: Began running node test.ingatlanmizu.not_null_stg_zenga__observations_listing_code.c911cddbcc
[0m22:07:55.422726 [debug] [Thread-3 (]: Began running node test.ingatlanmizu.not_null_stg_zenga__observations_listing_key.aca095ea93
[0m22:07:55.423043 [debug] [Thread-1 (]: Began running node model.ingatlanmizu.int_listing_versions__unioned
[0m22:07:55.423352 [info ] [Thread-2 (]: 44 of 102 START test not_null_stg_zenga__observations_listing_code ............. [RUN]
[0m22:07:55.423610 [info ] [Thread-3 (]: 45 of 102 START test not_null_stg_zenga__observations_listing_key .............. [RUN]
[0m22:07:55.423926 [info ] [Thread-1 (]: 46 of 102 START sql view model silver.int_listing_versions__unioned ............ [RUN]
[0m22:07:55.424217 [debug] [Thread-2 (]: Re-using an available connection from the pool (formerly test.ingatlanmizu.not_null_stg_zenga__observations_ingestion_run_id.ced996d52c, now test.ingatlanmizu.not_null_stg_zenga__observations_listing_code.c911cddbcc)
[0m22:07:55.424465 [debug] [Thread-3 (]: Re-using an available connection from the pool (formerly test.ingatlanmizu.not_null_stg_zenga__observations_bronze_id.2fd483376c, now test.ingatlanmizu.not_null_stg_zenga__observations_listing_key.aca095ea93)
[0m22:07:55.424706 [debug] [Thread-1 (]: Re-using an available connection from the pool (formerly test.ingatlanmizu.not_empty_stg_zenga__observations_listing_key.f2137beef3, now model.ingatlanmizu.int_listing_versions__unioned)
[0m22:07:55.424934 [debug] [Thread-2 (]: Began compiling node test.ingatlanmizu.not_null_stg_zenga__observations_listing_code.c911cddbcc
[0m22:07:55.425142 [debug] [Thread-3 (]: Began compiling node test.ingatlanmizu.not_null_stg_zenga__observations_listing_key.aca095ea93
[0m22:07:55.425353 [debug] [Thread-1 (]: Began compiling node model.ingatlanmizu.int_listing_versions__unioned
[0m22:07:55.428809 [debug] [Thread-2 (]: Writing injected SQL for node "test.ingatlanmizu.not_null_stg_zenga__observations_listing_code.c911cddbcc"
[0m22:07:55.432888 [debug] [Thread-3 (]: Writing injected SQL for node "test.ingatlanmizu.not_null_stg_zenga__observations_listing_key.aca095ea93"
[0m22:07:55.433692 [debug] [Thread-1 (]: Writing injected SQL for node "model.ingatlanmizu.int_listing_versions__unioned"
[0m22:07:55.434345 [debug] [Thread-2 (]: Began executing node test.ingatlanmizu.not_null_stg_zenga__observations_listing_code.c911cddbcc
[0m22:07:55.434609 [debug] [Thread-3 (]: Began executing node test.ingatlanmizu.not_null_stg_zenga__observations_listing_key.aca095ea93
[0m22:07:55.435323 [debug] [Thread-2 (]: Writing runtime sql for node "test.ingatlanmizu.not_null_stg_zenga__observations_listing_code.c911cddbcc"
[0m22:07:55.436194 [debug] [Thread-3 (]: Writing runtime sql for node "test.ingatlanmizu.not_null_stg_zenga__observations_listing_key.aca095ea93"
[0m22:07:55.436422 [debug] [Thread-1 (]: Began executing node model.ingatlanmizu.int_listing_versions__unioned
[0m22:07:55.437854 [debug] [Thread-1 (]: Writing runtime sql for node "model.ingatlanmizu.int_listing_versions__unioned"
[0m22:07:55.438156 [debug] [Thread-2 (]: Using postgres connection "test.ingatlanmizu.not_null_stg_zenga__observations_listing_code.c911cddbcc"
[0m22:07:55.438411 [debug] [Thread-2 (]: On test.ingatlanmizu.not_null_stg_zenga__observations_listing_code.c911cddbcc: /* {"app": "dbt", "dbt_version": "1.12.0", "profile_name": "ingatlanmizu", "target_name": "local", "node_id": "test.ingatlanmizu.not_null_stg_zenga__observations_listing_code.c911cddbcc"} */

    
    select
      count(*) as failures,
      count(*) != 0 as should_warn,
      count(*) != 0 as should_error
    from (
      
    
  
    
    



select listing_code
from "ingatlanmizu"."silver"."stg_zenga__observations"
where listing_code is null



  
  
      
    ) dbt_internal_test
[0m22:07:55.438644 [debug] [Thread-3 (]: Using postgres connection "test.ingatlanmizu.not_null_stg_zenga__observations_listing_key.aca095ea93"
[0m22:07:55.438872 [debug] [Thread-2 (]: Opening a new connection, currently in state closed
[0m22:07:55.439103 [debug] [Thread-3 (]: On test.ingatlanmizu.not_null_stg_zenga__observations_listing_key.aca095ea93: /* {"app": "dbt", "dbt_version": "1.12.0", "profile_name": "ingatlanmizu", "target_name": "local", "node_id": "test.ingatlanmizu.not_null_stg_zenga__observations_listing_key.aca095ea93"} */

    
    select
      count(*) as failures,
      count(*) != 0 as should_warn,
      count(*) != 0 as should_error
    from (
      
    
  
    
    



select listing_key
from "ingatlanmizu"."silver"."stg_zenga__observations"
where listing_key is null



  
  
      
    ) dbt_internal_test
[0m22:07:55.439326 [debug] [Thread-1 (]: Using postgres connection "model.ingatlanmizu.int_listing_versions__unioned"
[0m22:07:55.439587 [debug] [Thread-3 (]: Opening a new connection, currently in state closed
[0m22:07:55.439808 [debug] [Thread-1 (]: On model.ingatlanmizu.int_listing_versions__unioned: /* {"app": "dbt", "dbt_version": "1.12.0", "profile_name": "ingatlanmizu", "target_name": "local", "node_id": "model.ingatlanmizu.int_listing_versions__unioned"} */

  create view "ingatlanmizu"."silver"."int_listing_versions__unioned__dbt_tmp"
    
    
  as (
    select 
    *
from "ingatlanmizu"."silver"."stg_zenga__listing_versions"
  );
[0m22:07:55.440080 [debug] [Thread-1 (]: Opening a new connection, currently in state closed
[0m22:07:55.449748 [debug] [Thread-2 (]: SQL status: SELECT 1 in 0.011 seconds
[0m22:07:55.450004 [debug] [Thread-3 (]: SQL status: SELECT 1 in 0.010 seconds
[0m22:07:55.450917 [debug] [Thread-2 (]: On test.ingatlanmizu.not_null_stg_zenga__observations_listing_code.c911cddbcc: ROLLBACK
[0m22:07:55.451670 [debug] [Thread-3 (]: On test.ingatlanmizu.not_null_stg_zenga__observations_listing_key.aca095ea93: ROLLBACK
[0m22:07:55.452137 [debug] [Thread-2 (]: On test.ingatlanmizu.not_null_stg_zenga__observations_listing_code.c911cddbcc: Close
[0m22:07:55.452367 [debug] [Thread-3 (]: On test.ingatlanmizu.not_null_stg_zenga__observations_listing_key.aca095ea93: Close
[0m22:07:55.452780 [info ] [Thread-2 (]: 44 of 102 PASS not_null_stg_zenga__observations_listing_code ................... [[32mPASS[0m in 0.03s]
[0m22:07:55.453164 [info ] [Thread-3 (]: 45 of 102 PASS not_null_stg_zenga__observations_listing_key .................... [[32mPASS[0m in 0.03s]
[0m22:07:55.453437 [debug] [Thread-1 (]: SQL status: CREATE VIEW in 0.013 seconds
[0m22:07:55.453770 [debug] [Thread-2 (]: Finished running node test.ingatlanmizu.not_null_stg_zenga__observations_listing_code.c911cddbcc
[0m22:07:55.454078 [debug] [Thread-3 (]: Finished running node test.ingatlanmizu.not_null_stg_zenga__observations_listing_key.aca095ea93
[0m22:07:55.455338 [debug] [Thread-1 (]: Using postgres connection "model.ingatlanmizu.int_listing_versions__unioned"
[0m22:07:55.455766 [debug] [Thread-4 (]: Began running node model.ingatlanmizu.int_observations__unioned
[0m22:07:55.456004 [debug] [Thread-1 (]: On model.ingatlanmizu.int_listing_versions__unioned: /* {"app": "dbt", "dbt_version": "1.12.0", "profile_name": "ingatlanmizu", "target_name": "local", "node_id": "model.ingatlanmizu.int_listing_versions__unioned"} */
alter table "ingatlanmizu"."silver"."int_listing_versions__unioned__dbt_tmp" rename to "int_listing_versions__unioned"
[0m22:07:55.456308 [info ] [Thread-4 (]: 47 of 102 START sql view model silver.int_observations__unioned ................ [RUN]
[0m22:07:55.456624 [debug] [Thread-4 (]: Re-using an available connection from the pool (formerly test.ingatlanmizu.not_empty_stg_zenga__observations_listing_code.922f6021c1, now model.ingatlanmizu.int_observations__unioned)
[0m22:07:55.456848 [debug] [Thread-4 (]: Began compiling node model.ingatlanmizu.int_observations__unioned
[0m22:07:55.457063 [debug] [Thread-1 (]: SQL status: ALTER TABLE in 0.000 seconds
[0m22:07:55.458083 [debug] [Thread-4 (]: Writing injected SQL for node "model.ingatlanmizu.int_observations__unioned"
[0m22:07:55.458932 [debug] [Thread-1 (]: On model.ingatlanmizu.int_listing_versions__unioned: COMMIT
[0m22:07:55.459221 [debug] [Thread-1 (]: Using postgres connection "model.ingatlanmizu.int_listing_versions__unioned"
[0m22:07:55.459470 [debug] [Thread-1 (]: On model.ingatlanmizu.int_listing_versions__unioned: COMMIT
[0m22:07:55.459687 [debug] [Thread-4 (]: Began executing node model.ingatlanmizu.int_observations__unioned
[0m22:07:55.461181 [debug] [Thread-4 (]: Writing runtime sql for node "model.ingatlanmizu.int_observations__unioned"
[0m22:07:55.461399 [debug] [Thread-1 (]: SQL status: COMMIT in 0.001 seconds
[0m22:07:55.462237 [debug] [Thread-1 (]: Applying DROP to: "ingatlanmizu"."silver"."int_listing_versions__unioned__dbt_backup"
[0m22:07:55.462585 [debug] [Thread-1 (]: Using postgres connection "model.ingatlanmizu.int_listing_versions__unioned"
[0m22:07:55.462809 [debug] [Thread-1 (]: On model.ingatlanmizu.int_listing_versions__unioned: /* {"app": "dbt", "dbt_version": "1.12.0", "profile_name": "ingatlanmizu", "target_name": "local", "node_id": "model.ingatlanmizu.int_listing_versions__unioned"} */
drop view if exists "ingatlanmizu"."silver"."int_listing_versions__unioned__dbt_backup" cascade
[0m22:07:55.463029 [debug] [Thread-4 (]: Using postgres connection "model.ingatlanmizu.int_observations__unioned"
[0m22:07:55.463279 [debug] [Thread-4 (]: On model.ingatlanmizu.int_observations__unioned: /* {"app": "dbt", "dbt_version": "1.12.0", "profile_name": "ingatlanmizu", "target_name": "local", "node_id": "model.ingatlanmizu.int_observations__unioned"} */

  create view "ingatlanmizu"."silver"."int_observations__unioned__dbt_tmp"
    
    
  as (
    select 
    *
from "ingatlanmizu"."silver"."stg_zenga__observations"
  );
[0m22:07:55.463493 [debug] [Thread-1 (]: SQL status: DROP VIEW in 0.000 seconds
[0m22:07:55.463697 [debug] [Thread-4 (]: Opening a new connection, currently in state closed
[0m22:07:55.464365 [debug] [Thread-1 (]: On model.ingatlanmizu.int_listing_versions__unioned: Close
[0m22:07:55.464746 [debug] [Thread-1 (]: Sending event: {'category': 'dbt', 'action': 'run_model', 'label': '044e9b88-1d80-41a6-9cd0-7a799dcb6f55', 'context': [<snowplow_tracker.self_describing_json.SelfDescribingJson object at 0x105f49040>]}
[0m22:07:55.465102 [info ] [Thread-1 (]: 46 of 102 OK created sql view model silver.int_listing_versions__unioned ....... [[32mCREATE VIEW[0m in 0.04s]
[0m22:07:55.465412 [debug] [Thread-1 (]: Finished running node model.ingatlanmizu.int_listing_versions__unioned
[0m22:07:55.465776 [debug] [Thread-3 (]: Began running node test.ingatlanmizu.dbt_utils_unique_combination_of_columns_int_listing_versions__unioned_listing_key__payload_hash.c343765c93
[0m22:07:55.466003 [debug] [Thread-2 (]: Began running node test.ingatlanmizu.not_null_int_listing_versions__unioned_listing_key.2344813f8e
[0m22:07:55.466224 [debug] [Thread-1 (]: Began running node test.ingatlanmizu.not_null_int_listing_versions__unioned_source.4391e07ade
[0m22:07:55.466453 [info ] [Thread-3 (]: 48 of 102 START test dbt_utils_unique_combination_of_columns_int_listing_versions__unioned_listing_key__payload_hash  [RUN]
[0m22:07:55.466701 [info ] [Thread-2 (]: 49 of 102 START test not_null_int_listing_versions__unioned_listing_key ........ [RUN]
[0m22:07:55.466951 [info ] [Thread-1 (]: 50 of 102 START test not_null_int_listing_versions__unioned_source ............. [RUN]
[0m22:07:55.467229 [debug] [Thread-3 (]: Re-using an available connection from the pool (formerly test.ingatlanmizu.not_null_stg_zenga__observations_listing_key.aca095ea93, now test.ingatlanmizu.dbt_utils_unique_combination_of_columns_int_listing_versions__unioned_listing_key__payload_hash.c343765c93)
[0m22:07:55.467485 [debug] [Thread-2 (]: Re-using an available connection from the pool (formerly test.ingatlanmizu.not_null_stg_zenga__observations_listing_code.c911cddbcc, now test.ingatlanmizu.not_null_int_listing_versions__unioned_listing_key.2344813f8e)
[0m22:07:55.467727 [debug] [Thread-1 (]: Re-using an available connection from the pool (formerly model.ingatlanmizu.int_listing_versions__unioned, now test.ingatlanmizu.not_null_int_listing_versions__unioned_source.4391e07ade)
[0m22:07:55.467949 [debug] [Thread-3 (]: Began compiling node test.ingatlanmizu.dbt_utils_unique_combination_of_columns_int_listing_versions__unioned_listing_key__payload_hash.c343765c93
[0m22:07:55.468164 [debug] [Thread-2 (]: Began compiling node test.ingatlanmizu.not_null_int_listing_versions__unioned_listing_key.2344813f8e
[0m22:07:55.468366 [debug] [Thread-1 (]: Began compiling node test.ingatlanmizu.not_null_int_listing_versions__unioned_source.4391e07ade
[0m22:07:55.472276 [debug] [Thread-3 (]: Writing injected SQL for node "test.ingatlanmizu.dbt_utils_unique_combination_of_columns_int_listing_versions__unioned_listing_key__payload_hash.c343765c93"
[0m22:07:55.475713 [debug] [Thread-2 (]: Writing injected SQL for node "test.ingatlanmizu.not_null_int_listing_versions__unioned_listing_key.2344813f8e"
[0m22:07:55.479225 [debug] [Thread-1 (]: Writing injected SQL for node "test.ingatlanmizu.not_null_int_listing_versions__unioned_source.4391e07ade"
[0m22:07:55.479646 [debug] [Thread-4 (]: SQL status: CREATE VIEW in 0.016 seconds
[0m22:07:55.480917 [debug] [Thread-4 (]: Using postgres connection "model.ingatlanmizu.int_observations__unioned"
[0m22:07:55.481185 [debug] [Thread-4 (]: On model.ingatlanmizu.int_observations__unioned: /* {"app": "dbt", "dbt_version": "1.12.0", "profile_name": "ingatlanmizu", "target_name": "local", "node_id": "model.ingatlanmizu.int_observations__unioned"} */
alter table "ingatlanmizu"."silver"."int_observations__unioned__dbt_tmp" rename to "int_observations__unioned"
[0m22:07:55.481441 [debug] [Thread-3 (]: Began executing node test.ingatlanmizu.dbt_utils_unique_combination_of_columns_int_listing_versions__unioned_listing_key__payload_hash.c343765c93
[0m22:07:55.481679 [debug] [Thread-2 (]: Began executing node test.ingatlanmizu.not_null_int_listing_versions__unioned_listing_key.2344813f8e
[0m22:07:55.481901 [debug] [Thread-1 (]: Began executing node test.ingatlanmizu.not_null_int_listing_versions__unioned_source.4391e07ade
[0m22:07:55.482743 [debug] [Thread-3 (]: Writing runtime sql for node "test.ingatlanmizu.dbt_utils_unique_combination_of_columns_int_listing_versions__unioned_listing_key__payload_hash.c343765c93"
[0m22:07:55.482973 [debug] [Thread-4 (]: SQL status: ALTER TABLE in 0.001 seconds
[0m22:07:55.483829 [debug] [Thread-2 (]: Writing runtime sql for node "test.ingatlanmizu.not_null_int_listing_versions__unioned_listing_key.2344813f8e"
[0m22:07:55.484526 [debug] [Thread-1 (]: Writing runtime sql for node "test.ingatlanmizu.not_null_int_listing_versions__unioned_source.4391e07ade"
[0m22:07:55.485358 [debug] [Thread-4 (]: On model.ingatlanmizu.int_observations__unioned: COMMIT
[0m22:07:55.485714 [debug] [Thread-3 (]: Using postgres connection "test.ingatlanmizu.dbt_utils_unique_combination_of_columns_int_listing_versions__unioned_listing_key__payload_hash.c343765c93"
[0m22:07:55.485950 [debug] [Thread-4 (]: Using postgres connection "model.ingatlanmizu.int_observations__unioned"
[0m22:07:55.486234 [debug] [Thread-3 (]: On test.ingatlanmizu.dbt_utils_unique_combination_of_columns_int_listing_versions__unioned_listing_key__payload_hash.c343765c93: /* {"app": "dbt", "dbt_version": "1.12.0", "profile_name": "ingatlanmizu", "target_name": "local", "node_id": "test.ingatlanmizu.dbt_utils_unique_combination_of_columns_int_listing_versions__unioned_listing_key__payload_hash.c343765c93"} */

    
    select
      count(*) as failures,
      count(*) != 0 as should_warn,
      count(*) != 0 as should_error
    from (
      
    
  





with validation_errors as (

    select
        listing_key, payload_hash
    from "ingatlanmizu"."silver"."int_listing_versions__unioned"
    group by listing_key, payload_hash
    having count(*) > 1

)

select *
from validation_errors



  
  
      
    ) dbt_internal_test
[0m22:07:55.486591 [debug] [Thread-2 (]: Using postgres connection "test.ingatlanmizu.not_null_int_listing_versions__unioned_listing_key.2344813f8e"
[0m22:07:55.486824 [debug] [Thread-4 (]: On model.ingatlanmizu.int_observations__unioned: COMMIT
[0m22:07:55.487045 [debug] [Thread-1 (]: Using postgres connection "test.ingatlanmizu.not_null_int_listing_versions__unioned_source.4391e07ade"
[0m22:07:55.487255 [debug] [Thread-3 (]: Opening a new connection, currently in state closed
[0m22:07:55.487479 [debug] [Thread-2 (]: On test.ingatlanmizu.not_null_int_listing_versions__unioned_listing_key.2344813f8e: /* {"app": "dbt", "dbt_version": "1.12.0", "profile_name": "ingatlanmizu", "target_name": "local", "node_id": "test.ingatlanmizu.not_null_int_listing_versions__unioned_listing_key.2344813f8e"} */

    
    select
      count(*) as failures,
      count(*) != 0 as should_warn,
      count(*) != 0 as should_error
    from (
      
    
  
    
    



select listing_key
from "ingatlanmizu"."silver"."int_listing_versions__unioned"
where listing_key is null



  
  
      
    ) dbt_internal_test
[0m22:07:55.487741 [debug] [Thread-1 (]: On test.ingatlanmizu.not_null_int_listing_versions__unioned_source.4391e07ade: /* {"app": "dbt", "dbt_version": "1.12.0", "profile_name": "ingatlanmizu", "target_name": "local", "node_id": "test.ingatlanmizu.not_null_int_listing_versions__unioned_source.4391e07ade"} */

    
    select
      count(*) as failures,
      count(*) != 0 as should_warn,
      count(*) != 0 as should_error
    from (
      
    
  
    
    



select source
from "ingatlanmizu"."silver"."int_listing_versions__unioned"
where source is null



  
  
      
    ) dbt_internal_test
[0m22:07:55.488027 [debug] [Thread-2 (]: Opening a new connection, currently in state closed
[0m22:07:55.488239 [debug] [Thread-1 (]: Opening a new connection, currently in state closed
[0m22:07:55.488455 [debug] [Thread-4 (]: SQL status: COMMIT in 0.001 seconds
[0m22:07:55.489380 [debug] [Thread-4 (]: Applying DROP to: "ingatlanmizu"."silver"."int_observations__unioned__dbt_backup"
[0m22:07:55.489729 [debug] [Thread-4 (]: Using postgres connection "model.ingatlanmizu.int_observations__unioned"
[0m22:07:55.489954 [debug] [Thread-4 (]: On model.ingatlanmizu.int_observations__unioned: /* {"app": "dbt", "dbt_version": "1.12.0", "profile_name": "ingatlanmizu", "target_name": "local", "node_id": "model.ingatlanmizu.int_observations__unioned"} */
drop view if exists "ingatlanmizu"."silver"."int_observations__unioned__dbt_backup" cascade
[0m22:07:55.490413 [debug] [Thread-4 (]: SQL status: DROP VIEW in 0.000 seconds
[0m22:07:55.491164 [debug] [Thread-4 (]: On model.ingatlanmizu.int_observations__unioned: Close
[0m22:07:55.491504 [debug] [Thread-4 (]: Sending event: {'category': 'dbt', 'action': 'run_model', 'label': '044e9b88-1d80-41a6-9cd0-7a799dcb6f55', 'context': [<snowplow_tracker.self_describing_json.SelfDescribingJson object at 0x1071b8d40>]}
[0m22:07:55.491870 [info ] [Thread-4 (]: 47 of 102 OK created sql view model silver.int_observations__unioned ........... [[32mCREATE VIEW[0m in 0.03s]
[0m22:07:55.492191 [debug] [Thread-4 (]: Finished running node model.ingatlanmizu.int_observations__unioned
[0m22:07:55.492711 [debug] [Thread-4 (]: Began running node test.ingatlanmizu.dbt_utils_unique_combination_of_columns_int_observations__unioned_listing_key__observed_at.8a8e346e14
[0m22:07:55.492932 [info ] [Thread-4 (]: 51 of 102 START test dbt_utils_unique_combination_of_columns_int_observations__unioned_listing_key__observed_at  [RUN]
[0m22:07:55.493186 [debug] [Thread-4 (]: Re-using an available connection from the pool (formerly model.ingatlanmizu.int_observations__unioned, now test.ingatlanmizu.dbt_utils_unique_combination_of_columns_int_observations__unioned_listing_key__observed_at.8a8e346e14)
[0m22:07:55.493399 [debug] [Thread-4 (]: Began compiling node test.ingatlanmizu.dbt_utils_unique_combination_of_columns_int_observations__unioned_listing_key__observed_at.8a8e346e14
[0m22:07:55.497845 [debug] [Thread-4 (]: Writing injected SQL for node "test.ingatlanmizu.dbt_utils_unique_combination_of_columns_int_observations__unioned_listing_key__observed_at.8a8e346e14"
[0m22:07:55.498322 [debug] [Thread-4 (]: Began executing node test.ingatlanmizu.dbt_utils_unique_combination_of_columns_int_observations__unioned_listing_key__observed_at.8a8e346e14
[0m22:07:55.499185 [debug] [Thread-4 (]: Writing runtime sql for node "test.ingatlanmizu.dbt_utils_unique_combination_of_columns_int_observations__unioned_listing_key__observed_at.8a8e346e14"
[0m22:07:55.499582 [debug] [Thread-4 (]: Using postgres connection "test.ingatlanmizu.dbt_utils_unique_combination_of_columns_int_observations__unioned_listing_key__observed_at.8a8e346e14"
[0m22:07:55.499816 [debug] [Thread-1 (]: SQL status: SELECT 1 in 0.012 seconds
[0m22:07:55.500046 [debug] [Thread-2 (]: SQL status: SELECT 1 in 0.012 seconds
[0m22:07:55.500250 [debug] [Thread-3 (]: SQL status: SELECT 1 in 0.013 seconds
[0m22:07:55.500508 [debug] [Thread-4 (]: On test.ingatlanmizu.dbt_utils_unique_combination_of_columns_int_observations__unioned_listing_key__observed_at.8a8e346e14: /* {"app": "dbt", "dbt_version": "1.12.0", "profile_name": "ingatlanmizu", "target_name": "local", "node_id": "test.ingatlanmizu.dbt_utils_unique_combination_of_columns_int_observations__unioned_listing_key__observed_at.8a8e346e14"} */

    
    select
      count(*) as failures,
      count(*) != 0 as should_warn,
      count(*) != 0 as should_error
    from (
      
    
  





with validation_errors as (

    select
        listing_key, observed_at
    from "ingatlanmizu"."silver"."int_observations__unioned"
    group by listing_key, observed_at
    having count(*) > 1

)

select *
from validation_errors



  
  
      
    ) dbt_internal_test
[0m22:07:55.501351 [debug] [Thread-1 (]: On test.ingatlanmizu.not_null_int_listing_versions__unioned_source.4391e07ade: ROLLBACK
[0m22:07:55.502067 [debug] [Thread-2 (]: On test.ingatlanmizu.not_null_int_listing_versions__unioned_listing_key.2344813f8e: ROLLBACK
[0m22:07:55.502749 [debug] [Thread-3 (]: On test.ingatlanmizu.dbt_utils_unique_combination_of_columns_int_listing_versions__unioned_listing_key__payload_hash.c343765c93: ROLLBACK
[0m22:07:55.502981 [debug] [Thread-4 (]: Opening a new connection, currently in state closed
[0m22:07:55.503446 [debug] [Thread-2 (]: On test.ingatlanmizu.not_null_int_listing_versions__unioned_listing_key.2344813f8e: Close
[0m22:07:55.503654 [debug] [Thread-1 (]: On test.ingatlanmizu.not_null_int_listing_versions__unioned_source.4391e07ade: Close
[0m22:07:55.503866 [debug] [Thread-3 (]: On test.ingatlanmizu.dbt_utils_unique_combination_of_columns_int_listing_versions__unioned_listing_key__payload_hash.c343765c93: Close
[0m22:07:55.504225 [info ] [Thread-2 (]: 49 of 102 PASS not_null_int_listing_versions__unioned_listing_key .............. [[32mPASS[0m in 0.04s]
[0m22:07:55.504686 [info ] [Thread-1 (]: 50 of 102 PASS not_null_int_listing_versions__unioned_source ................... [[32mPASS[0m in 0.04s]
[0m22:07:55.505007 [info ] [Thread-3 (]: 48 of 102 PASS dbt_utils_unique_combination_of_columns_int_listing_versions__unioned_listing_key__payload_hash  [[32mPASS[0m in 0.04s]
[0m22:07:55.505377 [debug] [Thread-2 (]: Finished running node test.ingatlanmizu.not_null_int_listing_versions__unioned_listing_key.2344813f8e
[0m22:07:55.505674 [debug] [Thread-1 (]: Finished running node test.ingatlanmizu.not_null_int_listing_versions__unioned_source.4391e07ade
[0m22:07:55.505993 [debug] [Thread-3 (]: Finished running node test.ingatlanmizu.dbt_utils_unique_combination_of_columns_int_listing_versions__unioned_listing_key__payload_hash.c343765c93
[0m22:07:55.506257 [debug] [Thread-2 (]: Began running node test.ingatlanmizu.not_empty_int_observations__unioned_listing_code.c41adba39b
[0m22:07:55.506522 [debug] [Thread-1 (]: Began running node test.ingatlanmizu.not_empty_int_observations__unioned_listing_key.f6a9ae74c2
[0m22:07:55.506818 [debug] [Thread-3 (]: Began running node test.ingatlanmizu.not_empty_int_observations__unioned_source.7e99c895d8
[0m22:07:55.507120 [info ] [Thread-2 (]: 52 of 102 START test not_empty_int_observations__unioned_listing_code .......... [RUN]
[0m22:07:55.507320 [info ] [Thread-1 (]: 53 of 102 START test not_empty_int_observations__unioned_listing_key ........... [RUN]
[0m22:07:55.507618 [info ] [Thread-3 (]: 54 of 102 START test not_empty_int_observations__unioned_source ................ [RUN]
[0m22:07:55.507889 [debug] [Thread-2 (]: Re-using an available connection from the pool (formerly test.ingatlanmizu.not_null_int_listing_versions__unioned_listing_key.2344813f8e, now test.ingatlanmizu.not_empty_int_observations__unioned_listing_code.c41adba39b)
[0m22:07:55.508141 [debug] [Thread-1 (]: Re-using an available connection from the pool (formerly test.ingatlanmizu.not_null_int_listing_versions__unioned_source.4391e07ade, now test.ingatlanmizu.not_empty_int_observations__unioned_listing_key.f6a9ae74c2)
[0m22:07:55.508385 [debug] [Thread-3 (]: Re-using an available connection from the pool (formerly test.ingatlanmizu.dbt_utils_unique_combination_of_columns_int_listing_versions__unioned_listing_key__payload_hash.c343765c93, now test.ingatlanmizu.not_empty_int_observations__unioned_source.7e99c895d8)
[0m22:07:55.508604 [debug] [Thread-2 (]: Began compiling node test.ingatlanmizu.not_empty_int_observations__unioned_listing_code.c41adba39b
[0m22:07:55.508816 [debug] [Thread-1 (]: Began compiling node test.ingatlanmizu.not_empty_int_observations__unioned_listing_key.f6a9ae74c2
[0m22:07:55.509033 [debug] [Thread-3 (]: Began compiling node test.ingatlanmizu.not_empty_int_observations__unioned_source.7e99c895d8
[0m22:07:55.512792 [debug] [Thread-2 (]: Writing injected SQL for node "test.ingatlanmizu.not_empty_int_observations__unioned_listing_code.c41adba39b"
[0m22:07:55.516279 [debug] [Thread-1 (]: Writing injected SQL for node "test.ingatlanmizu.not_empty_int_observations__unioned_listing_key.f6a9ae74c2"
[0m22:07:55.516535 [debug] [Thread-4 (]: SQL status: SELECT 1 in 0.014 seconds
[0m22:07:55.519755 [debug] [Thread-3 (]: Writing injected SQL for node "test.ingatlanmizu.not_empty_int_observations__unioned_source.7e99c895d8"
[0m22:07:55.520681 [debug] [Thread-4 (]: On test.ingatlanmizu.dbt_utils_unique_combination_of_columns_int_observations__unioned_listing_key__observed_at.8a8e346e14: ROLLBACK
[0m22:07:55.521061 [debug] [Thread-1 (]: Began executing node test.ingatlanmizu.not_empty_int_observations__unioned_listing_key.f6a9ae74c2
[0m22:07:55.521299 [debug] [Thread-2 (]: Began executing node test.ingatlanmizu.not_empty_int_observations__unioned_listing_code.c41adba39b
[0m22:07:55.521512 [debug] [Thread-4 (]: On test.ingatlanmizu.dbt_utils_unique_combination_of_columns_int_observations__unioned_listing_key__observed_at.8a8e346e14: Close
[0m22:07:55.522288 [debug] [Thread-1 (]: Writing runtime sql for node "test.ingatlanmizu.not_empty_int_observations__unioned_listing_key.f6a9ae74c2"
[0m22:07:55.523055 [debug] [Thread-2 (]: Writing runtime sql for node "test.ingatlanmizu.not_empty_int_observations__unioned_listing_code.c41adba39b"
[0m22:07:55.523283 [debug] [Thread-3 (]: Began executing node test.ingatlanmizu.not_empty_int_observations__unioned_source.7e99c895d8
[0m22:07:55.523643 [info ] [Thread-4 (]: 51 of 102 PASS dbt_utils_unique_combination_of_columns_int_observations__unioned_listing_key__observed_at  [[32mPASS[0m in 0.03s]
[0m22:07:55.524635 [debug] [Thread-3 (]: Writing runtime sql for node "test.ingatlanmizu.not_empty_int_observations__unioned_source.7e99c895d8"
[0m22:07:55.524902 [debug] [Thread-1 (]: Using postgres connection "test.ingatlanmizu.not_empty_int_observations__unioned_listing_key.f6a9ae74c2"
[0m22:07:55.525204 [debug] [Thread-4 (]: Finished running node test.ingatlanmizu.dbt_utils_unique_combination_of_columns_int_observations__unioned_listing_key__observed_at.8a8e346e14
[0m22:07:55.525490 [debug] [Thread-2 (]: Using postgres connection "test.ingatlanmizu.not_empty_int_observations__unioned_listing_code.c41adba39b"
[0m22:07:55.525735 [debug] [Thread-1 (]: On test.ingatlanmizu.not_empty_int_observations__unioned_listing_key.f6a9ae74c2: /* {"app": "dbt", "dbt_version": "1.12.0", "profile_name": "ingatlanmizu", "target_name": "local", "node_id": "test.ingatlanmizu.not_empty_int_observations__unioned_listing_key.f6a9ae74c2"} */

    
    select
      count(*) as failures,
      count(*) != 0 as should_warn,
      count(*) != 0 as should_error
    from (
      
    
  

select *
from "ingatlanmizu"."silver"."int_observations__unioned"
where trim(listing_key) = ''


  
  
      
    ) dbt_internal_test
[0m22:07:55.526000 [debug] [Thread-4 (]: Began running node test.ingatlanmizu.not_null_int_observations__unioned_bronze_id.a73c8c7f51
[0m22:07:55.526255 [debug] [Thread-3 (]: Using postgres connection "test.ingatlanmizu.not_empty_int_observations__unioned_source.7e99c895d8"
[0m22:07:55.526478 [debug] [Thread-2 (]: On test.ingatlanmizu.not_empty_int_observations__unioned_listing_code.c41adba39b: /* {"app": "dbt", "dbt_version": "1.12.0", "profile_name": "ingatlanmizu", "target_name": "local", "node_id": "test.ingatlanmizu.not_empty_int_observations__unioned_listing_code.c41adba39b"} */

    
    select
      count(*) as failures,
      count(*) != 0 as should_warn,
      count(*) != 0 as should_error
    from (
      
    
  

select *
from "ingatlanmizu"."silver"."int_observations__unioned"
where trim(listing_code) = ''


  
  
      
    ) dbt_internal_test
[0m22:07:55.526705 [debug] [Thread-1 (]: Opening a new connection, currently in state closed
[0m22:07:55.526913 [info ] [Thread-4 (]: 55 of 102 START test not_null_int_observations__unioned_bronze_id .............. [RUN]
[0m22:07:55.527156 [debug] [Thread-3 (]: On test.ingatlanmizu.not_empty_int_observations__unioned_source.7e99c895d8: /* {"app": "dbt", "dbt_version": "1.12.0", "profile_name": "ingatlanmizu", "target_name": "local", "node_id": "test.ingatlanmizu.not_empty_int_observations__unioned_source.7e99c895d8"} */

    
    select
      count(*) as failures,
      count(*) != 0 as should_warn,
      count(*) != 0 as should_error
    from (
      
    
  

select *
from "ingatlanmizu"."silver"."int_observations__unioned"
where trim(source) = ''


  
  
      
    ) dbt_internal_test
[0m22:07:55.527376 [debug] [Thread-2 (]: Opening a new connection, currently in state closed
[0m22:07:55.527673 [debug] [Thread-4 (]: Re-using an available connection from the pool (formerly test.ingatlanmizu.dbt_utils_unique_combination_of_columns_int_observations__unioned_listing_key__observed_at.8a8e346e14, now test.ingatlanmizu.not_null_int_observations__unioned_bronze_id.a73c8c7f51)
[0m22:07:55.527882 [debug] [Thread-3 (]: Opening a new connection, currently in state closed
[0m22:07:55.528151 [debug] [Thread-4 (]: Began compiling node test.ingatlanmizu.not_null_int_observations__unioned_bronze_id.a73c8c7f51
[0m22:07:55.531722 [debug] [Thread-4 (]: Writing injected SQL for node "test.ingatlanmizu.not_null_int_observations__unioned_bronze_id.a73c8c7f51"
[0m22:07:55.532104 [debug] [Thread-4 (]: Began executing node test.ingatlanmizu.not_null_int_observations__unioned_bronze_id.a73c8c7f51
[0m22:07:55.532855 [debug] [Thread-4 (]: Writing runtime sql for node "test.ingatlanmizu.not_null_int_observations__unioned_bronze_id.a73c8c7f51"
[0m22:07:55.533211 [debug] [Thread-4 (]: Using postgres connection "test.ingatlanmizu.not_null_int_observations__unioned_bronze_id.a73c8c7f51"
[0m22:07:55.533447 [debug] [Thread-4 (]: On test.ingatlanmizu.not_null_int_observations__unioned_bronze_id.a73c8c7f51: /* {"app": "dbt", "dbt_version": "1.12.0", "profile_name": "ingatlanmizu", "target_name": "local", "node_id": "test.ingatlanmizu.not_null_int_observations__unioned_bronze_id.a73c8c7f51"} */

    
    select
      count(*) as failures,
      count(*) != 0 as should_warn,
      count(*) != 0 as should_error
    from (
      
    
  
    
    



select bronze_id
from "ingatlanmizu"."silver"."int_observations__unioned"
where bronze_id is null



  
  
      
    ) dbt_internal_test
[0m22:07:55.533670 [debug] [Thread-4 (]: Opening a new connection, currently in state closed
[0m22:07:55.536047 [debug] [Thread-3 (]: SQL status: SELECT 1 in 0.008 seconds
[0m22:07:55.536296 [debug] [Thread-1 (]: SQL status: SELECT 1 in 0.010 seconds
[0m22:07:55.536518 [debug] [Thread-2 (]: SQL status: SELECT 1 in 0.009 seconds
[0m22:07:55.537355 [debug] [Thread-3 (]: On test.ingatlanmizu.not_empty_int_observations__unioned_source.7e99c895d8: ROLLBACK
[0m22:07:55.538117 [debug] [Thread-1 (]: On test.ingatlanmizu.not_empty_int_observations__unioned_listing_key.f6a9ae74c2: ROLLBACK
[0m22:07:55.538910 [debug] [Thread-2 (]: On test.ingatlanmizu.not_empty_int_observations__unioned_listing_code.c41adba39b: ROLLBACK
[0m22:07:55.539378 [debug] [Thread-1 (]: On test.ingatlanmizu.not_empty_int_observations__unioned_listing_key.f6a9ae74c2: Close
[0m22:07:55.539605 [debug] [Thread-3 (]: On test.ingatlanmizu.not_empty_int_observations__unioned_source.7e99c895d8: Close
[0m22:07:55.539806 [debug] [Thread-2 (]: On test.ingatlanmizu.not_empty_int_observations__unioned_listing_code.c41adba39b: Close
[0m22:07:55.540371 [debug] [Thread-4 (]: SQL status: SELECT 1 in 0.007 seconds
[0m22:07:55.540174 [info ] [Thread-1 (]: 53 of 102 PASS not_empty_int_observations__unioned_listing_key ................. [[32mPASS[0m in 0.03s]
[0m22:07:55.540803 [info ] [Thread-3 (]: 54 of 102 PASS not_empty_int_observations__unioned_source ...................... [[32mPASS[0m in 0.03s]
[0m22:07:55.541931 [debug] [Thread-4 (]: On test.ingatlanmizu.not_null_int_observations__unioned_bronze_id.a73c8c7f51: ROLLBACK
[0m22:07:55.541110 [info ] [Thread-2 (]: 52 of 102 PASS not_empty_int_observations__unioned_listing_code ................ [[32mPASS[0m in 0.03s]
[0m22:07:55.542318 [debug] [Thread-1 (]: Finished running node test.ingatlanmizu.not_empty_int_observations__unioned_listing_key.f6a9ae74c2
[0m22:07:55.542611 [debug] [Thread-3 (]: Finished running node test.ingatlanmizu.not_empty_int_observations__unioned_source.7e99c895d8
[0m22:07:55.542926 [debug] [Thread-2 (]: Finished running node test.ingatlanmizu.not_empty_int_observations__unioned_listing_code.c41adba39b
[0m22:07:55.543124 [debug] [Thread-4 (]: On test.ingatlanmizu.not_null_int_observations__unioned_bronze_id.a73c8c7f51: Close
[0m22:07:55.543359 [debug] [Thread-1 (]: Began running node test.ingatlanmizu.not_null_int_observations__unioned_ingestion_run_id.b9debcc6b2
[0m22:07:55.543629 [debug] [Thread-3 (]: Began running node test.ingatlanmizu.not_null_int_observations__unioned_listing_code.4848edf7d7
[0m22:07:55.543882 [debug] [Thread-2 (]: Began running node test.ingatlanmizu.not_null_int_observations__unioned_listing_key.3b505f918a
[0m22:07:55.544236 [info ] [Thread-4 (]: 55 of 102 PASS not_null_int_observations__unioned_bronze_id .................... [[32mPASS[0m in 0.02s]
[0m22:07:55.544431 [info ] [Thread-1 (]: 56 of 102 START test not_null_int_observations__unioned_ingestion_run_id ....... [RUN]
[0m22:07:55.544713 [info ] [Thread-3 (]: 57 of 102 START test not_null_int_observations__unioned_listing_code ........... [RUN]
[0m22:07:55.544975 [info ] [Thread-2 (]: 58 of 102 START test not_null_int_observations__unioned_listing_key ............ [RUN]
[0m22:07:55.545372 [debug] [Thread-4 (]: Finished running node test.ingatlanmizu.not_null_int_observations__unioned_bronze_id.a73c8c7f51
[0m22:07:55.545632 [debug] [Thread-1 (]: Re-using an available connection from the pool (formerly test.ingatlanmizu.not_empty_int_observations__unioned_listing_key.f6a9ae74c2, now test.ingatlanmizu.not_null_int_observations__unioned_ingestion_run_id.b9debcc6b2)
[0m22:07:55.545883 [debug] [Thread-3 (]: Re-using an available connection from the pool (formerly test.ingatlanmizu.not_empty_int_observations__unioned_source.7e99c895d8, now test.ingatlanmizu.not_null_int_observations__unioned_listing_code.4848edf7d7)
[0m22:07:55.546127 [debug] [Thread-2 (]: Re-using an available connection from the pool (formerly test.ingatlanmizu.not_empty_int_observations__unioned_listing_code.c41adba39b, now test.ingatlanmizu.not_null_int_observations__unioned_listing_key.3b505f918a)
[0m22:07:55.546373 [debug] [Thread-4 (]: Began running node test.ingatlanmizu.not_null_int_observations__unioned_source.7b1725f5ca
[0m22:07:55.546612 [debug] [Thread-1 (]: Began compiling node test.ingatlanmizu.not_null_int_observations__unioned_ingestion_run_id.b9debcc6b2
[0m22:07:55.546820 [debug] [Thread-3 (]: Began compiling node test.ingatlanmizu.not_null_int_observations__unioned_listing_code.4848edf7d7
[0m22:07:55.547034 [debug] [Thread-2 (]: Began compiling node test.ingatlanmizu.not_null_int_observations__unioned_listing_key.3b505f918a
[0m22:07:55.547246 [info ] [Thread-4 (]: 59 of 102 START test not_null_int_observations__unioned_source ................. [RUN]
[0m22:07:55.550951 [debug] [Thread-1 (]: Writing injected SQL for node "test.ingatlanmizu.not_null_int_observations__unioned_ingestion_run_id.b9debcc6b2"
[0m22:07:55.554202 [debug] [Thread-3 (]: Writing injected SQL for node "test.ingatlanmizu.not_null_int_observations__unioned_listing_code.4848edf7d7"
[0m22:07:55.557335 [debug] [Thread-2 (]: Writing injected SQL for node "test.ingatlanmizu.not_null_int_observations__unioned_listing_key.3b505f918a"
[0m22:07:55.557603 [debug] [Thread-4 (]: Re-using an available connection from the pool (formerly test.ingatlanmizu.not_null_int_observations__unioned_bronze_id.a73c8c7f51, now test.ingatlanmizu.not_null_int_observations__unioned_source.7b1725f5ca)
[0m22:07:55.558120 [debug] [Thread-2 (]: Began executing node test.ingatlanmizu.not_null_int_observations__unioned_listing_key.3b505f918a
[0m22:07:55.558326 [debug] [Thread-4 (]: Began compiling node test.ingatlanmizu.not_null_int_observations__unioned_source.7b1725f5ca
[0m22:07:55.558532 [debug] [Thread-1 (]: Began executing node test.ingatlanmizu.not_null_int_observations__unioned_ingestion_run_id.b9debcc6b2
[0m22:07:55.558732 [debug] [Thread-3 (]: Began executing node test.ingatlanmizu.not_null_int_observations__unioned_listing_code.4848edf7d7
[0m22:07:55.559514 [debug] [Thread-2 (]: Writing runtime sql for node "test.ingatlanmizu.not_null_int_observations__unioned_listing_key.3b505f918a"
[0m22:07:55.563515 [debug] [Thread-4 (]: Writing injected SQL for node "test.ingatlanmizu.not_null_int_observations__unioned_source.7b1725f5ca"
[0m22:07:55.564264 [debug] [Thread-1 (]: Writing runtime sql for node "test.ingatlanmizu.not_null_int_observations__unioned_ingestion_run_id.b9debcc6b2"
[0m22:07:55.565038 [debug] [Thread-3 (]: Writing runtime sql for node "test.ingatlanmizu.not_null_int_observations__unioned_listing_code.4848edf7d7"
[0m22:07:55.565564 [debug] [Thread-1 (]: Using postgres connection "test.ingatlanmizu.not_null_int_observations__unioned_ingestion_run_id.b9debcc6b2"
[0m22:07:55.565802 [debug] [Thread-2 (]: Using postgres connection "test.ingatlanmizu.not_null_int_observations__unioned_listing_key.3b505f918a"
[0m22:07:55.566020 [debug] [Thread-4 (]: Began executing node test.ingatlanmizu.not_null_int_observations__unioned_source.7b1725f5ca
[0m22:07:55.566269 [debug] [Thread-1 (]: On test.ingatlanmizu.not_null_int_observations__unioned_ingestion_run_id.b9debcc6b2: /* {"app": "dbt", "dbt_version": "1.12.0", "profile_name": "ingatlanmizu", "target_name": "local", "node_id": "test.ingatlanmizu.not_null_int_observations__unioned_ingestion_run_id.b9debcc6b2"} */

    
    select
      count(*) as failures,
      count(*) != 0 as should_warn,
      count(*) != 0 as should_error
    from (
      
    
  
    
    



select ingestion_run_id
from "ingatlanmizu"."silver"."int_observations__unioned"
where ingestion_run_id is null



  
  
      
    ) dbt_internal_test
[0m22:07:55.566522 [debug] [Thread-2 (]: On test.ingatlanmizu.not_null_int_observations__unioned_listing_key.3b505f918a: /* {"app": "dbt", "dbt_version": "1.12.0", "profile_name": "ingatlanmizu", "target_name": "local", "node_id": "test.ingatlanmizu.not_null_int_observations__unioned_listing_key.3b505f918a"} */

    
    select
      count(*) as failures,
      count(*) != 0 as should_warn,
      count(*) != 0 as should_error
    from (
      
    
  
    
    



select listing_key
from "ingatlanmizu"."silver"."int_observations__unioned"
where listing_key is null



  
  
      
    ) dbt_internal_test
[0m22:07:55.566780 [debug] [Thread-3 (]: Using postgres connection "test.ingatlanmizu.not_null_int_observations__unioned_listing_code.4848edf7d7"
[0m22:07:55.567505 [debug] [Thread-4 (]: Writing runtime sql for node "test.ingatlanmizu.not_null_int_observations__unioned_source.7b1725f5ca"
[0m22:07:55.567740 [debug] [Thread-1 (]: Opening a new connection, currently in state closed
[0m22:07:55.567944 [debug] [Thread-2 (]: Opening a new connection, currently in state closed
[0m22:07:55.568162 [debug] [Thread-3 (]: On test.ingatlanmizu.not_null_int_observations__unioned_listing_code.4848edf7d7: /* {"app": "dbt", "dbt_version": "1.12.0", "profile_name": "ingatlanmizu", "target_name": "local", "node_id": "test.ingatlanmizu.not_null_int_observations__unioned_listing_code.4848edf7d7"} */

    
    select
      count(*) as failures,
      count(*) != 0 as should_warn,
      count(*) != 0 as should_error
    from (
      
    
  
    
    



select listing_code
from "ingatlanmizu"."silver"."int_observations__unioned"
where listing_code is null



  
  
      
    ) dbt_internal_test
[0m22:07:55.568578 [debug] [Thread-3 (]: Opening a new connection, currently in state closed
[0m22:07:55.568808 [debug] [Thread-4 (]: Using postgres connection "test.ingatlanmizu.not_null_int_observations__unioned_source.7b1725f5ca"
[0m22:07:55.569110 [debug] [Thread-4 (]: On test.ingatlanmizu.not_null_int_observations__unioned_source.7b1725f5ca: /* {"app": "dbt", "dbt_version": "1.12.0", "profile_name": "ingatlanmizu", "target_name": "local", "node_id": "test.ingatlanmizu.not_null_int_observations__unioned_source.7b1725f5ca"} */

    
    select
      count(*) as failures,
      count(*) != 0 as should_warn,
      count(*) != 0 as should_error
    from (
      
    
  
    
    



select source
from "ingatlanmizu"."silver"."int_observations__unioned"
where source is null



  
  
      
    ) dbt_internal_test
[0m22:07:55.569370 [debug] [Thread-4 (]: Opening a new connection, currently in state closed
[0m22:07:55.578180 [debug] [Thread-3 (]: SQL status: SELECT 1 in 0.010 seconds
[0m22:07:55.578439 [debug] [Thread-2 (]: SQL status: SELECT 1 in 0.010 seconds
[0m22:07:55.578674 [debug] [Thread-1 (]: SQL status: SELECT 1 in 0.011 seconds
[0m22:07:55.578890 [debug] [Thread-4 (]: SQL status: SELECT 1 in 0.010 seconds
[0m22:07:55.579733 [debug] [Thread-3 (]: On test.ingatlanmizu.not_null_int_observations__unioned_listing_code.4848edf7d7: ROLLBACK
[0m22:07:55.580463 [debug] [Thread-2 (]: On test.ingatlanmizu.not_null_int_observations__unioned_listing_key.3b505f918a: ROLLBACK
[0m22:07:55.581147 [debug] [Thread-1 (]: On test.ingatlanmizu.not_null_int_observations__unioned_ingestion_run_id.b9debcc6b2: ROLLBACK
[0m22:07:55.581842 [debug] [Thread-4 (]: On test.ingatlanmizu.not_null_int_observations__unioned_source.7b1725f5ca: ROLLBACK
[0m22:07:55.582409 [debug] [Thread-3 (]: On test.ingatlanmizu.not_null_int_observations__unioned_listing_code.4848edf7d7: Close
[0m22:07:55.582630 [debug] [Thread-1 (]: On test.ingatlanmizu.not_null_int_observations__unioned_ingestion_run_id.b9debcc6b2: Close
[0m22:07:55.582835 [debug] [Thread-2 (]: On test.ingatlanmizu.not_null_int_observations__unioned_listing_key.3b505f918a: Close
[0m22:07:55.583429 [debug] [Thread-4 (]: On test.ingatlanmizu.not_null_int_observations__unioned_source.7b1725f5ca: Close
[0m22:07:55.583249 [info ] [Thread-3 (]: 57 of 102 PASS not_null_int_observations__unioned_listing_code ................. [[32mPASS[0m in 0.04s]
[0m22:07:55.583814 [info ] [Thread-1 (]: 56 of 102 PASS not_null_int_observations__unioned_ingestion_run_id ............. [[32mPASS[0m in 0.04s]
[0m22:07:55.584251 [info ] [Thread-2 (]: 58 of 102 PASS not_null_int_observations__unioned_listing_key .................. [[32mPASS[0m in 0.04s]
[0m22:07:55.584696 [info ] [Thread-4 (]: 59 of 102 PASS not_null_int_observations__unioned_source ....................... [[32mPASS[0m in 0.03s]
[0m22:07:55.585152 [debug] [Thread-3 (]: Finished running node test.ingatlanmizu.not_null_int_observations__unioned_listing_code.4848edf7d7
[0m22:07:55.585447 [debug] [Thread-1 (]: Finished running node test.ingatlanmizu.not_null_int_observations__unioned_ingestion_run_id.b9debcc6b2
[0m22:07:55.585727 [debug] [Thread-2 (]: Finished running node test.ingatlanmizu.not_null_int_observations__unioned_listing_key.3b505f918a
[0m22:07:55.586056 [debug] [Thread-4 (]: Finished running node test.ingatlanmizu.not_null_int_observations__unioned_source.7b1725f5ca
[0m22:07:55.586375 [debug] [Thread-3 (]: Began running node model.ingatlanmizu.int_listings__current
[0m22:07:55.586799 [debug] [Thread-1 (]: Began running node model.ingatlanmizu.int_listings__price_changes
[0m22:07:55.587420 [info ] [Thread-3 (]: 60 of 102 START sql view model silver.int_listings__current .................... [RUN]
[0m22:07:55.587803 [info ] [Thread-1 (]: 61 of 102 START sql view model silver.int_listings__price_changes .............. [RUN]
[0m22:07:55.588368 [debug] [Thread-2 (]: Began running node model.ingatlanmizu.int_listings__monthly
[0m22:07:55.588842 [debug] [Thread-3 (]: Re-using an available connection from the pool (formerly test.ingatlanmizu.not_null_int_observations__unioned_listing_code.4848edf7d7, now model.ingatlanmizu.int_listings__current)
[0m22:07:55.589091 [debug] [Thread-4 (]: Began running node model.ingatlanmizu.int_listings__time_on_market
[0m22:07:55.589408 [debug] [Thread-1 (]: Re-using an available connection from the pool (formerly test.ingatlanmizu.not_null_int_observations__unioned_ingestion_run_id.b9debcc6b2, now model.ingatlanmizu.int_listings__price_changes)
[0m22:07:55.589756 [info ] [Thread-2 (]: 62 of 102 START sql view model silver.int_listings__monthly .................... [RUN]
[0m22:07:55.590179 [debug] [Thread-3 (]: Began compiling node model.ingatlanmizu.int_listings__current
[0m22:07:55.590569 [info ] [Thread-4 (]: 63 of 102 START sql view model silver.int_listings__time_on_market ............. [RUN]
[0m22:07:55.590878 [debug] [Thread-1 (]: Began compiling node model.ingatlanmizu.int_listings__price_changes
[0m22:07:55.591175 [debug] [Thread-2 (]: Re-using an available connection from the pool (formerly test.ingatlanmizu.not_null_int_observations__unioned_listing_key.3b505f918a, now model.ingatlanmizu.int_listings__monthly)
[0m22:07:55.592503 [debug] [Thread-3 (]: Writing injected SQL for node "model.ingatlanmizu.int_listings__current"
[0m22:07:55.592823 [debug] [Thread-4 (]: Re-using an available connection from the pool (formerly test.ingatlanmizu.not_null_int_observations__unioned_source.7b1725f5ca, now model.ingatlanmizu.int_listings__time_on_market)
[0m22:07:55.595296 [debug] [Thread-1 (]: Writing injected SQL for node "model.ingatlanmizu.int_listings__price_changes"
[0m22:07:55.595648 [debug] [Thread-2 (]: Began compiling node model.ingatlanmizu.int_listings__monthly
[0m22:07:55.596104 [debug] [Thread-4 (]: Began compiling node model.ingatlanmizu.int_listings__time_on_market
[0m22:07:55.597691 [debug] [Thread-2 (]: Writing injected SQL for node "model.ingatlanmizu.int_listings__monthly"
[0m22:07:55.598093 [debug] [Thread-3 (]: Began executing node model.ingatlanmizu.int_listings__current
[0m22:07:55.598310 [debug] [Thread-1 (]: Began executing node model.ingatlanmizu.int_listings__price_changes
[0m22:07:55.599471 [debug] [Thread-4 (]: Writing injected SQL for node "model.ingatlanmizu.int_listings__time_on_market"
[0m22:07:55.601253 [debug] [Thread-3 (]: Writing runtime sql for node "model.ingatlanmizu.int_listings__current"
[0m22:07:55.602983 [debug] [Thread-1 (]: Writing runtime sql for node "model.ingatlanmizu.int_listings__price_changes"
[0m22:07:55.603440 [debug] [Thread-2 (]: Began executing node model.ingatlanmizu.int_listings__monthly
[0m22:07:55.603885 [debug] [Thread-3 (]: Using postgres connection "model.ingatlanmizu.int_listings__current"
[0m22:07:55.614694 [debug] [Thread-3 (]: On model.ingatlanmizu.int_listings__current: /* {"app": "dbt", "dbt_version": "1.12.0", "profile_name": "ingatlanmizu", "target_name": "local", "node_id": "model.ingatlanmizu.int_listings__current"} */

  create view "ingatlanmizu"."silver"."int_listings__current__dbt_tmp"
    
    
  as (
    with 
    source as (
        select * from "ingatlanmizu"."silver"."int_listing_versions__unioned"
    ),

    versioned as (
        select 
            *,
            row_number() over (
                partition by listing_key
                order by observed_at desc, bronze_id desc
            ) as version_rank
        from source
    )

select * from versioned where version_rank = 1
  );
[0m22:07:55.615041 [debug] [Thread-3 (]: Opening a new connection, currently in state closed
[0m22:07:55.608761 [debug] [Thread-2 (]: Writing runtime sql for node "model.ingatlanmizu.int_listings__monthly"
[0m22:07:55.610214 [debug] [Thread-4 (]: Began executing node model.ingatlanmizu.int_listings__time_on_market
[0m22:07:55.660848 [debug] [Thread-1 (]: Using postgres connection "model.ingatlanmizu.int_listings__price_changes"
[0m22:07:55.663368 [debug] [Thread-4 (]: Writing runtime sql for node "model.ingatlanmizu.int_listings__time_on_market"
[0m22:07:55.663759 [debug] [Thread-1 (]: On model.ingatlanmizu.int_listings__price_changes: /* {"app": "dbt", "dbt_version": "1.12.0", "profile_name": "ingatlanmizu", "target_name": "local", "node_id": "model.ingatlanmizu.int_listings__price_changes"} */

  create view "ingatlanmizu"."silver"."int_listings__price_changes__dbt_tmp"
    
    
  as (
    with versions as (
    select * from "ingatlanmizu"."silver"."int_listing_versions__unioned"
),

with_previous as (
    select
        listing_key,
        observed_at,
        price_huf,
        lag(price_huf) over (
            partition by listing_key
            order by observed_at, bronze_id
        ) as previous_price_huf
    from versions
)

select
    listing_key,
    observed_at,
    previous_price_huf,
    price_huf as new_price_huf,
    price_huf - previous_price_huf as price_delta_huf,
    round(
        ((price_huf - previous_price_huf)::numeric / previous_price_huf) * 100,
        2
    ) as price_change_pct
from with_previous
where previous_price_huf is not null
and price_huf is distinct from previous_price_huf
  );
[0m22:07:55.664184 [debug] [Thread-2 (]: Using postgres connection "model.ingatlanmizu.int_listings__monthly"
[0m22:07:55.664455 [debug] [Thread-1 (]: Opening a new connection, currently in state closed
[0m22:07:55.664729 [debug] [Thread-2 (]: On model.ingatlanmizu.int_listings__monthly: /* {"app": "dbt", "dbt_version": "1.12.0", "profile_name": "ingatlanmizu", "target_name": "local", "node_id": "model.ingatlanmizu.int_listings__monthly"} */

  create view "ingatlanmizu"."silver"."int_listings__monthly__dbt_tmp"
    
    
  as (
    with listing_months as (
    select distinct
        listing_key,
        date_trunc('month', observed_at)::date as month_start
    from "ingatlanmizu"."silver"."int_observations__unioned"
)

select distinct on (listing_months.listing_key, listing_months.month_start)
    listing_months.month_start,
    listing_months.listing_key,
    versions.city,
    versions.main_type,
    versions.sub_type,
    versions.price_huf,
    versions.area_sqm
from listing_months
join "ingatlanmizu"."silver"."int_listing_versions__unioned" as versions
    on versions.listing_key = listing_months.listing_key
    and versions.observed_at < listing_months.month_start + interval '1 month'
order by
    listing_months.listing_key,
    listing_months.month_start,
    versions.observed_at desc,
    versions.bronze_id desc
  );
[0m22:07:55.664998 [debug] [Thread-4 (]: Using postgres connection "model.ingatlanmizu.int_listings__time_on_market"
[0m22:07:55.665434 [debug] [Thread-2 (]: Opening a new connection, currently in state closed
[0m22:07:55.665724 [debug] [Thread-4 (]: On model.ingatlanmizu.int_listings__time_on_market: /* {"app": "dbt", "dbt_version": "1.12.0", "profile_name": "ingatlanmizu", "target_name": "local", "node_id": "model.ingatlanmizu.int_listings__time_on_market"} */

  create view "ingatlanmizu"."silver"."int_listings__time_on_market__dbt_tmp"
    
    
  as (
    with 
	observations as (
		select * from "ingatlanmizu"."silver"."int_observations__unioned"
	),
	
	source_observations as (
		select 
			source,
			min(observed_at)::date as source_first_observed_at, 
			max(observed_at)::date as source_last_observed_at
		from observations
		group by source
	),
	
	times_seen as (
		select
			listing_key,
			source,
			min(observed_at)::date as first_seen_at, 
			max(observed_at)::date as last_seen_at,
			count(ingestion_run_id) times_observed
		from observations
		group by listing_key, source
	)
	
select
    times_seen.listing_key,
    times_seen.source,
    times_seen.first_seen_at,
	times_seen.last_seen_at,
    times_seen.times_observed,
	(times_seen.last_seen_at - times_seen.first_seen_at) + 1 as days_on_market,
	times_seen.last_seen_at >= source_observations.source_last_observed_at - 3 as is_active
from times_seen
join source_observations 
on times_seen.source = source_observations.source
  );
[0m22:07:55.666054 [debug] [Thread-4 (]: Opening a new connection, currently in state closed
[0m22:07:55.686494 [debug] [Thread-3 (]: SQL status: CREATE VIEW in 0.071 seconds
[0m22:07:55.688302 [debug] [Thread-3 (]: Using postgres connection "model.ingatlanmizu.int_listings__current"
[0m22:07:55.688652 [debug] [Thread-3 (]: On model.ingatlanmizu.int_listings__current: /* {"app": "dbt", "dbt_version": "1.12.0", "profile_name": "ingatlanmizu", "target_name": "local", "node_id": "model.ingatlanmizu.int_listings__current"} */
alter table "ingatlanmizu"."silver"."int_listings__current__dbt_tmp" rename to "int_listings__current"
[0m22:07:55.689323 [debug] [Thread-3 (]: SQL status: ALTER TABLE in 0.000 seconds
[0m22:07:55.690296 [debug] [Thread-3 (]: On model.ingatlanmizu.int_listings__current: COMMIT
[0m22:07:55.690554 [debug] [Thread-3 (]: Using postgres connection "model.ingatlanmizu.int_listings__current"
[0m22:07:55.690786 [debug] [Thread-3 (]: On model.ingatlanmizu.int_listings__current: COMMIT
[0m22:07:55.691667 [debug] [Thread-3 (]: SQL status: COMMIT in 0.001 seconds
[0m22:07:55.692735 [debug] [Thread-3 (]: Applying DROP to: "ingatlanmizu"."silver"."int_listings__current__dbt_backup"
[0m22:07:55.692987 [debug] [Thread-4 (]: SQL status: CREATE VIEW in 0.027 seconds
[0m22:07:55.693245 [debug] [Thread-2 (]: SQL status: CREATE VIEW in 0.028 seconds
[0m22:07:55.693648 [debug] [Thread-3 (]: Using postgres connection "model.ingatlanmizu.int_listings__current"
[0m22:07:55.693891 [debug] [Thread-1 (]: SQL status: CREATE VIEW in 0.029 seconds
[0m22:07:55.695084 [debug] [Thread-4 (]: Using postgres connection "model.ingatlanmizu.int_listings__time_on_market"
[0m22:07:55.696184 [debug] [Thread-2 (]: Using postgres connection "model.ingatlanmizu.int_listings__monthly"
[0m22:07:55.696427 [debug] [Thread-3 (]: On model.ingatlanmizu.int_listings__current: /* {"app": "dbt", "dbt_version": "1.12.0", "profile_name": "ingatlanmizu", "target_name": "local", "node_id": "model.ingatlanmizu.int_listings__current"} */
drop view if exists "ingatlanmizu"."silver"."int_listings__current__dbt_backup" cascade
[0m22:07:55.697620 [debug] [Thread-1 (]: Using postgres connection "model.ingatlanmizu.int_listings__price_changes"
[0m22:07:55.697869 [debug] [Thread-4 (]: On model.ingatlanmizu.int_listings__time_on_market: /* {"app": "dbt", "dbt_version": "1.12.0", "profile_name": "ingatlanmizu", "target_name": "local", "node_id": "model.ingatlanmizu.int_listings__time_on_market"} */
alter table "ingatlanmizu"."silver"."int_listings__time_on_market__dbt_tmp" rename to "int_listings__time_on_market"
[0m22:07:55.698115 [debug] [Thread-2 (]: On model.ingatlanmizu.int_listings__monthly: /* {"app": "dbt", "dbt_version": "1.12.0", "profile_name": "ingatlanmizu", "target_name": "local", "node_id": "model.ingatlanmizu.int_listings__monthly"} */
alter table "ingatlanmizu"."silver"."int_listings__monthly__dbt_tmp" rename to "int_listings__monthly"
[0m22:07:55.698383 [debug] [Thread-1 (]: On model.ingatlanmizu.int_listings__price_changes: /* {"app": "dbt", "dbt_version": "1.12.0", "profile_name": "ingatlanmizu", "target_name": "local", "node_id": "model.ingatlanmizu.int_listings__price_changes"} */
alter table "ingatlanmizu"."silver"."int_listings__price_changes__dbt_tmp" rename to "int_listings__price_changes"
[0m22:07:55.698601 [debug] [Thread-3 (]: SQL status: DROP VIEW in 0.000 seconds
[0m22:07:55.699424 [debug] [Thread-3 (]: On model.ingatlanmizu.int_listings__current: Close
[0m22:07:55.699653 [debug] [Thread-1 (]: SQL status: ALTER TABLE in 0.001 seconds
[0m22:07:55.699856 [debug] [Thread-2 (]: SQL status: ALTER TABLE in 0.001 seconds
[0m22:07:55.700049 [debug] [Thread-4 (]: SQL status: ALTER TABLE in 0.001 seconds
[0m22:07:55.700397 [debug] [Thread-3 (]: Sending event: {'category': 'dbt', 'action': 'run_model', 'label': '044e9b88-1d80-41a6-9cd0-7a799dcb6f55', 'context': [<snowplow_tracker.self_describing_json.SelfDescribingJson object at 0x1074fa4e0>]}
[0m22:07:55.701221 [debug] [Thread-1 (]: On model.ingatlanmizu.int_listings__price_changes: COMMIT
[0m22:07:55.702051 [debug] [Thread-2 (]: On model.ingatlanmizu.int_listings__monthly: COMMIT
[0m22:07:55.702803 [debug] [Thread-4 (]: On model.ingatlanmizu.int_listings__time_on_market: COMMIT
[0m22:07:55.703179 [info ] [Thread-3 (]: 60 of 102 OK created sql view model silver.int_listings__current ............... [[32mCREATE VIEW[0m in 0.11s]
[0m22:07:55.703467 [debug] [Thread-1 (]: Using postgres connection "model.ingatlanmizu.int_listings__price_changes"
[0m22:07:55.703701 [debug] [Thread-2 (]: Using postgres connection "model.ingatlanmizu.int_listings__monthly"
[0m22:07:55.703917 [debug] [Thread-4 (]: Using postgres connection "model.ingatlanmizu.int_listings__time_on_market"
[0m22:07:55.704215 [debug] [Thread-3 (]: Finished running node model.ingatlanmizu.int_listings__current
[0m22:07:55.704433 [debug] [Thread-1 (]: On model.ingatlanmizu.int_listings__price_changes: COMMIT
[0m22:07:55.704638 [debug] [Thread-2 (]: On model.ingatlanmizu.int_listings__monthly: COMMIT
[0m22:07:55.704846 [debug] [Thread-4 (]: On model.ingatlanmizu.int_listings__time_on_market: COMMIT
[0m22:07:55.705197 [debug] [Thread-3 (]: Began running node test.ingatlanmizu.dbt_utils_unique_combination_of_columns_int_listings__current_listing_key.43e9b83b9e
[0m22:07:55.705526 [info ] [Thread-3 (]: 64 of 102 START test dbt_utils_unique_combination_of_columns_int_listings__current_listing_key  [RUN]
[0m22:07:55.705843 [debug] [Thread-3 (]: Re-using an available connection from the pool (formerly model.ingatlanmizu.int_listings__current, now test.ingatlanmizu.dbt_utils_unique_combination_of_columns_int_listings__current_listing_key.43e9b83b9e)
[0m22:07:55.706075 [debug] [Thread-1 (]: SQL status: COMMIT in 0.001 seconds
[0m22:07:55.706286 [debug] [Thread-2 (]: SQL status: COMMIT in 0.001 seconds
[0m22:07:55.706500 [debug] [Thread-4 (]: SQL status: COMMIT in 0.001 seconds
[0m22:07:55.706710 [debug] [Thread-3 (]: Began compiling node test.ingatlanmizu.dbt_utils_unique_combination_of_columns_int_listings__current_listing_key.43e9b83b9e
[0m22:07:55.707566 [debug] [Thread-1 (]: Applying DROP to: "ingatlanmizu"."silver"."int_listings__price_changes__dbt_backup"
[0m22:07:55.708256 [debug] [Thread-2 (]: Applying DROP to: "ingatlanmizu"."silver"."int_listings__monthly__dbt_backup"
[0m22:07:55.708968 [debug] [Thread-4 (]: Applying DROP to: "ingatlanmizu"."silver"."int_listings__time_on_market__dbt_backup"
[0m22:07:55.714185 [debug] [Thread-3 (]: Writing injected SQL for node "test.ingatlanmizu.dbt_utils_unique_combination_of_columns_int_listings__current_listing_key.43e9b83b9e"
[0m22:07:55.714694 [debug] [Thread-1 (]: Using postgres connection "model.ingatlanmizu.int_listings__price_changes"
[0m22:07:55.715055 [debug] [Thread-2 (]: Using postgres connection "model.ingatlanmizu.int_listings__monthly"
[0m22:07:55.715392 [debug] [Thread-4 (]: Using postgres connection "model.ingatlanmizu.int_listings__time_on_market"
[0m22:07:55.715669 [debug] [Thread-1 (]: On model.ingatlanmizu.int_listings__price_changes: /* {"app": "dbt", "dbt_version": "1.12.0", "profile_name": "ingatlanmizu", "target_name": "local", "node_id": "model.ingatlanmizu.int_listings__price_changes"} */
drop view if exists "ingatlanmizu"."silver"."int_listings__price_changes__dbt_backup" cascade
[0m22:07:55.715910 [debug] [Thread-2 (]: On model.ingatlanmizu.int_listings__monthly: /* {"app": "dbt", "dbt_version": "1.12.0", "profile_name": "ingatlanmizu", "target_name": "local", "node_id": "model.ingatlanmizu.int_listings__monthly"} */
drop view if exists "ingatlanmizu"."silver"."int_listings__monthly__dbt_backup" cascade
[0m22:07:55.716145 [debug] [Thread-4 (]: On model.ingatlanmizu.int_listings__time_on_market: /* {"app": "dbt", "dbt_version": "1.12.0", "profile_name": "ingatlanmizu", "target_name": "local", "node_id": "model.ingatlanmizu.int_listings__time_on_market"} */
drop view if exists "ingatlanmizu"."silver"."int_listings__time_on_market__dbt_backup" cascade
[0m22:07:55.716404 [debug] [Thread-3 (]: Began executing node test.ingatlanmizu.dbt_utils_unique_combination_of_columns_int_listings__current_listing_key.43e9b83b9e
[0m22:07:55.716667 [debug] [Thread-1 (]: SQL status: DROP VIEW in 0.000 seconds
[0m22:07:55.716902 [debug] [Thread-2 (]: SQL status: DROP VIEW in 0.000 seconds
[0m22:07:55.717101 [debug] [Thread-4 (]: SQL status: DROP VIEW in 0.000 seconds
[0m22:07:55.717891 [debug] [Thread-3 (]: Writing runtime sql for node "test.ingatlanmizu.dbt_utils_unique_combination_of_columns_int_listings__current_listing_key.43e9b83b9e"
[0m22:07:55.718603 [debug] [Thread-1 (]: On model.ingatlanmizu.int_listings__price_changes: Close
[0m22:07:55.719237 [debug] [Thread-2 (]: On model.ingatlanmizu.int_listings__monthly: Close
[0m22:07:55.719925 [debug] [Thread-4 (]: On model.ingatlanmizu.int_listings__time_on_market: Close
[0m22:07:55.720333 [debug] [Thread-1 (]: Sending event: {'category': 'dbt', 'action': 'run_model', 'label': '044e9b88-1d80-41a6-9cd0-7a799dcb6f55', 'context': [<snowplow_tracker.self_describing_json.SelfDescribingJson object at 0x1069713a0>]}
[0m22:07:55.720678 [debug] [Thread-2 (]: Sending event: {'category': 'dbt', 'action': 'run_model', 'label': '044e9b88-1d80-41a6-9cd0-7a799dcb6f55', 'context': [<snowplow_tracker.self_describing_json.SelfDescribingJson object at 0x106d5b0e0>]}
[0m22:07:55.721100 [debug] [Thread-4 (]: Sending event: {'category': 'dbt', 'action': 'run_model', 'label': '044e9b88-1d80-41a6-9cd0-7a799dcb6f55', 'context': [<snowplow_tracker.self_describing_json.SelfDescribingJson object at 0x106fb9c40>]}
[0m22:07:55.721645 [debug] [Thread-3 (]: Using postgres connection "test.ingatlanmizu.dbt_utils_unique_combination_of_columns_int_listings__current_listing_key.43e9b83b9e"
[0m22:07:55.722032 [info ] [Thread-1 (]: 61 of 102 OK created sql view model silver.int_listings__price_changes ......... [[32mCREATE VIEW[0m in 0.13s]
[0m22:07:55.722429 [info ] [Thread-2 (]: 62 of 102 OK created sql view model silver.int_listings__monthly ............... [[32mCREATE VIEW[0m in 0.13s]
[0m22:07:55.723019 [debug] [Thread-3 (]: On test.ingatlanmizu.dbt_utils_unique_combination_of_columns_int_listings__current_listing_key.43e9b83b9e: /* {"app": "dbt", "dbt_version": "1.12.0", "profile_name": "ingatlanmizu", "target_name": "local", "node_id": "test.ingatlanmizu.dbt_utils_unique_combination_of_columns_int_listings__current_listing_key.43e9b83b9e"} */

    
    select
      count(*) as failures,
      count(*) != 0 as should_warn,
      count(*) != 0 as should_error
    from (
      
    
  





with validation_errors as (

    select
        listing_key
    from "ingatlanmizu"."silver"."int_listings__current"
    group by listing_key
    having count(*) > 1

)

select *
from validation_errors



  
  
      
    ) dbt_internal_test
[0m22:07:55.722820 [info ] [Thread-4 (]: 63 of 102 OK created sql view model silver.int_listings__time_on_market ........ [[32mCREATE VIEW[0m in 0.13s]
[0m22:07:55.723400 [debug] [Thread-1 (]: Finished running node model.ingatlanmizu.int_listings__price_changes
[0m22:07:55.723686 [debug] [Thread-2 (]: Finished running node model.ingatlanmizu.int_listings__monthly
[0m22:07:55.723913 [debug] [Thread-3 (]: Opening a new connection, currently in state closed
[0m22:07:55.724185 [debug] [Thread-4 (]: Finished running node model.ingatlanmizu.int_listings__time_on_market
[0m22:07:55.724414 [debug] [Thread-1 (]: Began running node test.ingatlanmizu.not_null_int_listings__current_listing_key.ad61725a0d
[0m22:07:55.724739 [debug] [Thread-2 (]: Began running node test.ingatlanmizu.not_null_int_listings__current_source.0e111ad576
[0m22:07:55.725069 [debug] [Thread-4 (]: Began running node test.ingatlanmizu.unique_int_listings__current_listing_key.d6ebb9d6ca
[0m22:07:55.725403 [info ] [Thread-1 (]: 65 of 102 START test not_null_int_listings__current_listing_key ................ [RUN]
[0m22:07:55.725634 [info ] [Thread-2 (]: 66 of 102 START test not_null_int_listings__current_source ..................... [RUN]
[0m22:07:55.725890 [info ] [Thread-4 (]: 67 of 102 START test unique_int_listings__current_listing_key .................. [RUN]
[0m22:07:55.726180 [debug] [Thread-1 (]: Re-using an available connection from the pool (formerly model.ingatlanmizu.int_listings__price_changes, now test.ingatlanmizu.not_null_int_listings__current_listing_key.ad61725a0d)
[0m22:07:55.726418 [debug] [Thread-2 (]: Re-using an available connection from the pool (formerly model.ingatlanmizu.int_listings__monthly, now test.ingatlanmizu.not_null_int_listings__current_source.0e111ad576)
[0m22:07:55.726646 [debug] [Thread-4 (]: Re-using an available connection from the pool (formerly model.ingatlanmizu.int_listings__time_on_market, now test.ingatlanmizu.unique_int_listings__current_listing_key.d6ebb9d6ca)
[0m22:07:55.726853 [debug] [Thread-1 (]: Began compiling node test.ingatlanmizu.not_null_int_listings__current_listing_key.ad61725a0d
[0m22:07:55.727053 [debug] [Thread-2 (]: Began compiling node test.ingatlanmizu.not_null_int_listings__current_source.0e111ad576
[0m22:07:55.727247 [debug] [Thread-4 (]: Began compiling node test.ingatlanmizu.unique_int_listings__current_listing_key.d6ebb9d6ca
[0m22:07:55.730905 [debug] [Thread-1 (]: Writing injected SQL for node "test.ingatlanmizu.not_null_int_listings__current_listing_key.ad61725a0d"
[0m22:07:55.734363 [debug] [Thread-2 (]: Writing injected SQL for node "test.ingatlanmizu.not_null_int_listings__current_source.0e111ad576"
[0m22:07:55.739090 [debug] [Thread-4 (]: Writing injected SQL for node "test.ingatlanmizu.unique_int_listings__current_listing_key.d6ebb9d6ca"
[0m22:07:55.740158 [debug] [Thread-2 (]: Began executing node test.ingatlanmizu.not_null_int_listings__current_source.0e111ad576
[0m22:07:55.740408 [debug] [Thread-1 (]: Began executing node test.ingatlanmizu.not_null_int_listings__current_listing_key.ad61725a0d
[0m22:07:55.740640 [debug] [Thread-3 (]: SQL status: SELECT 1 in 0.017 seconds
[0m22:07:55.740844 [debug] [Thread-4 (]: Began executing node test.ingatlanmizu.unique_int_listings__current_listing_key.d6ebb9d6ca
[0m22:07:55.741607 [debug] [Thread-2 (]: Writing runtime sql for node "test.ingatlanmizu.not_null_int_listings__current_source.0e111ad576"
[0m22:07:55.742381 [debug] [Thread-1 (]: Writing runtime sql for node "test.ingatlanmizu.not_null_int_listings__current_listing_key.ad61725a0d"
[0m22:07:55.743230 [debug] [Thread-3 (]: On test.ingatlanmizu.dbt_utils_unique_combination_of_columns_int_listings__current_listing_key.43e9b83b9e: ROLLBACK
[0m22:07:55.744032 [debug] [Thread-4 (]: Writing runtime sql for node "test.ingatlanmizu.unique_int_listings__current_listing_key.d6ebb9d6ca"
[0m22:07:55.744547 [debug] [Thread-1 (]: Using postgres connection "test.ingatlanmizu.not_null_int_listings__current_listing_key.ad61725a0d"
[0m22:07:55.744799 [debug] [Thread-2 (]: Using postgres connection "test.ingatlanmizu.not_null_int_listings__current_source.0e111ad576"
[0m22:07:55.745039 [debug] [Thread-3 (]: On test.ingatlanmizu.dbt_utils_unique_combination_of_columns_int_listings__current_listing_key.43e9b83b9e: Close
[0m22:07:55.745300 [debug] [Thread-1 (]: On test.ingatlanmizu.not_null_int_listings__current_listing_key.ad61725a0d: /* {"app": "dbt", "dbt_version": "1.12.0", "profile_name": "ingatlanmizu", "target_name": "local", "node_id": "test.ingatlanmizu.not_null_int_listings__current_listing_key.ad61725a0d"} */

    
    select
      count(*) as failures,
      count(*) != 0 as should_warn,
      count(*) != 0 as should_error
    from (
      
    
  
    
    



select listing_key
from "ingatlanmizu"."silver"."int_listings__current"
where listing_key is null



  
  
      
    ) dbt_internal_test
[0m22:07:55.745558 [debug] [Thread-2 (]: On test.ingatlanmizu.not_null_int_listings__current_source.0e111ad576: /* {"app": "dbt", "dbt_version": "1.12.0", "profile_name": "ingatlanmizu", "target_name": "local", "node_id": "test.ingatlanmizu.not_null_int_listings__current_source.0e111ad576"} */

    
    select
      count(*) as failures,
      count(*) != 0 as should_warn,
      count(*) != 0 as should_error
    from (
      
    
  
    
    



select source
from "ingatlanmizu"."silver"."int_listings__current"
where source is null



  
  
      
    ) dbt_internal_test
[0m22:07:55.745805 [debug] [Thread-4 (]: Using postgres connection "test.ingatlanmizu.unique_int_listings__current_listing_key.d6ebb9d6ca"
[0m22:07:55.746319 [debug] [Thread-1 (]: Opening a new connection, currently in state closed
[0m22:07:55.746147 [info ] [Thread-3 (]: 64 of 102 PASS dbt_utils_unique_combination_of_columns_int_listings__current_listing_key  [[32mPASS[0m in 0.04s]
[0m22:07:55.746625 [debug] [Thread-2 (]: Opening a new connection, currently in state closed
[0m22:07:55.746867 [debug] [Thread-4 (]: On test.ingatlanmizu.unique_int_listings__current_listing_key.d6ebb9d6ca: /* {"app": "dbt", "dbt_version": "1.12.0", "profile_name": "ingatlanmizu", "target_name": "local", "node_id": "test.ingatlanmizu.unique_int_listings__current_listing_key.d6ebb9d6ca"} */

    
    select
      count(*) as failures,
      count(*) != 0 as should_warn,
      count(*) != 0 as should_error
    from (
      
    
  
    
    

select
    listing_key as unique_field,
    count(*) as n_records

from "ingatlanmizu"."silver"."int_listings__current"
where listing_key is not null
group by listing_key
having count(*) > 1



  
  
      
    ) dbt_internal_test
[0m22:07:55.747271 [debug] [Thread-3 (]: Finished running node test.ingatlanmizu.dbt_utils_unique_combination_of_columns_int_listings__current_listing_key.43e9b83b9e
[0m22:07:55.747538 [debug] [Thread-4 (]: Opening a new connection, currently in state closed
[0m22:07:55.747788 [debug] [Thread-3 (]: Began running node test.ingatlanmizu.dbt_utils_accepted_range_int_listings__price_changes_new_price_huf__False__0.7e9fb7eed1
[0m22:07:55.748124 [info ] [Thread-3 (]: 68 of 102 START test dbt_utils_accepted_range_int_listings__price_changes_new_price_huf__False__0  [RUN]
[0m22:07:55.748402 [debug] [Thread-3 (]: Re-using an available connection from the pool (formerly test.ingatlanmizu.dbt_utils_unique_combination_of_columns_int_listings__current_listing_key.43e9b83b9e, now test.ingatlanmizu.dbt_utils_accepted_range_int_listings__price_changes_new_price_huf__False__0.7e9fb7eed1)
[0m22:07:55.748631 [debug] [Thread-3 (]: Began compiling node test.ingatlanmizu.dbt_utils_accepted_range_int_listings__price_changes_new_price_huf__False__0.7e9fb7eed1
[0m22:07:55.752358 [debug] [Thread-3 (]: Writing injected SQL for node "test.ingatlanmizu.dbt_utils_accepted_range_int_listings__price_changes_new_price_huf__False__0.7e9fb7eed1"
[0m22:07:55.752775 [debug] [Thread-3 (]: Began executing node test.ingatlanmizu.dbt_utils_accepted_range_int_listings__price_changes_new_price_huf__False__0.7e9fb7eed1
[0m22:07:55.753534 [debug] [Thread-3 (]: Writing runtime sql for node "test.ingatlanmizu.dbt_utils_accepted_range_int_listings__price_changes_new_price_huf__False__0.7e9fb7eed1"
[0m22:07:55.753878 [debug] [Thread-3 (]: Using postgres connection "test.ingatlanmizu.dbt_utils_accepted_range_int_listings__price_changes_new_price_huf__False__0.7e9fb7eed1"
[0m22:07:55.754130 [debug] [Thread-3 (]: On test.ingatlanmizu.dbt_utils_accepted_range_int_listings__price_changes_new_price_huf__False__0.7e9fb7eed1: /* {"app": "dbt", "dbt_version": "1.12.0", "profile_name": "ingatlanmizu", "target_name": "local", "node_id": "test.ingatlanmizu.dbt_utils_accepted_range_int_listings__price_changes_new_price_huf__False__0.7e9fb7eed1"} */

    
    select
      count(*) as failures,
      count(*) != 0 as should_warn,
      count(*) != 0 as should_error
    from (
      
    
  

with meet_condition as(
  select *
  from "ingatlanmizu"."silver"."int_listings__price_changes"
),

validation_errors as (
  select *
  from meet_condition
  where
    -- never true, defaults to an empty result set. Exists to ensure any combo of the `or` clauses below succeeds
    1 = 2
    -- records with a value >= min_value are permitted. The `not` flips this to find records that don't meet the rule.
    or not new_price_huf > 0
)

select *
from validation_errors


  
  
      
    ) dbt_internal_test
[0m22:07:55.754363 [debug] [Thread-3 (]: Opening a new connection, currently in state closed
[0m22:07:55.758741 [debug] [Thread-1 (]: SQL status: SELECT 1 in 0.012 seconds
[0m22:07:55.759047 [debug] [Thread-2 (]: SQL status: SELECT 1 in 0.012 seconds
[0m22:07:55.759950 [debug] [Thread-1 (]: On test.ingatlanmizu.not_null_int_listings__current_listing_key.ad61725a0d: ROLLBACK
[0m22:07:55.760179 [debug] [Thread-4 (]: SQL status: SELECT 1 in 0.013 seconds
[0m22:07:55.760971 [debug] [Thread-2 (]: On test.ingatlanmizu.not_null_int_listings__current_source.0e111ad576: ROLLBACK
[0m22:07:55.761772 [debug] [Thread-4 (]: On test.ingatlanmizu.unique_int_listings__current_listing_key.d6ebb9d6ca: ROLLBACK
[0m22:07:55.761979 [debug] [Thread-1 (]: On test.ingatlanmizu.not_null_int_listings__current_listing_key.ad61725a0d: Close
[0m22:07:55.762584 [debug] [Thread-2 (]: On test.ingatlanmizu.not_null_int_listings__current_source.0e111ad576: Close
[0m22:07:55.762784 [debug] [Thread-4 (]: On test.ingatlanmizu.unique_int_listings__current_listing_key.d6ebb9d6ca: Close
[0m22:07:55.762412 [info ] [Thread-1 (]: 65 of 102 PASS not_null_int_listings__current_listing_key ...................... [[32mPASS[0m in 0.04s]
[0m22:07:55.763279 [info ] [Thread-2 (]: 66 of 102 PASS not_null_int_listings__current_source ........................... [[32mPASS[0m in 0.04s]
[0m22:07:55.763657 [debug] [Thread-1 (]: Finished running node test.ingatlanmizu.not_null_int_listings__current_listing_key.ad61725a0d
[0m22:07:55.764000 [info ] [Thread-4 (]: 67 of 102 PASS unique_int_listings__current_listing_key ........................ [[32mPASS[0m in 0.04s]
[0m22:07:55.764322 [debug] [Thread-2 (]: Finished running node test.ingatlanmizu.not_null_int_listings__current_source.0e111ad576
[0m22:07:55.764589 [debug] [Thread-1 (]: Began running node test.ingatlanmizu.dbt_utils_accepted_range_int_listings__price_changes_previous_price_huf__False__0.bafbe0136e
[0m22:07:55.764924 [debug] [Thread-4 (]: Finished running node test.ingatlanmizu.unique_int_listings__current_listing_key.d6ebb9d6ca
[0m22:07:55.765167 [debug] [Thread-2 (]: Began running node test.ingatlanmizu.dbt_utils_unique_combination_of_columns_int_listings__price_changes_listing_key__previous_price_huf__new_price_huf.cfc8495a17
[0m22:07:55.765401 [debug] [Thread-3 (]: SQL status: SELECT 1 in 0.011 seconds
[0m22:07:55.765628 [info ] [Thread-1 (]: 69 of 102 START test dbt_utils_accepted_range_int_listings__price_changes_previous_price_huf__False__0  [RUN]
[0m22:07:55.765876 [debug] [Thread-4 (]: Began running node test.ingatlanmizu.not_null_int_listings__price_changes_listing_key.758d0ea57b
[0m22:07:55.766116 [info ] [Thread-2 (]: 70 of 102 START test dbt_utils_unique_combination_of_columns_int_listings__price_changes_listing_key__previous_price_huf__new_price_huf  [RUN]
[0m22:07:55.766923 [debug] [Thread-3 (]: On test.ingatlanmizu.dbt_utils_accepted_range_int_listings__price_changes_new_price_huf__False__0.7e9fb7eed1: ROLLBACK
[0m22:07:55.767182 [debug] [Thread-1 (]: Re-using an available connection from the pool (formerly test.ingatlanmizu.not_null_int_listings__current_listing_key.ad61725a0d, now test.ingatlanmizu.dbt_utils_accepted_range_int_listings__price_changes_previous_price_huf__False__0.bafbe0136e)
[0m22:07:55.767398 [info ] [Thread-4 (]: 71 of 102 START test not_null_int_listings__price_changes_listing_key .......... [RUN]
[0m22:07:55.767646 [debug] [Thread-2 (]: Re-using an available connection from the pool (formerly test.ingatlanmizu.not_null_int_listings__current_source.0e111ad576, now test.ingatlanmizu.dbt_utils_unique_combination_of_columns_int_listings__price_changes_listing_key__previous_price_huf__new_price_huf.cfc8495a17)
[0m22:07:55.767902 [debug] [Thread-1 (]: Began compiling node test.ingatlanmizu.dbt_utils_accepted_range_int_listings__price_changes_previous_price_huf__False__0.bafbe0136e
[0m22:07:55.768119 [debug] [Thread-3 (]: On test.ingatlanmizu.dbt_utils_accepted_range_int_listings__price_changes_new_price_huf__False__0.7e9fb7eed1: Close
[0m22:07:55.768371 [debug] [Thread-4 (]: Re-using an available connection from the pool (formerly test.ingatlanmizu.unique_int_listings__current_listing_key.d6ebb9d6ca, now test.ingatlanmizu.not_null_int_listings__price_changes_listing_key.758d0ea57b)
[0m22:07:55.768631 [debug] [Thread-2 (]: Began compiling node test.ingatlanmizu.dbt_utils_unique_combination_of_columns_int_listings__price_changes_listing_key__previous_price_huf__new_price_huf.cfc8495a17
[0m22:07:55.772685 [debug] [Thread-1 (]: Writing injected SQL for node "test.ingatlanmizu.dbt_utils_accepted_range_int_listings__price_changes_previous_price_huf__False__0.bafbe0136e"
[0m22:07:55.773082 [info ] [Thread-3 (]: 68 of 102 PASS dbt_utils_accepted_range_int_listings__price_changes_new_price_huf__False__0  [[32mPASS[0m in 0.02s]
[0m22:07:55.773337 [debug] [Thread-4 (]: Began compiling node test.ingatlanmizu.not_null_int_listings__price_changes_listing_key.758d0ea57b
[0m22:07:55.781430 [debug] [Thread-2 (]: Writing injected SQL for node "test.ingatlanmizu.dbt_utils_unique_combination_of_columns_int_listings__price_changes_listing_key__previous_price_huf__new_price_huf.cfc8495a17"
[0m22:07:55.781831 [debug] [Thread-3 (]: Finished running node test.ingatlanmizu.dbt_utils_accepted_range_int_listings__price_changes_new_price_huf__False__0.7e9fb7eed1
[0m22:07:55.785179 [debug] [Thread-4 (]: Writing injected SQL for node "test.ingatlanmizu.not_null_int_listings__price_changes_listing_key.758d0ea57b"
[0m22:07:55.785532 [debug] [Thread-3 (]: Began running node test.ingatlanmizu.not_null_int_listings__price_changes_new_price_huf.fe9d374c7e
[0m22:07:55.785749 [debug] [Thread-1 (]: Began executing node test.ingatlanmizu.dbt_utils_accepted_range_int_listings__price_changes_previous_price_huf__False__0.bafbe0136e
[0m22:07:55.786090 [info ] [Thread-3 (]: 72 of 102 START test not_null_int_listings__price_changes_new_price_huf ........ [RUN]
[0m22:07:55.786348 [debug] [Thread-2 (]: Began executing node test.ingatlanmizu.dbt_utils_unique_combination_of_columns_int_listings__price_changes_listing_key__previous_price_huf__new_price_huf.cfc8495a17
[0m22:07:55.787124 [debug] [Thread-1 (]: Writing runtime sql for node "test.ingatlanmizu.dbt_utils_accepted_range_int_listings__price_changes_previous_price_huf__False__0.bafbe0136e"
[0m22:07:55.787419 [debug] [Thread-3 (]: Re-using an available connection from the pool (formerly test.ingatlanmizu.dbt_utils_accepted_range_int_listings__price_changes_new_price_huf__False__0.7e9fb7eed1, now test.ingatlanmizu.not_null_int_listings__price_changes_new_price_huf.fe9d374c7e)
[0m22:07:55.787661 [debug] [Thread-4 (]: Began executing node test.ingatlanmizu.not_null_int_listings__price_changes_listing_key.758d0ea57b
[0m22:07:55.788500 [debug] [Thread-2 (]: Writing runtime sql for node "test.ingatlanmizu.dbt_utils_unique_combination_of_columns_int_listings__price_changes_listing_key__previous_price_huf__new_price_huf.cfc8495a17"
[0m22:07:55.788782 [debug] [Thread-3 (]: Began compiling node test.ingatlanmizu.not_null_int_listings__price_changes_new_price_huf.fe9d374c7e
[0m22:07:55.789518 [debug] [Thread-4 (]: Writing runtime sql for node "test.ingatlanmizu.not_null_int_listings__price_changes_listing_key.758d0ea57b"
[0m22:07:55.789761 [debug] [Thread-1 (]: Using postgres connection "test.ingatlanmizu.dbt_utils_accepted_range_int_listings__price_changes_previous_price_huf__False__0.bafbe0136e"
[0m22:07:55.793183 [debug] [Thread-3 (]: Writing injected SQL for node "test.ingatlanmizu.not_null_int_listings__price_changes_new_price_huf.fe9d374c7e"
[0m22:07:55.793546 [debug] [Thread-1 (]: On test.ingatlanmizu.dbt_utils_accepted_range_int_listings__price_changes_previous_price_huf__False__0.bafbe0136e: /* {"app": "dbt", "dbt_version": "1.12.0", "profile_name": "ingatlanmizu", "target_name": "local", "node_id": "test.ingatlanmizu.dbt_utils_accepted_range_int_listings__price_changes_previous_price_huf__False__0.bafbe0136e"} */

    
    select
      count(*) as failures,
      count(*) != 0 as should_warn,
      count(*) != 0 as should_error
    from (
      
    
  

with meet_condition as(
  select *
  from "ingatlanmizu"."silver"."int_listings__price_changes"
),

validation_errors as (
  select *
  from meet_condition
  where
    -- never true, defaults to an empty result set. Exists to ensure any combo of the `or` clauses below succeeds
    1 = 2
    -- records with a value >= min_value are permitted. The `not` flips this to find records that don't meet the rule.
    or not previous_price_huf > 0
)

select *
from validation_errors


  
  
      
    ) dbt_internal_test
[0m22:07:55.793829 [debug] [Thread-2 (]: Using postgres connection "test.ingatlanmizu.dbt_utils_unique_combination_of_columns_int_listings__price_changes_listing_key__previous_price_huf__new_price_huf.cfc8495a17"
[0m22:07:55.794113 [debug] [Thread-4 (]: Using postgres connection "test.ingatlanmizu.not_null_int_listings__price_changes_listing_key.758d0ea57b"
[0m22:07:55.794325 [debug] [Thread-1 (]: Opening a new connection, currently in state closed
[0m22:07:55.794603 [debug] [Thread-2 (]: On test.ingatlanmizu.dbt_utils_unique_combination_of_columns_int_listings__price_changes_listing_key__previous_price_huf__new_price_huf.cfc8495a17: /* {"app": "dbt", "dbt_version": "1.12.0", "profile_name": "ingatlanmizu", "target_name": "local", "node_id": "test.ingatlanmizu.dbt_utils_unique_combination_of_columns_int_listings__price_changes_listing_key__previous_price_huf__new_price_huf.cfc8495a17"} */

    
    select
      count(*) as failures,
      count(*) != 0 as should_warn,
      count(*) != 0 as should_error
    from (
      
    
  





with validation_errors as (

    select
        listing_key, previous_price_huf, new_price_huf
    from "ingatlanmizu"."silver"."int_listings__price_changes"
    group by listing_key, previous_price_huf, new_price_huf
    having count(*) > 1

)

select *
from validation_errors



  
  
      
    ) dbt_internal_test
[0m22:07:55.794827 [debug] [Thread-3 (]: Began executing node test.ingatlanmizu.not_null_int_listings__price_changes_new_price_huf.fe9d374c7e
[0m22:07:55.795063 [debug] [Thread-4 (]: On test.ingatlanmizu.not_null_int_listings__price_changes_listing_key.758d0ea57b: /* {"app": "dbt", "dbt_version": "1.12.0", "profile_name": "ingatlanmizu", "target_name": "local", "node_id": "test.ingatlanmizu.not_null_int_listings__price_changes_listing_key.758d0ea57b"} */

    
    select
      count(*) as failures,
      count(*) != 0 as should_warn,
      count(*) != 0 as should_error
    from (
      
    
  
    
    



select listing_key
from "ingatlanmizu"."silver"."int_listings__price_changes"
where listing_key is null



  
  
      
    ) dbt_internal_test
[0m22:07:55.795384 [debug] [Thread-2 (]: Opening a new connection, currently in state closed
[0m22:07:55.796151 [debug] [Thread-3 (]: Writing runtime sql for node "test.ingatlanmizu.not_null_int_listings__price_changes_new_price_huf.fe9d374c7e"
[0m22:07:55.796407 [debug] [Thread-4 (]: Opening a new connection, currently in state closed
[0m22:07:55.796854 [debug] [Thread-3 (]: Using postgres connection "test.ingatlanmizu.not_null_int_listings__price_changes_new_price_huf.fe9d374c7e"
[0m22:07:55.797078 [debug] [Thread-3 (]: On test.ingatlanmizu.not_null_int_listings__price_changes_new_price_huf.fe9d374c7e: /* {"app": "dbt", "dbt_version": "1.12.0", "profile_name": "ingatlanmizu", "target_name": "local", "node_id": "test.ingatlanmizu.not_null_int_listings__price_changes_new_price_huf.fe9d374c7e"} */

    
    select
      count(*) as failures,
      count(*) != 0 as should_warn,
      count(*) != 0 as should_error
    from (
      
    
  
    
    



select new_price_huf
from "ingatlanmizu"."silver"."int_listings__price_changes"
where new_price_huf is null



  
  
      
    ) dbt_internal_test
[0m22:07:55.797291 [debug] [Thread-3 (]: Opening a new connection, currently in state closed
[0m22:07:55.812227 [debug] [Thread-4 (]: SQL status: SELECT 1 in 0.016 seconds
[0m22:07:55.813143 [debug] [Thread-4 (]: On test.ingatlanmizu.not_null_int_listings__price_changes_listing_key.758d0ea57b: ROLLBACK
[0m22:07:55.813425 [debug] [Thread-2 (]: SQL status: SELECT 1 in 0.018 seconds
[0m22:07:55.813709 [debug] [Thread-3 (]: SQL status: SELECT 1 in 0.016 seconds
[0m22:07:55.813936 [debug] [Thread-1 (]: SQL status: SELECT 1 in 0.020 seconds
[0m22:07:55.814129 [debug] [Thread-4 (]: On test.ingatlanmizu.not_null_int_listings__price_changes_listing_key.758d0ea57b: Close
[0m22:07:55.814885 [debug] [Thread-2 (]: On test.ingatlanmizu.dbt_utils_unique_combination_of_columns_int_listings__price_changes_listing_key__previous_price_huf__new_price_huf.cfc8495a17: ROLLBACK
[0m22:07:55.815581 [debug] [Thread-3 (]: On test.ingatlanmizu.not_null_int_listings__price_changes_new_price_huf.fe9d374c7e: ROLLBACK
[0m22:07:55.816279 [debug] [Thread-1 (]: On test.ingatlanmizu.dbt_utils_accepted_range_int_listings__price_changes_previous_price_huf__False__0.bafbe0136e: ROLLBACK
[0m22:07:55.816666 [info ] [Thread-4 (]: 71 of 102 PASS not_null_int_listings__price_changes_listing_key ................ [[32mPASS[0m in 0.05s]
[0m22:07:55.817142 [debug] [Thread-4 (]: Finished running node test.ingatlanmizu.not_null_int_listings__price_changes_listing_key.758d0ea57b
[0m22:07:55.817389 [debug] [Thread-2 (]: On test.ingatlanmizu.dbt_utils_unique_combination_of_columns_int_listings__price_changes_listing_key__previous_price_huf__new_price_huf.cfc8495a17: Close
[0m22:07:55.817649 [debug] [Thread-4 (]: Began running node test.ingatlanmizu.not_null_int_listings__price_changes_previous_price_huf.e352144212
[0m22:07:55.817875 [debug] [Thread-3 (]: On test.ingatlanmizu.not_null_int_listings__price_changes_new_price_huf.fe9d374c7e: Close
[0m22:07:55.818148 [debug] [Thread-1 (]: On test.ingatlanmizu.dbt_utils_accepted_range_int_listings__price_changes_previous_price_huf__False__0.bafbe0136e: Close
[0m22:07:55.818496 [info ] [Thread-2 (]: 70 of 102 PASS dbt_utils_unique_combination_of_columns_int_listings__price_changes_listing_key__previous_price_huf__new_price_huf  [[32mPASS[0m in 0.05s]
[0m22:07:55.818762 [info ] [Thread-4 (]: 73 of 102 START test not_null_int_listings__price_changes_previous_price_huf ... [RUN]
[0m22:07:55.819128 [info ] [Thread-3 (]: 72 of 102 PASS not_null_int_listings__price_changes_new_price_huf .............. [[32mPASS[0m in 0.03s]
[0m22:07:55.819507 [debug] [Thread-2 (]: Finished running node test.ingatlanmizu.dbt_utils_unique_combination_of_columns_int_listings__price_changes_listing_key__previous_price_huf__new_price_huf.cfc8495a17
[0m22:07:55.819809 [info ] [Thread-1 (]: 69 of 102 PASS dbt_utils_accepted_range_int_listings__price_changes_previous_price_huf__False__0  [[32mPASS[0m in 0.05s]
[0m22:07:55.820086 [debug] [Thread-4 (]: Re-using an available connection from the pool (formerly test.ingatlanmizu.not_null_int_listings__price_changes_listing_key.758d0ea57b, now test.ingatlanmizu.not_null_int_listings__price_changes_previous_price_huf.e352144212)
[0m22:07:55.820400 [debug] [Thread-3 (]: Finished running node test.ingatlanmizu.not_null_int_listings__price_changes_new_price_huf.fe9d374c7e
[0m22:07:55.820635 [debug] [Thread-2 (]: Began running node test.ingatlanmizu.not_null_int_listings__price_changes_price_change_pct.ef6faa40a5
[0m22:07:55.820959 [debug] [Thread-1 (]: Finished running node test.ingatlanmizu.dbt_utils_accepted_range_int_listings__price_changes_previous_price_huf__False__0.bafbe0136e
[0m22:07:55.821170 [debug] [Thread-4 (]: Began compiling node test.ingatlanmizu.not_null_int_listings__price_changes_previous_price_huf.e352144212
[0m22:07:55.821396 [debug] [Thread-3 (]: Began running node test.ingatlanmizu.not_null_int_listings__price_changes_price_delta_huf.56ccf3bb12
[0m22:07:55.821623 [info ] [Thread-2 (]: 74 of 102 START test not_null_int_listings__price_changes_price_change_pct ..... [RUN]
[0m22:07:55.821897 [debug] [Thread-1 (]: Began running node model.ingatlanmizu.mart_market_monthly
[0m22:07:55.825531 [debug] [Thread-4 (]: Writing injected SQL for node "test.ingatlanmizu.not_null_int_listings__price_changes_previous_price_huf.e352144212"
[0m22:07:55.825836 [info ] [Thread-3 (]: 75 of 102 START test not_null_int_listings__price_changes_price_delta_huf ...... [RUN]
[0m22:07:55.826116 [debug] [Thread-2 (]: Re-using an available connection from the pool (formerly test.ingatlanmizu.dbt_utils_unique_combination_of_columns_int_listings__price_changes_listing_key__previous_price_huf__new_price_huf.cfc8495a17, now test.ingatlanmizu.not_null_int_listings__price_changes_price_change_pct.ef6faa40a5)
[0m22:07:55.826403 [info ] [Thread-1 (]: 76 of 102 START sql table model gold.mart_market_monthly ....................... [RUN]
[0m22:07:55.826760 [debug] [Thread-3 (]: Re-using an available connection from the pool (formerly test.ingatlanmizu.not_null_int_listings__price_changes_new_price_huf.fe9d374c7e, now test.ingatlanmizu.not_null_int_listings__price_changes_price_delta_huf.56ccf3bb12)
[0m22:07:55.827006 [debug] [Thread-2 (]: Began compiling node test.ingatlanmizu.not_null_int_listings__price_changes_price_change_pct.ef6faa40a5
[0m22:07:55.827282 [debug] [Thread-1 (]: Re-using an available connection from the pool (formerly test.ingatlanmizu.dbt_utils_accepted_range_int_listings__price_changes_previous_price_huf__False__0.bafbe0136e, now model.ingatlanmizu.mart_market_monthly)
[0m22:07:55.827503 [debug] [Thread-3 (]: Began compiling node test.ingatlanmizu.not_null_int_listings__price_changes_price_delta_huf.56ccf3bb12
[0m22:07:55.827751 [debug] [Thread-4 (]: Began executing node test.ingatlanmizu.not_null_int_listings__price_changes_previous_price_huf.e352144212
[0m22:07:55.831132 [debug] [Thread-2 (]: Writing injected SQL for node "test.ingatlanmizu.not_null_int_listings__price_changes_price_change_pct.ef6faa40a5"
[0m22:07:55.831372 [debug] [Thread-1 (]: Began compiling node model.ingatlanmizu.mart_market_monthly
[0m22:07:55.834778 [debug] [Thread-3 (]: Writing injected SQL for node "test.ingatlanmizu.not_null_int_listings__price_changes_price_delta_huf.56ccf3bb12"
[0m22:07:55.835583 [debug] [Thread-4 (]: Writing runtime sql for node "test.ingatlanmizu.not_null_int_listings__price_changes_previous_price_huf.e352144212"
[0m22:07:55.836551 [debug] [Thread-1 (]: Writing injected SQL for node "model.ingatlanmizu.mart_market_monthly"
[0m22:07:55.836876 [debug] [Thread-2 (]: Began executing node test.ingatlanmizu.not_null_int_listings__price_changes_price_change_pct.ef6faa40a5
[0m22:07:55.837195 [debug] [Thread-3 (]: Began executing node test.ingatlanmizu.not_null_int_listings__price_changes_price_delta_huf.56ccf3bb12
[0m22:07:55.838072 [debug] [Thread-2 (]: Writing runtime sql for node "test.ingatlanmizu.not_null_int_listings__price_changes_price_change_pct.ef6faa40a5"
[0m22:07:55.838845 [debug] [Thread-3 (]: Writing runtime sql for node "test.ingatlanmizu.not_null_int_listings__price_changes_price_delta_huf.56ccf3bb12"
[0m22:07:55.839091 [debug] [Thread-4 (]: Using postgres connection "test.ingatlanmizu.not_null_int_listings__price_changes_previous_price_huf.e352144212"
[0m22:07:55.839308 [debug] [Thread-1 (]: Began executing node model.ingatlanmizu.mart_market_monthly
[0m22:07:55.839656 [debug] [Thread-4 (]: On test.ingatlanmizu.not_null_int_listings__price_changes_previous_price_huf.e352144212: /* {"app": "dbt", "dbt_version": "1.12.0", "profile_name": "ingatlanmizu", "target_name": "local", "node_id": "test.ingatlanmizu.not_null_int_listings__price_changes_previous_price_huf.e352144212"} */

    
    select
      count(*) as failures,
      count(*) != 0 as should_warn,
      count(*) != 0 as should_error
    from (
      
    
  
    
    



select previous_price_huf
from "ingatlanmizu"."silver"."int_listings__price_changes"
where previous_price_huf is null



  
  
      
    ) dbt_internal_test
[0m22:07:55.839932 [debug] [Thread-2 (]: Using postgres connection "test.ingatlanmizu.not_null_int_listings__price_changes_price_change_pct.ef6faa40a5"
[0m22:07:55.851739 [debug] [Thread-3 (]: Using postgres connection "test.ingatlanmizu.not_null_int_listings__price_changes_price_delta_huf.56ccf3bb12"
[0m22:07:55.851535 [debug] [Thread-1 (]: Writing runtime sql for node "model.ingatlanmizu.mart_market_monthly"
[0m22:07:55.852040 [debug] [Thread-4 (]: Opening a new connection, currently in state closed
[0m22:07:55.852281 [debug] [Thread-2 (]: On test.ingatlanmizu.not_null_int_listings__price_changes_price_change_pct.ef6faa40a5: /* {"app": "dbt", "dbt_version": "1.12.0", "profile_name": "ingatlanmizu", "target_name": "local", "node_id": "test.ingatlanmizu.not_null_int_listings__price_changes_price_change_pct.ef6faa40a5"} */

    
    select
      count(*) as failures,
      count(*) != 0 as should_warn,
      count(*) != 0 as should_error
    from (
      
    
  
    
    



select price_change_pct
from "ingatlanmizu"."silver"."int_listings__price_changes"
where price_change_pct is null



  
  
      
    ) dbt_internal_test
[0m22:07:55.852539 [debug] [Thread-3 (]: On test.ingatlanmizu.not_null_int_listings__price_changes_price_delta_huf.56ccf3bb12: /* {"app": "dbt", "dbt_version": "1.12.0", "profile_name": "ingatlanmizu", "target_name": "local", "node_id": "test.ingatlanmizu.not_null_int_listings__price_changes_price_delta_huf.56ccf3bb12"} */

    
    select
      count(*) as failures,
      count(*) != 0 as should_warn,
      count(*) != 0 as should_error
    from (
      
    
  
    
    



select price_delta_huf
from "ingatlanmizu"."silver"."int_listings__price_changes"
where price_delta_huf is null



  
  
      
    ) dbt_internal_test
[0m22:07:55.852895 [debug] [Thread-2 (]: Opening a new connection, currently in state closed
[0m22:07:55.853124 [debug] [Thread-1 (]: Using postgres connection "model.ingatlanmizu.mart_market_monthly"
[0m22:07:55.853335 [debug] [Thread-3 (]: Opening a new connection, currently in state closed
[0m22:07:55.853640 [debug] [Thread-1 (]: On model.ingatlanmizu.mart_market_monthly: /* {"app": "dbt", "dbt_version": "1.12.0", "profile_name": "ingatlanmizu", "target_name": "local", "node_id": "model.ingatlanmizu.mart_market_monthly"} */

  
    

  create  table "ingatlanmizu"."gold"."mart_market_monthly__dbt_tmp"
  
  
    as
  
  (
    select
	listings.month_start as month_start,
	listings.city as city,
	listings.main_type as main_type,
	listings.sub_type as sub_type,
	count(*) as listing_count,
	
	percentile_cont(0.5) within group (
		order by listings.price_huf::numeric / nullif(listings.area_sqm, 0)
	)::int as median_price_per_sqm,
	
	percentile_cont(0.25) within group (
		order by listings.price_huf::numeric / nullif(listings.area_sqm, 0)
	)::int as p25_median_price_per_sqm,
	
	percentile_cont(0.75) within group (
		order by listings.price_huf::numeric / nullif(listings.area_sqm, 0)
	)::int as p75_median_price_per_sqm
	
from "ingatlanmizu"."silver"."int_listings__monthly" as listings
where listings.price_huf is not null
and listings.area_sqm is not null
group by 1, 2, 3, 4
  );
  
[0m22:07:55.853944 [debug] [Thread-1 (]: Opening a new connection, currently in state closed
[0m22:07:55.868135 [debug] [Thread-4 (]: SQL status: SELECT 1 in 0.016 seconds
[0m22:07:55.868433 [debug] [Thread-2 (]: SQL status: SELECT 1 in 0.016 seconds
[0m22:07:55.868681 [debug] [Thread-3 (]: SQL status: SELECT 1 in 0.015 seconds
[0m22:07:55.869622 [debug] [Thread-4 (]: On test.ingatlanmizu.not_null_int_listings__price_changes_previous_price_huf.e352144212: ROLLBACK
[0m22:07:55.870387 [debug] [Thread-2 (]: On test.ingatlanmizu.not_null_int_listings__price_changes_price_change_pct.ef6faa40a5: ROLLBACK
[0m22:07:55.871187 [debug] [Thread-3 (]: On test.ingatlanmizu.not_null_int_listings__price_changes_price_delta_huf.56ccf3bb12: ROLLBACK
[0m22:07:55.871674 [debug] [Thread-3 (]: On test.ingatlanmizu.not_null_int_listings__price_changes_price_delta_huf.56ccf3bb12: Close
[0m22:07:55.871890 [debug] [Thread-2 (]: On test.ingatlanmizu.not_null_int_listings__price_changes_price_change_pct.ef6faa40a5: Close
[0m22:07:55.872103 [debug] [Thread-4 (]: On test.ingatlanmizu.not_null_int_listings__price_changes_previous_price_huf.e352144212: Close
[0m22:07:55.872497 [info ] [Thread-3 (]: 75 of 102 PASS not_null_int_listings__price_changes_price_delta_huf ............ [[32mPASS[0m in 0.05s]
[0m22:07:55.872935 [info ] [Thread-2 (]: 74 of 102 PASS not_null_int_listings__price_changes_price_change_pct ........... [[32mPASS[0m in 0.05s]
[0m22:07:55.873304 [debug] [Thread-3 (]: Finished running node test.ingatlanmizu.not_null_int_listings__price_changes_price_delta_huf.56ccf3bb12
[0m22:07:55.873630 [info ] [Thread-4 (]: 73 of 102 PASS not_null_int_listings__price_changes_previous_price_huf ......... [[32mPASS[0m in 0.05s]
[0m22:07:55.873960 [debug] [Thread-2 (]: Finished running node test.ingatlanmizu.not_null_int_listings__price_changes_price_change_pct.ef6faa40a5
[0m22:07:55.874255 [debug] [Thread-3 (]: Began running node test.ingatlanmizu.dbt_utils_accepted_range_int_listings__time_on_market_days_on_market__1000__1.68670884e3
[0m22:07:55.874579 [debug] [Thread-4 (]: Finished running node test.ingatlanmizu.not_null_int_listings__price_changes_previous_price_huf.e352144212
[0m22:07:55.874822 [debug] [Thread-2 (]: Began running node test.ingatlanmizu.dbt_utils_accepted_range_int_listings__time_on_market_times_observed__1000__1.ec76e71ad8
[0m22:07:55.875077 [info ] [Thread-3 (]: 77 of 102 START test dbt_utils_accepted_range_int_listings__time_on_market_days_on_market__1000__1  [RUN]
[0m22:07:55.875323 [debug] [Thread-4 (]: Began running node test.ingatlanmizu.dbt_utils_expression_is_true_int_listings__time_on_market_first_seen_at_last_seen_at.25f1b7951e
[0m22:07:55.875606 [info ] [Thread-2 (]: 78 of 102 START test dbt_utils_accepted_range_int_listings__time_on_market_times_observed__1000__1  [RUN]
[0m22:07:55.875879 [debug] [Thread-3 (]: Re-using an available connection from the pool (formerly test.ingatlanmizu.not_null_int_listings__price_changes_price_delta_huf.56ccf3bb12, now test.ingatlanmizu.dbt_utils_accepted_range_int_listings__time_on_market_days_on_market__1000__1.68670884e3)
[0m22:07:55.876110 [info ] [Thread-4 (]: 79 of 102 START test dbt_utils_expression_is_true_int_listings__time_on_market_first_seen_at_last_seen_at  [RUN]
[0m22:07:55.876374 [debug] [Thread-2 (]: Re-using an available connection from the pool (formerly test.ingatlanmizu.not_null_int_listings__price_changes_price_change_pct.ef6faa40a5, now test.ingatlanmizu.dbt_utils_accepted_range_int_listings__time_on_market_times_observed__1000__1.ec76e71ad8)
[0m22:07:55.876607 [debug] [Thread-3 (]: Began compiling node test.ingatlanmizu.dbt_utils_accepted_range_int_listings__time_on_market_days_on_market__1000__1.68670884e3
[0m22:07:55.876844 [debug] [Thread-4 (]: Re-using an available connection from the pool (formerly test.ingatlanmizu.not_null_int_listings__price_changes_previous_price_huf.e352144212, now test.ingatlanmizu.dbt_utils_expression_is_true_int_listings__time_on_market_first_seen_at_last_seen_at.25f1b7951e)
[0m22:07:55.877058 [debug] [Thread-2 (]: Began compiling node test.ingatlanmizu.dbt_utils_accepted_range_int_listings__time_on_market_times_observed__1000__1.ec76e71ad8
[0m22:07:55.880762 [debug] [Thread-3 (]: Writing injected SQL for node "test.ingatlanmizu.dbt_utils_accepted_range_int_listings__time_on_market_days_on_market__1000__1.68670884e3"
[0m22:07:55.881004 [debug] [Thread-1 (]: SQL status: SELECT 36 in 0.027 seconds
[0m22:07:55.881234 [debug] [Thread-4 (]: Began compiling node test.ingatlanmizu.dbt_utils_expression_is_true_int_listings__time_on_market_first_seen_at_last_seen_at.25f1b7951e
[0m22:07:55.884838 [debug] [Thread-2 (]: Writing injected SQL for node "test.ingatlanmizu.dbt_utils_accepted_range_int_listings__time_on_market_times_observed__1000__1.ec76e71ad8"
[0m22:07:55.887900 [debug] [Thread-1 (]: Using postgres connection "model.ingatlanmizu.mart_market_monthly"
[0m22:07:55.895361 [debug] [Thread-4 (]: Writing injected SQL for node "test.ingatlanmizu.dbt_utils_expression_is_true_int_listings__time_on_market_first_seen_at_last_seen_at.25f1b7951e"
[0m22:07:55.895616 [debug] [Thread-3 (]: Began executing node test.ingatlanmizu.dbt_utils_accepted_range_int_listings__time_on_market_days_on_market__1000__1.68670884e3
[0m22:07:55.895931 [debug] [Thread-1 (]: On model.ingatlanmizu.mart_market_monthly: /* {"app": "dbt", "dbt_version": "1.12.0", "profile_name": "ingatlanmizu", "target_name": "local", "node_id": "model.ingatlanmizu.mart_market_monthly"} */
alter table "ingatlanmizu"."gold"."mart_market_monthly" rename to "mart_market_monthly__dbt_backup"
[0m22:07:55.896857 [debug] [Thread-3 (]: Writing runtime sql for node "test.ingatlanmizu.dbt_utils_accepted_range_int_listings__time_on_market_days_on_market__1000__1.68670884e3"
[0m22:07:55.897236 [debug] [Thread-4 (]: Began executing node test.ingatlanmizu.dbt_utils_expression_is_true_int_listings__time_on_market_first_seen_at_last_seen_at.25f1b7951e
[0m22:07:55.897463 [debug] [Thread-2 (]: Began executing node test.ingatlanmizu.dbt_utils_accepted_range_int_listings__time_on_market_times_observed__1000__1.ec76e71ad8
[0m22:07:55.897704 [debug] [Thread-1 (]: SQL status: ALTER TABLE in 0.001 seconds
[0m22:07:55.898586 [debug] [Thread-4 (]: Writing runtime sql for node "test.ingatlanmizu.dbt_utils_expression_is_true_int_listings__time_on_market_first_seen_at_last_seen_at.25f1b7951e"
[0m22:07:55.899377 [debug] [Thread-2 (]: Writing runtime sql for node "test.ingatlanmizu.dbt_utils_accepted_range_int_listings__time_on_market_times_observed__1000__1.ec76e71ad8"
[0m22:07:55.899625 [debug] [Thread-3 (]: Using postgres connection "test.ingatlanmizu.dbt_utils_accepted_range_int_listings__time_on_market_days_on_market__1000__1.68670884e3"
[0m22:07:55.900657 [debug] [Thread-1 (]: Using postgres connection "model.ingatlanmizu.mart_market_monthly"
[0m22:07:55.901041 [debug] [Thread-3 (]: On test.ingatlanmizu.dbt_utils_accepted_range_int_listings__time_on_market_days_on_market__1000__1.68670884e3: /* {"app": "dbt", "dbt_version": "1.12.0", "profile_name": "ingatlanmizu", "target_name": "local", "node_id": "test.ingatlanmizu.dbt_utils_accepted_range_int_listings__time_on_market_days_on_market__1000__1.68670884e3"} */

    
    select
      count(*) as failures,
      count(*) != 0 as should_warn,
      count(*) != 0 as should_error
    from (
      
    
  

with meet_condition as(
  select *
  from "ingatlanmizu"."silver"."int_listings__time_on_market"
),

validation_errors as (
  select *
  from meet_condition
  where
    -- never true, defaults to an empty result set. Exists to ensure any combo of the `or` clauses below succeeds
    1 = 2
    -- records with a value >= min_value are permitted. The `not` flips this to find records that don't meet the rule.
    or not days_on_market >= 1
    -- records with a value <= max_value are permitted. The `not` flips this to find records that don't meet the rule.
    or not days_on_market <= 1000
)

select *
from validation_errors


  
  
      
    ) dbt_internal_test
[0m22:07:55.901320 [debug] [Thread-4 (]: Using postgres connection "test.ingatlanmizu.dbt_utils_expression_is_true_int_listings__time_on_market_first_seen_at_last_seen_at.25f1b7951e"
[0m22:07:55.901556 [debug] [Thread-1 (]: On model.ingatlanmizu.mart_market_monthly: /* {"app": "dbt", "dbt_version": "1.12.0", "profile_name": "ingatlanmizu", "target_name": "local", "node_id": "model.ingatlanmizu.mart_market_monthly"} */
alter table "ingatlanmizu"."gold"."mart_market_monthly__dbt_tmp" rename to "mart_market_monthly"
[0m22:07:55.901788 [debug] [Thread-2 (]: Using postgres connection "test.ingatlanmizu.dbt_utils_accepted_range_int_listings__time_on_market_times_observed__1000__1.ec76e71ad8"
[0m22:07:55.901998 [debug] [Thread-3 (]: Opening a new connection, currently in state closed
[0m22:07:55.902253 [debug] [Thread-4 (]: On test.ingatlanmizu.dbt_utils_expression_is_true_int_listings__time_on_market_first_seen_at_last_seen_at.25f1b7951e: /* {"app": "dbt", "dbt_version": "1.12.0", "profile_name": "ingatlanmizu", "target_name": "local", "node_id": "test.ingatlanmizu.dbt_utils_expression_is_true_int_listings__time_on_market_first_seen_at_last_seen_at.25f1b7951e"} */

    
    select
      count(*) as failures,
      count(*) != 0 as should_warn,
      count(*) != 0 as should_error
    from (
      
    
  



select
    1
from "ingatlanmizu"."silver"."int_listings__time_on_market"

where not(first_seen_at <= last_seen_at)


  
  
      
    ) dbt_internal_test
[0m22:07:55.902549 [debug] [Thread-2 (]: On test.ingatlanmizu.dbt_utils_accepted_range_int_listings__time_on_market_times_observed__1000__1.ec76e71ad8: /* {"app": "dbt", "dbt_version": "1.12.0", "profile_name": "ingatlanmizu", "target_name": "local", "node_id": "test.ingatlanmizu.dbt_utils_accepted_range_int_listings__time_on_market_times_observed__1000__1.ec76e71ad8"} */

    
    select
      count(*) as failures,
      count(*) != 0 as should_warn,
      count(*) != 0 as should_error
    from (
      
    
  

with meet_condition as(
  select *
  from "ingatlanmizu"."silver"."int_listings__time_on_market"
),

validation_errors as (
  select *
  from meet_condition
  where
    -- never true, defaults to an empty result set. Exists to ensure any combo of the `or` clauses below succeeds
    1 = 2
    -- records with a value >= min_value are permitted. The `not` flips this to find records that don't meet the rule.
    or not times_observed >= 1
    -- records with a value <= max_value are permitted. The `not` flips this to find records that don't meet the rule.
    or not times_observed <= 1000
)

select *
from validation_errors


  
  
      
    ) dbt_internal_test
[0m22:07:55.902868 [debug] [Thread-4 (]: Opening a new connection, currently in state closed
[0m22:07:55.903177 [debug] [Thread-1 (]: SQL status: ALTER TABLE in 0.001 seconds
[0m22:07:55.903396 [debug] [Thread-2 (]: Opening a new connection, currently in state closed
[0m22:07:55.904348 [debug] [Thread-1 (]: On model.ingatlanmizu.mart_market_monthly: COMMIT
[0m22:07:55.904646 [debug] [Thread-1 (]: Using postgres connection "model.ingatlanmizu.mart_market_monthly"
[0m22:07:55.904867 [debug] [Thread-1 (]: On model.ingatlanmizu.mart_market_monthly: COMMIT
[0m22:07:55.905731 [debug] [Thread-1 (]: SQL status: COMMIT in 0.001 seconds
[0m22:07:55.906525 [debug] [Thread-1 (]: Applying DROP to: "ingatlanmizu"."gold"."mart_market_monthly__dbt_backup"
[0m22:07:55.908129 [debug] [Thread-1 (]: Using postgres connection "model.ingatlanmizu.mart_market_monthly"
[0m22:07:55.908375 [debug] [Thread-1 (]: On model.ingatlanmizu.mart_market_monthly: /* {"app": "dbt", "dbt_version": "1.12.0", "profile_name": "ingatlanmizu", "target_name": "local", "node_id": "model.ingatlanmizu.mart_market_monthly"} */
drop table if exists "ingatlanmizu"."gold"."mart_market_monthly__dbt_backup" cascade
[0m22:07:55.912144 [debug] [Thread-1 (]: SQL status: DROP TABLE in 0.004 seconds
[0m22:07:55.912398 [debug] [Thread-3 (]: SQL status: SELECT 1 in 0.010 seconds
[0m22:07:55.913238 [debug] [Thread-1 (]: On model.ingatlanmizu.mart_market_monthly: Close
[0m22:07:55.913477 [debug] [Thread-2 (]: SQL status: SELECT 1 in 0.010 seconds
[0m22:07:55.913724 [debug] [Thread-4 (]: SQL status: SELECT 1 in 0.011 seconds
[0m22:07:55.914539 [debug] [Thread-3 (]: On test.ingatlanmizu.dbt_utils_accepted_range_int_listings__time_on_market_days_on_market__1000__1.68670884e3: ROLLBACK
[0m22:07:55.914914 [debug] [Thread-1 (]: Sending event: {'category': 'dbt', 'action': 'run_model', 'label': '044e9b88-1d80-41a6-9cd0-7a799dcb6f55', 'context': [<snowplow_tracker.self_describing_json.SelfDescribingJson object at 0x107484f80>]}
[0m22:07:55.915708 [debug] [Thread-2 (]: On test.ingatlanmizu.dbt_utils_accepted_range_int_listings__time_on_market_times_observed__1000__1.ec76e71ad8: ROLLBACK
[0m22:07:55.916462 [debug] [Thread-4 (]: On test.ingatlanmizu.dbt_utils_expression_is_true_int_listings__time_on_market_first_seen_at_last_seen_at.25f1b7951e: ROLLBACK
[0m22:07:55.917059 [debug] [Thread-3 (]: On test.ingatlanmizu.dbt_utils_accepted_range_int_listings__time_on_market_days_on_market__1000__1.68670884e3: Close
[0m22:07:55.916874 [info ] [Thread-1 (]: 76 of 102 OK created sql table model gold.mart_market_monthly .................. [[32mSELECT 36[0m in 0.09s]
[0m22:07:55.917794 [debug] [Thread-1 (]: Finished running node model.ingatlanmizu.mart_market_monthly
[0m22:07:55.918003 [debug] [Thread-4 (]: On test.ingatlanmizu.dbt_utils_expression_is_true_int_listings__time_on_market_first_seen_at_last_seen_at.25f1b7951e: Close
[0m22:07:55.917537 [info ] [Thread-3 (]: 77 of 102 PASS dbt_utils_accepted_range_int_listings__time_on_market_days_on_market__1000__1  [[32mPASS[0m in 0.04s]
[0m22:07:55.918264 [debug] [Thread-2 (]: On test.ingatlanmizu.dbt_utils_accepted_range_int_listings__time_on_market_times_observed__1000__1.ec76e71ad8: Close
[0m22:07:55.918500 [debug] [Thread-1 (]: Began running node test.ingatlanmizu.dbt_utils_unique_combination_of_columns_int_listings__time_on_market_listing_key.4a4d3b49fd
[0m22:07:55.918922 [info ] [Thread-4 (]: 79 of 102 PASS dbt_utils_expression_is_true_int_listings__time_on_market_first_seen_at_last_seen_at  [[32mPASS[0m in 0.04s]
[0m22:07:55.919238 [debug] [Thread-3 (]: Finished running node test.ingatlanmizu.dbt_utils_accepted_range_int_listings__time_on_market_days_on_market__1000__1.68670884e3
[0m22:07:55.919568 [info ] [Thread-2 (]: 78 of 102 PASS dbt_utils_accepted_range_int_listings__time_on_market_times_observed__1000__1  [[32mPASS[0m in 0.04s]
[0m22:07:55.919746 [info ] [Thread-1 (]: 80 of 102 START test dbt_utils_unique_combination_of_columns_int_listings__time_on_market_listing_key  [RUN]
[0m22:07:55.920106 [debug] [Thread-4 (]: Finished running node test.ingatlanmizu.dbt_utils_expression_is_true_int_listings__time_on_market_first_seen_at_last_seen_at.25f1b7951e
[0m22:07:55.920335 [debug] [Thread-3 (]: Began running node test.ingatlanmizu.not_empty_int_listings__time_on_market_listing_key.c68831c381
[0m22:07:55.920644 [debug] [Thread-2 (]: Finished running node test.ingatlanmizu.dbt_utils_accepted_range_int_listings__time_on_market_times_observed__1000__1.ec76e71ad8
[0m22:07:55.920889 [debug] [Thread-1 (]: Re-using an available connection from the pool (formerly model.ingatlanmizu.mart_market_monthly, now test.ingatlanmizu.dbt_utils_unique_combination_of_columns_int_listings__time_on_market_listing_key.4a4d3b49fd)
[0m22:07:55.921144 [debug] [Thread-4 (]: Began running node test.ingatlanmizu.not_empty_int_listings__time_on_market_source.ee66b7ce04
[0m22:07:55.921428 [info ] [Thread-3 (]: 81 of 102 START test not_empty_int_listings__time_on_market_listing_key ........ [RUN]
[0m22:07:55.921674 [debug] [Thread-2 (]: Began running node test.ingatlanmizu.not_null_int_listings__time_on_market_first_seen_at.92fa524faa
[0m22:07:55.921904 [debug] [Thread-1 (]: Began compiling node test.ingatlanmizu.dbt_utils_unique_combination_of_columns_int_listings__time_on_market_listing_key.4a4d3b49fd
[0m22:07:55.922124 [info ] [Thread-4 (]: 82 of 102 START test not_empty_int_listings__time_on_market_source ............. [RUN]
[0m22:07:55.922373 [debug] [Thread-3 (]: Re-using an available connection from the pool (formerly test.ingatlanmizu.dbt_utils_accepted_range_int_listings__time_on_market_days_on_market__1000__1.68670884e3, now test.ingatlanmizu.not_empty_int_listings__time_on_market_listing_key.c68831c381)
[0m22:07:55.922592 [info ] [Thread-2 (]: 83 of 102 START test not_null_int_listings__time_on_market_first_seen_at ....... [RUN]
[0m22:07:55.926217 [debug] [Thread-1 (]: Writing injected SQL for node "test.ingatlanmizu.dbt_utils_unique_combination_of_columns_int_listings__time_on_market_listing_key.4a4d3b49fd"
[0m22:07:55.926536 [debug] [Thread-4 (]: Re-using an available connection from the pool (formerly test.ingatlanmizu.dbt_utils_expression_is_true_int_listings__time_on_market_first_seen_at_last_seen_at.25f1b7951e, now test.ingatlanmizu.not_empty_int_listings__time_on_market_source.ee66b7ce04)
[0m22:07:55.926772 [debug] [Thread-3 (]: Began compiling node test.ingatlanmizu.not_empty_int_listings__time_on_market_listing_key.c68831c381
[0m22:07:55.926996 [debug] [Thread-2 (]: Re-using an available connection from the pool (formerly test.ingatlanmizu.dbt_utils_accepted_range_int_listings__time_on_market_times_observed__1000__1.ec76e71ad8, now test.ingatlanmizu.not_null_int_listings__time_on_market_first_seen_at.92fa524faa)
[0m22:07:55.927356 [debug] [Thread-4 (]: Began compiling node test.ingatlanmizu.not_empty_int_listings__time_on_market_source.ee66b7ce04
[0m22:07:55.930804 [debug] [Thread-3 (]: Writing injected SQL for node "test.ingatlanmizu.not_empty_int_listings__time_on_market_listing_key.c68831c381"
[0m22:07:55.931075 [debug] [Thread-2 (]: Began compiling node test.ingatlanmizu.not_null_int_listings__time_on_market_first_seen_at.92fa524faa
[0m22:07:55.931299 [debug] [Thread-1 (]: Began executing node test.ingatlanmizu.dbt_utils_unique_combination_of_columns_int_listings__time_on_market_listing_key.4a4d3b49fd
[0m22:07:55.934456 [debug] [Thread-4 (]: Writing injected SQL for node "test.ingatlanmizu.not_empty_int_listings__time_on_market_source.ee66b7ce04"
[0m22:07:55.939013 [debug] [Thread-2 (]: Writing injected SQL for node "test.ingatlanmizu.not_null_int_listings__time_on_market_first_seen_at.92fa524faa"
[0m22:07:55.939888 [debug] [Thread-1 (]: Writing runtime sql for node "test.ingatlanmizu.dbt_utils_unique_combination_of_columns_int_listings__time_on_market_listing_key.4a4d3b49fd"
[0m22:07:55.940196 [debug] [Thread-3 (]: Began executing node test.ingatlanmizu.not_empty_int_listings__time_on_market_listing_key.c68831c381
[0m22:07:55.940591 [debug] [Thread-4 (]: Began executing node test.ingatlanmizu.not_empty_int_listings__time_on_market_source.ee66b7ce04
[0m22:07:55.941577 [debug] [Thread-3 (]: Writing runtime sql for node "test.ingatlanmizu.not_empty_int_listings__time_on_market_listing_key.c68831c381"
[0m22:07:55.941870 [debug] [Thread-1 (]: Using postgres connection "test.ingatlanmizu.dbt_utils_unique_combination_of_columns_int_listings__time_on_market_listing_key.4a4d3b49fd"
[0m22:07:55.942129 [debug] [Thread-2 (]: Began executing node test.ingatlanmizu.not_null_int_listings__time_on_market_first_seen_at.92fa524faa
[0m22:07:55.942911 [debug] [Thread-4 (]: Writing runtime sql for node "test.ingatlanmizu.not_empty_int_listings__time_on_market_source.ee66b7ce04"
[0m22:07:55.943233 [debug] [Thread-1 (]: On test.ingatlanmizu.dbt_utils_unique_combination_of_columns_int_listings__time_on_market_listing_key.4a4d3b49fd: /* {"app": "dbt", "dbt_version": "1.12.0", "profile_name": "ingatlanmizu", "target_name": "local", "node_id": "test.ingatlanmizu.dbt_utils_unique_combination_of_columns_int_listings__time_on_market_listing_key.4a4d3b49fd"} */

    
    select
      count(*) as failures,
      count(*) != 0 as should_warn,
      count(*) != 0 as should_error
    from (
      
    
  





with validation_errors as (

    select
        listing_key
    from "ingatlanmizu"."silver"."int_listings__time_on_market"
    group by listing_key
    having count(*) > 1

)

select *
from validation_errors



  
  
      
    ) dbt_internal_test
[0m22:07:55.944044 [debug] [Thread-2 (]: Writing runtime sql for node "test.ingatlanmizu.not_null_int_listings__time_on_market_first_seen_at.92fa524faa"
[0m22:07:55.944347 [debug] [Thread-3 (]: Using postgres connection "test.ingatlanmizu.not_empty_int_listings__time_on_market_listing_key.c68831c381"
[0m22:07:55.944579 [debug] [Thread-1 (]: Opening a new connection, currently in state closed
[0m22:07:55.944882 [debug] [Thread-3 (]: On test.ingatlanmizu.not_empty_int_listings__time_on_market_listing_key.c68831c381: /* {"app": "dbt", "dbt_version": "1.12.0", "profile_name": "ingatlanmizu", "target_name": "local", "node_id": "test.ingatlanmizu.not_empty_int_listings__time_on_market_listing_key.c68831c381"} */

    
    select
      count(*) as failures,
      count(*) != 0 as should_warn,
      count(*) != 0 as should_error
    from (
      
    
  

select *
from "ingatlanmizu"."silver"."int_listings__time_on_market"
where trim(listing_key) = ''


  
  
      
    ) dbt_internal_test
[0m22:07:55.945124 [debug] [Thread-4 (]: Using postgres connection "test.ingatlanmizu.not_empty_int_listings__time_on_market_source.ee66b7ce04"
[0m22:07:55.945444 [debug] [Thread-3 (]: Opening a new connection, currently in state closed
[0m22:07:55.945737 [debug] [Thread-2 (]: Using postgres connection "test.ingatlanmizu.not_null_int_listings__time_on_market_first_seen_at.92fa524faa"
[0m22:07:55.945968 [debug] [Thread-4 (]: On test.ingatlanmizu.not_empty_int_listings__time_on_market_source.ee66b7ce04: /* {"app": "dbt", "dbt_version": "1.12.0", "profile_name": "ingatlanmizu", "target_name": "local", "node_id": "test.ingatlanmizu.not_empty_int_listings__time_on_market_source.ee66b7ce04"} */

    
    select
      count(*) as failures,
      count(*) != 0 as should_warn,
      count(*) != 0 as should_error
    from (
      
    
  

select *
from "ingatlanmizu"."silver"."int_listings__time_on_market"
where trim(source) = ''


  
  
      
    ) dbt_internal_test
[0m22:07:55.946274 [debug] [Thread-2 (]: On test.ingatlanmizu.not_null_int_listings__time_on_market_first_seen_at.92fa524faa: /* {"app": "dbt", "dbt_version": "1.12.0", "profile_name": "ingatlanmizu", "target_name": "local", "node_id": "test.ingatlanmizu.not_null_int_listings__time_on_market_first_seen_at.92fa524faa"} */

    
    select
      count(*) as failures,
      count(*) != 0 as should_warn,
      count(*) != 0 as should_error
    from (
      
    
  
    
    



select first_seen_at
from "ingatlanmizu"."silver"."int_listings__time_on_market"
where first_seen_at is null



  
  
      
    ) dbt_internal_test
[0m22:07:55.946503 [debug] [Thread-4 (]: Opening a new connection, currently in state closed
[0m22:07:55.946731 [debug] [Thread-2 (]: Opening a new connection, currently in state closed
[0m22:07:55.959253 [debug] [Thread-3 (]: SQL status: SELECT 1 in 0.014 seconds
[0m22:07:55.959534 [debug] [Thread-1 (]: SQL status: SELECT 1 in 0.015 seconds
[0m22:07:55.959781 [debug] [Thread-4 (]: SQL status: SELECT 1 in 0.013 seconds
[0m22:07:55.960004 [debug] [Thread-2 (]: SQL status: SELECT 1 in 0.013 seconds
[0m22:07:55.960859 [debug] [Thread-3 (]: On test.ingatlanmizu.not_empty_int_listings__time_on_market_listing_key.c68831c381: ROLLBACK
[0m22:07:55.961580 [debug] [Thread-1 (]: On test.ingatlanmizu.dbt_utils_unique_combination_of_columns_int_listings__time_on_market_listing_key.4a4d3b49fd: ROLLBACK
[0m22:07:55.962308 [debug] [Thread-4 (]: On test.ingatlanmizu.not_empty_int_listings__time_on_market_source.ee66b7ce04: ROLLBACK
[0m22:07:55.962977 [debug] [Thread-2 (]: On test.ingatlanmizu.not_null_int_listings__time_on_market_first_seen_at.92fa524faa: ROLLBACK
[0m22:07:55.963496 [debug] [Thread-3 (]: On test.ingatlanmizu.not_empty_int_listings__time_on_market_listing_key.c68831c381: Close
[0m22:07:55.963738 [debug] [Thread-2 (]: On test.ingatlanmizu.not_null_int_listings__time_on_market_first_seen_at.92fa524faa: Close
[0m22:07:55.963977 [debug] [Thread-4 (]: On test.ingatlanmizu.not_empty_int_listings__time_on_market_source.ee66b7ce04: Close
[0m22:07:55.964318 [info ] [Thread-3 (]: 81 of 102 PASS not_empty_int_listings__time_on_market_listing_key .............. [[32mPASS[0m in 0.04s]
[0m22:07:55.964557 [debug] [Thread-1 (]: On test.ingatlanmizu.dbt_utils_unique_combination_of_columns_int_listings__time_on_market_listing_key.4a4d3b49fd: Close
[0m22:07:55.964934 [info ] [Thread-2 (]: 83 of 102 PASS not_null_int_listings__time_on_market_first_seen_at ............. [[32mPASS[0m in 0.04s]
[0m22:07:55.965293 [info ] [Thread-4 (]: 82 of 102 PASS not_empty_int_listings__time_on_market_source ................... [[32mPASS[0m in 0.04s]
[0m22:07:55.965631 [debug] [Thread-3 (]: Finished running node test.ingatlanmizu.not_empty_int_listings__time_on_market_listing_key.c68831c381
[0m22:07:55.965961 [info ] [Thread-1 (]: 80 of 102 PASS dbt_utils_unique_combination_of_columns_int_listings__time_on_market_listing_key  [[32mPASS[0m in 0.05s]
[0m22:07:55.966266 [debug] [Thread-2 (]: Finished running node test.ingatlanmizu.not_null_int_listings__time_on_market_first_seen_at.92fa524faa
[0m22:07:55.966581 [debug] [Thread-4 (]: Finished running node test.ingatlanmizu.not_empty_int_listings__time_on_market_source.ee66b7ce04
[0m22:07:55.966852 [debug] [Thread-3 (]: Began running node test.ingatlanmizu.not_null_int_listings__time_on_market_is_active.b285fdcc05
[0m22:07:55.967219 [debug] [Thread-1 (]: Finished running node test.ingatlanmizu.dbt_utils_unique_combination_of_columns_int_listings__time_on_market_listing_key.4a4d3b49fd
[0m22:07:55.967485 [debug] [Thread-2 (]: Began running node test.ingatlanmizu.not_null_int_listings__time_on_market_last_seen_at.15cdb3c0c1
[0m22:07:55.967740 [debug] [Thread-4 (]: Began running node test.ingatlanmizu.not_null_int_listings__time_on_market_listing_key.2c4fd4fb7b
[0m22:07:55.968011 [info ] [Thread-3 (]: 84 of 102 START test not_null_int_listings__time_on_market_is_active ........... [RUN]
[0m22:07:55.968261 [debug] [Thread-1 (]: Began running node test.ingatlanmizu.not_null_int_listings__time_on_market_source.27f58358d1
[0m22:07:55.968500 [info ] [Thread-2 (]: 85 of 102 START test not_null_int_listings__time_on_market_last_seen_at ........ [RUN]
[0m22:07:55.968758 [info ] [Thread-4 (]: 86 of 102 START test not_null_int_listings__time_on_market_listing_key ......... [RUN]
[0m22:07:55.969073 [debug] [Thread-3 (]: Re-using an available connection from the pool (formerly test.ingatlanmizu.not_empty_int_listings__time_on_market_listing_key.c68831c381, now test.ingatlanmizu.not_null_int_listings__time_on_market_is_active.b285fdcc05)
[0m22:07:55.969353 [info ] [Thread-1 (]: 87 of 102 START test not_null_int_listings__time_on_market_source .............. [RUN]
[0m22:07:55.969633 [debug] [Thread-2 (]: Re-using an available connection from the pool (formerly test.ingatlanmizu.not_null_int_listings__time_on_market_first_seen_at.92fa524faa, now test.ingatlanmizu.not_null_int_listings__time_on_market_last_seen_at.15cdb3c0c1)
[0m22:07:55.969879 [debug] [Thread-4 (]: Re-using an available connection from the pool (formerly test.ingatlanmizu.not_empty_int_listings__time_on_market_source.ee66b7ce04, now test.ingatlanmizu.not_null_int_listings__time_on_market_listing_key.2c4fd4fb7b)
[0m22:07:55.970097 [debug] [Thread-3 (]: Began compiling node test.ingatlanmizu.not_null_int_listings__time_on_market_is_active.b285fdcc05
[0m22:07:55.970324 [debug] [Thread-1 (]: Re-using an available connection from the pool (formerly test.ingatlanmizu.dbt_utils_unique_combination_of_columns_int_listings__time_on_market_listing_key.4a4d3b49fd, now test.ingatlanmizu.not_null_int_listings__time_on_market_source.27f58358d1)
[0m22:07:55.970549 [debug] [Thread-2 (]: Began compiling node test.ingatlanmizu.not_null_int_listings__time_on_market_last_seen_at.15cdb3c0c1
[0m22:07:55.970750 [debug] [Thread-4 (]: Began compiling node test.ingatlanmizu.not_null_int_listings__time_on_market_listing_key.2c4fd4fb7b
[0m22:07:55.974308 [debug] [Thread-3 (]: Writing injected SQL for node "test.ingatlanmizu.not_null_int_listings__time_on_market_is_active.b285fdcc05"
[0m22:07:55.974578 [debug] [Thread-1 (]: Began compiling node test.ingatlanmizu.not_null_int_listings__time_on_market_source.27f58358d1
[0m22:07:55.977820 [debug] [Thread-2 (]: Writing injected SQL for node "test.ingatlanmizu.not_null_int_listings__time_on_market_last_seen_at.15cdb3c0c1"
[0m22:07:55.981137 [debug] [Thread-4 (]: Writing injected SQL for node "test.ingatlanmizu.not_null_int_listings__time_on_market_listing_key.2c4fd4fb7b"
[0m22:07:55.984672 [debug] [Thread-1 (]: Writing injected SQL for node "test.ingatlanmizu.not_null_int_listings__time_on_market_source.27f58358d1"
[0m22:07:55.985121 [debug] [Thread-3 (]: Began executing node test.ingatlanmizu.not_null_int_listings__time_on_market_is_active.b285fdcc05
[0m22:07:55.985452 [debug] [Thread-2 (]: Began executing node test.ingatlanmizu.not_null_int_listings__time_on_market_last_seen_at.15cdb3c0c1
[0m22:07:55.985690 [debug] [Thread-4 (]: Began executing node test.ingatlanmizu.not_null_int_listings__time_on_market_listing_key.2c4fd4fb7b
[0m22:07:55.986463 [debug] [Thread-3 (]: Writing runtime sql for node "test.ingatlanmizu.not_null_int_listings__time_on_market_is_active.b285fdcc05"
[0m22:07:55.987295 [debug] [Thread-2 (]: Writing runtime sql for node "test.ingatlanmizu.not_null_int_listings__time_on_market_last_seen_at.15cdb3c0c1"
[0m22:07:55.987522 [debug] [Thread-1 (]: Began executing node test.ingatlanmizu.not_null_int_listings__time_on_market_source.27f58358d1
[0m22:07:55.988225 [debug] [Thread-4 (]: Writing runtime sql for node "test.ingatlanmizu.not_null_int_listings__time_on_market_listing_key.2c4fd4fb7b"
[0m22:07:55.989014 [debug] [Thread-1 (]: Writing runtime sql for node "test.ingatlanmizu.not_null_int_listings__time_on_market_source.27f58358d1"
[0m22:07:55.989321 [debug] [Thread-3 (]: Using postgres connection "test.ingatlanmizu.not_null_int_listings__time_on_market_is_active.b285fdcc05"
[0m22:07:55.989637 [debug] [Thread-2 (]: Using postgres connection "test.ingatlanmizu.not_null_int_listings__time_on_market_last_seen_at.15cdb3c0c1"
[0m22:07:55.989944 [debug] [Thread-3 (]: On test.ingatlanmizu.not_null_int_listings__time_on_market_is_active.b285fdcc05: /* {"app": "dbt", "dbt_version": "1.12.0", "profile_name": "ingatlanmizu", "target_name": "local", "node_id": "test.ingatlanmizu.not_null_int_listings__time_on_market_is_active.b285fdcc05"} */

    
    select
      count(*) as failures,
      count(*) != 0 as should_warn,
      count(*) != 0 as should_error
    from (
      
    
  
    
    



select is_active
from "ingatlanmizu"."silver"."int_listings__time_on_market"
where is_active is null



  
  
      
    ) dbt_internal_test
[0m22:07:55.990196 [debug] [Thread-4 (]: Using postgres connection "test.ingatlanmizu.not_null_int_listings__time_on_market_listing_key.2c4fd4fb7b"
[0m22:07:55.990407 [debug] [Thread-1 (]: Using postgres connection "test.ingatlanmizu.not_null_int_listings__time_on_market_source.27f58358d1"
[0m22:07:55.990628 [debug] [Thread-2 (]: On test.ingatlanmizu.not_null_int_listings__time_on_market_last_seen_at.15cdb3c0c1: /* {"app": "dbt", "dbt_version": "1.12.0", "profile_name": "ingatlanmizu", "target_name": "local", "node_id": "test.ingatlanmizu.not_null_int_listings__time_on_market_last_seen_at.15cdb3c0c1"} */

    
    select
      count(*) as failures,
      count(*) != 0 as should_warn,
      count(*) != 0 as should_error
    from (
      
    
  
    
    



select last_seen_at
from "ingatlanmizu"."silver"."int_listings__time_on_market"
where last_seen_at is null



  
  
      
    ) dbt_internal_test
[0m22:07:55.990863 [debug] [Thread-3 (]: Opening a new connection, currently in state closed
[0m22:07:55.991077 [debug] [Thread-4 (]: On test.ingatlanmizu.not_null_int_listings__time_on_market_listing_key.2c4fd4fb7b: /* {"app": "dbt", "dbt_version": "1.12.0", "profile_name": "ingatlanmizu", "target_name": "local", "node_id": "test.ingatlanmizu.not_null_int_listings__time_on_market_listing_key.2c4fd4fb7b"} */

    
    select
      count(*) as failures,
      count(*) != 0 as should_warn,
      count(*) != 0 as should_error
    from (
      
    
  
    
    



select listing_key
from "ingatlanmizu"."silver"."int_listings__time_on_market"
where listing_key is null



  
  
      
    ) dbt_internal_test
[0m22:07:55.991310 [debug] [Thread-1 (]: On test.ingatlanmizu.not_null_int_listings__time_on_market_source.27f58358d1: /* {"app": "dbt", "dbt_version": "1.12.0", "profile_name": "ingatlanmizu", "target_name": "local", "node_id": "test.ingatlanmizu.not_null_int_listings__time_on_market_source.27f58358d1"} */

    
    select
      count(*) as failures,
      count(*) != 0 as should_warn,
      count(*) != 0 as should_error
    from (
      
    
  
    
    



select source
from "ingatlanmizu"."silver"."int_listings__time_on_market"
where source is null



  
  
      
    ) dbt_internal_test
[0m22:07:55.991520 [debug] [Thread-2 (]: Opening a new connection, currently in state closed
[0m22:07:55.991783 [debug] [Thread-4 (]: Opening a new connection, currently in state closed
[0m22:07:55.991992 [debug] [Thread-1 (]: Opening a new connection, currently in state closed
[0m22:07:56.002750 [debug] [Thread-4 (]: SQL status: SELECT 1 in 0.011 seconds
[0m22:07:56.003018 [debug] [Thread-2 (]: SQL status: SELECT 1 in 0.011 seconds
[0m22:07:56.003253 [debug] [Thread-3 (]: SQL status: SELECT 1 in 0.012 seconds
[0m22:07:56.003506 [debug] [Thread-1 (]: SQL status: SELECT 1 in 0.011 seconds
[0m22:07:56.004336 [debug] [Thread-4 (]: On test.ingatlanmizu.not_null_int_listings__time_on_market_listing_key.2c4fd4fb7b: ROLLBACK
[0m22:07:56.005074 [debug] [Thread-2 (]: On test.ingatlanmizu.not_null_int_listings__time_on_market_last_seen_at.15cdb3c0c1: ROLLBACK
[0m22:07:56.005761 [debug] [Thread-3 (]: On test.ingatlanmizu.not_null_int_listings__time_on_market_is_active.b285fdcc05: ROLLBACK
[0m22:07:56.006423 [debug] [Thread-1 (]: On test.ingatlanmizu.not_null_int_listings__time_on_market_source.27f58358d1: ROLLBACK
[0m22:07:56.006933 [debug] [Thread-2 (]: On test.ingatlanmizu.not_null_int_listings__time_on_market_last_seen_at.15cdb3c0c1: Close
[0m22:07:56.007167 [debug] [Thread-4 (]: On test.ingatlanmizu.not_null_int_listings__time_on_market_listing_key.2c4fd4fb7b: Close
[0m22:07:56.007390 [debug] [Thread-1 (]: On test.ingatlanmizu.not_null_int_listings__time_on_market_source.27f58358d1: Close
[0m22:07:56.007591 [debug] [Thread-3 (]: On test.ingatlanmizu.not_null_int_listings__time_on_market_is_active.b285fdcc05: Close
[0m22:07:56.007942 [info ] [Thread-2 (]: 85 of 102 PASS not_null_int_listings__time_on_market_last_seen_at .............. [[32mPASS[0m in 0.04s]
[0m22:07:56.008311 [info ] [Thread-4 (]: 86 of 102 PASS not_null_int_listings__time_on_market_listing_key ............... [[32mPASS[0m in 0.04s]
[0m22:07:56.008615 [info ] [Thread-1 (]: 87 of 102 PASS not_null_int_listings__time_on_market_source .................... [[32mPASS[0m in 0.04s]
[0m22:07:56.009043 [info ] [Thread-3 (]: 84 of 102 PASS not_null_int_listings__time_on_market_is_active ................. [[32mPASS[0m in 0.04s]
[0m22:07:56.009395 [debug] [Thread-2 (]: Finished running node test.ingatlanmizu.not_null_int_listings__time_on_market_last_seen_at.15cdb3c0c1
[0m22:07:56.009733 [debug] [Thread-4 (]: Finished running node test.ingatlanmizu.not_null_int_listings__time_on_market_listing_key.2c4fd4fb7b
[0m22:07:56.010042 [debug] [Thread-1 (]: Finished running node test.ingatlanmizu.not_null_int_listings__time_on_market_source.27f58358d1
[0m22:07:56.010333 [debug] [Thread-3 (]: Finished running node test.ingatlanmizu.not_null_int_listings__time_on_market_is_active.b285fdcc05
[0m22:07:56.010571 [debug] [Thread-2 (]: Began running node test.ingatlanmizu.unique_int_listings__time_on_market_listing_key.71b7d4696d
[0m22:07:56.010835 [debug] [Thread-4 (]: Began running node model.ingatlanmizu.mart_listings_current
[0m22:07:56.011122 [debug] [Thread-1 (]: Began running node test.ingatlanmizu.accepted_values_mart_market_monthly_main_type__H_z__Lak_s.04a0593e44
[0m22:07:56.011377 [debug] [Thread-3 (]: Began running node test.ingatlanmizu.dbt_utils_unique_combination_of_columns_mart_market_monthly_month_start__city__main_type__sub_type.878e12821e
[0m22:07:56.011616 [info ] [Thread-2 (]: 88 of 102 START test unique_int_listings__time_on_market_listing_key ........... [RUN]
[0m22:07:56.011918 [info ] [Thread-4 (]: 89 of 102 START sql table model gold.mart_listings_current ..................... [RUN]
[0m22:07:56.012156 [info ] [Thread-1 (]: 90 of 102 START test accepted_values_mart_market_monthly_main_type__H_z__Lak_s . [RUN]
[0m22:07:56.012385 [info ] [Thread-3 (]: 91 of 102 START test dbt_utils_unique_combination_of_columns_mart_market_monthly_month_start__city__main_type__sub_type  [RUN]
[0m22:07:56.012649 [debug] [Thread-2 (]: Re-using an available connection from the pool (formerly test.ingatlanmizu.not_null_int_listings__time_on_market_last_seen_at.15cdb3c0c1, now test.ingatlanmizu.unique_int_listings__time_on_market_listing_key.71b7d4696d)
[0m22:07:56.012887 [debug] [Thread-4 (]: Re-using an available connection from the pool (formerly test.ingatlanmizu.not_null_int_listings__time_on_market_listing_key.2c4fd4fb7b, now model.ingatlanmizu.mart_listings_current)
[0m22:07:56.013126 [debug] [Thread-1 (]: Re-using an available connection from the pool (formerly test.ingatlanmizu.not_null_int_listings__time_on_market_source.27f58358d1, now test.ingatlanmizu.accepted_values_mart_market_monthly_main_type__H_z__Lak_s.04a0593e44)
[0m22:07:56.013347 [debug] [Thread-3 (]: Re-using an available connection from the pool (formerly test.ingatlanmizu.not_null_int_listings__time_on_market_is_active.b285fdcc05, now test.ingatlanmizu.dbt_utils_unique_combination_of_columns_mart_market_monthly_month_start__city__main_type__sub_type.878e12821e)
[0m22:07:56.013557 [debug] [Thread-2 (]: Began compiling node test.ingatlanmizu.unique_int_listings__time_on_market_listing_key.71b7d4696d
[0m22:07:56.013757 [debug] [Thread-4 (]: Began compiling node model.ingatlanmizu.mart_listings_current
[0m22:07:56.013948 [debug] [Thread-1 (]: Began compiling node test.ingatlanmizu.accepted_values_mart_market_monthly_main_type__H_z__Lak_s.04a0593e44
[0m22:07:56.014139 [debug] [Thread-3 (]: Began compiling node test.ingatlanmizu.dbt_utils_unique_combination_of_columns_mart_market_monthly_month_start__city__main_type__sub_type.878e12821e
[0m22:07:56.017659 [debug] [Thread-2 (]: Writing injected SQL for node "test.ingatlanmizu.unique_int_listings__time_on_market_listing_key.71b7d4696d"
[0m22:07:56.018888 [debug] [Thread-4 (]: Writing injected SQL for node "model.ingatlanmizu.mart_listings_current"
[0m22:07:56.022323 [debug] [Thread-1 (]: Writing injected SQL for node "test.ingatlanmizu.accepted_values_mart_market_monthly_main_type__H_z__Lak_s.04a0593e44"
[0m22:07:56.028340 [debug] [Thread-3 (]: Writing injected SQL for node "test.ingatlanmizu.dbt_utils_unique_combination_of_columns_mart_market_monthly_month_start__city__main_type__sub_type.878e12821e"
[0m22:07:56.028989 [debug] [Thread-4 (]: Began executing node model.ingatlanmizu.mart_listings_current
[0m22:07:56.029233 [debug] [Thread-2 (]: Began executing node test.ingatlanmizu.unique_int_listings__time_on_market_listing_key.71b7d4696d
[0m22:07:56.030570 [debug] [Thread-4 (]: Writing runtime sql for node "model.ingatlanmizu.mart_listings_current"
[0m22:07:56.031379 [debug] [Thread-2 (]: Writing runtime sql for node "test.ingatlanmizu.unique_int_listings__time_on_market_listing_key.71b7d4696d"
[0m22:07:56.031610 [debug] [Thread-1 (]: Began executing node test.ingatlanmizu.accepted_values_mart_market_monthly_main_type__H_z__Lak_s.04a0593e44
[0m22:07:56.031818 [debug] [Thread-3 (]: Began executing node test.ingatlanmizu.dbt_utils_unique_combination_of_columns_mart_market_monthly_month_start__city__main_type__sub_type.878e12821e
[0m22:07:56.032646 [debug] [Thread-1 (]: Writing runtime sql for node "test.ingatlanmizu.accepted_values_mart_market_monthly_main_type__H_z__Lak_s.04a0593e44"
[0m22:07:56.032893 [debug] [Thread-4 (]: Using postgres connection "model.ingatlanmizu.mart_listings_current"
[0m22:07:56.033754 [debug] [Thread-3 (]: Writing runtime sql for node "test.ingatlanmizu.dbt_utils_unique_combination_of_columns_mart_market_monthly_month_start__city__main_type__sub_type.878e12821e"
[0m22:07:56.033980 [debug] [Thread-2 (]: Using postgres connection "test.ingatlanmizu.unique_int_listings__time_on_market_listing_key.71b7d4696d"
[0m22:07:56.034274 [debug] [Thread-4 (]: On model.ingatlanmizu.mart_listings_current: /* {"app": "dbt", "dbt_version": "1.12.0", "profile_name": "ingatlanmizu", "target_name": "local", "node_id": "model.ingatlanmizu.mart_listings_current"} */

  
    

  create  table "ingatlanmizu"."gold"."mart_listings_current__dbt_tmp"
  
  
    as
  
  (
    with 
	price_change_counts as (
		select 
			listing_key,
			count(listing_key) as price_changes_count
		from "ingatlanmizu"."silver"."int_listings__price_changes"
		group by listing_key
	),
	
	oldest_prices as (
		select 
			listing_key, 
			previous_price_huf as oldest_price
		from (
			select 
				*,
				row_number() over (
					partition by listing_key
					order by observed_at desc
				) as rn
			from "ingatlanmizu"."silver"."int_listings__price_changes"
		)
		where rn = 1
	)
	
select 
	listings.*,
	coalesce(price_change_counts.price_changes_count, 0) as price_changes_count,
	coalesce(oldest_prices.oldest_price, price_huf) as original_price_huf,
	coalesce(price_huf - oldest_prices.oldest_price, 0) as price_delta_huf,
	coalesce(
		round(
			((price_huf - oldest_prices.oldest_price)::numeric / oldest_prices.oldest_price)*100, 
			2
		),
		0
	) as price_change_pct
from "ingatlanmizu"."silver"."int_listings__current" as listings
left join price_change_counts
on listings.listing_key = price_change_counts.listing_key
left join oldest_prices
on listings.listing_key = oldest_prices.listing_key
  );
  
[0m22:07:56.034583 [debug] [Thread-1 (]: Using postgres connection "test.ingatlanmizu.accepted_values_mart_market_monthly_main_type__H_z__Lak_s.04a0593e44"
[0m22:07:56.034807 [debug] [Thread-2 (]: On test.ingatlanmizu.unique_int_listings__time_on_market_listing_key.71b7d4696d: /* {"app": "dbt", "dbt_version": "1.12.0", "profile_name": "ingatlanmizu", "target_name": "local", "node_id": "test.ingatlanmizu.unique_int_listings__time_on_market_listing_key.71b7d4696d"} */

    
    select
      count(*) as failures,
      count(*) != 0 as should_warn,
      count(*) != 0 as should_error
    from (
      
    
  
    
    

select
    listing_key as unique_field,
    count(*) as n_records

from "ingatlanmizu"."silver"."int_listings__time_on_market"
where listing_key is not null
group by listing_key
having count(*) > 1



  
  
      
    ) dbt_internal_test
[0m22:07:56.035047 [debug] [Thread-4 (]: Opening a new connection, currently in state closed
[0m22:07:56.035254 [debug] [Thread-3 (]: Using postgres connection "test.ingatlanmizu.dbt_utils_unique_combination_of_columns_mart_market_monthly_month_start__city__main_type__sub_type.878e12821e"
[0m22:07:56.035482 [debug] [Thread-1 (]: On test.ingatlanmizu.accepted_values_mart_market_monthly_main_type__H_z__Lak_s.04a0593e44: /* {"app": "dbt", "dbt_version": "1.12.0", "profile_name": "ingatlanmizu", "target_name": "local", "node_id": "test.ingatlanmizu.accepted_values_mart_market_monthly_main_type__H_z__Lak_s.04a0593e44"} */

    
    select
      count(*) as failures,
      count(*) != 0 as should_warn,
      count(*) != 0 as should_error
    from (
      
    
  
    
    

with all_values as (

    select
        main_type as value_field,
        count(*) as n_records

    from "ingatlanmizu"."gold"."mart_market_monthly"
    group by main_type

)

select *
from all_values
where value_field not in (
    'Ház','Lakás'
)



  
  
      
    ) dbt_internal_test
[0m22:07:56.035708 [debug] [Thread-2 (]: Opening a new connection, currently in state closed
[0m22:07:56.035995 [debug] [Thread-3 (]: On test.ingatlanmizu.dbt_utils_unique_combination_of_columns_mart_market_monthly_month_start__city__main_type__sub_type.878e12821e: /* {"app": "dbt", "dbt_version": "1.12.0", "profile_name": "ingatlanmizu", "target_name": "local", "node_id": "test.ingatlanmizu.dbt_utils_unique_combination_of_columns_mart_market_monthly_month_start__city__main_type__sub_type.878e12821e"} */

    
    select
      count(*) as failures,
      count(*) != 0 as should_warn,
      count(*) != 0 as should_error
    from (
      
    
  





with validation_errors as (

    select
        month_start, city, main_type, sub_type
    from "ingatlanmizu"."gold"."mart_market_monthly"
    group by month_start, city, main_type, sub_type
    having count(*) > 1

)

select *
from validation_errors



  
  
      
    ) dbt_internal_test
[0m22:07:56.036215 [debug] [Thread-1 (]: Opening a new connection, currently in state closed
[0m22:07:56.036467 [debug] [Thread-3 (]: Opening a new connection, currently in state closed
[0m22:07:56.047018 [debug] [Thread-1 (]: SQL status: SELECT 1 in 0.011 seconds
[0m22:07:56.047289 [debug] [Thread-3 (]: SQL status: SELECT 1 in 0.011 seconds
[0m22:07:56.047545 [debug] [Thread-2 (]: SQL status: SELECT 1 in 0.012 seconds
[0m22:07:56.048443 [debug] [Thread-1 (]: On test.ingatlanmizu.accepted_values_mart_market_monthly_main_type__H_z__Lak_s.04a0593e44: ROLLBACK
[0m22:07:56.049261 [debug] [Thread-3 (]: On test.ingatlanmizu.dbt_utils_unique_combination_of_columns_mart_market_monthly_month_start__city__main_type__sub_type.878e12821e: ROLLBACK
[0m22:07:56.050003 [debug] [Thread-2 (]: On test.ingatlanmizu.unique_int_listings__time_on_market_listing_key.71b7d4696d: ROLLBACK
[0m22:07:56.050470 [debug] [Thread-1 (]: On test.ingatlanmizu.accepted_values_mart_market_monthly_main_type__H_z__Lak_s.04a0593e44: Close
[0m22:07:56.050685 [debug] [Thread-2 (]: On test.ingatlanmizu.unique_int_listings__time_on_market_listing_key.71b7d4696d: Close
[0m22:07:56.050904 [debug] [Thread-3 (]: On test.ingatlanmizu.dbt_utils_unique_combination_of_columns_mart_market_monthly_month_start__city__main_type__sub_type.878e12821e: Close
[0m22:07:56.051268 [info ] [Thread-1 (]: 90 of 102 PASS accepted_values_mart_market_monthly_main_type__H_z__Lak_s ....... [[32mPASS[0m in 0.04s]
[0m22:07:56.051649 [info ] [Thread-2 (]: 88 of 102 PASS unique_int_listings__time_on_market_listing_key ................. [[32mPASS[0m in 0.04s]
[0m22:07:56.052108 [info ] [Thread-3 (]: 91 of 102 PASS dbt_utils_unique_combination_of_columns_mart_market_monthly_month_start__city__main_type__sub_type  [[32mPASS[0m in 0.04s]
[0m22:07:56.052488 [debug] [Thread-1 (]: Finished running node test.ingatlanmizu.accepted_values_mart_market_monthly_main_type__H_z__Lak_s.04a0593e44
[0m22:07:56.052798 [debug] [Thread-2 (]: Finished running node test.ingatlanmizu.unique_int_listings__time_on_market_listing_key.71b7d4696d
[0m22:07:56.053115 [debug] [Thread-3 (]: Finished running node test.ingatlanmizu.dbt_utils_unique_combination_of_columns_mart_market_monthly_month_start__city__main_type__sub_type.878e12821e
[0m22:07:56.053370 [debug] [Thread-1 (]: Began running node test.ingatlanmizu.not_empty_mart_market_monthly_city.e017525ac9
[0m22:07:56.053646 [debug] [Thread-2 (]: Began running node test.ingatlanmizu.not_null_mart_market_monthly_city.db5751dbef
[0m22:07:56.053955 [debug] [Thread-3 (]: Began running node test.ingatlanmizu.not_null_mart_market_monthly_main_type.f2627789cf
[0m22:07:56.054193 [info ] [Thread-1 (]: 92 of 102 START test not_empty_mart_market_monthly_city ........................ [RUN]
[0m22:07:56.054440 [info ] [Thread-2 (]: 93 of 102 START test not_null_mart_market_monthly_city ......................... [RUN]
[0m22:07:56.054675 [info ] [Thread-3 (]: 94 of 102 START test not_null_mart_market_monthly_main_type .................... [RUN]
[0m22:07:56.054950 [debug] [Thread-1 (]: Re-using an available connection from the pool (formerly test.ingatlanmizu.accepted_values_mart_market_monthly_main_type__H_z__Lak_s.04a0593e44, now test.ingatlanmizu.not_empty_mart_market_monthly_city.e017525ac9)
[0m22:07:56.055204 [debug] [Thread-2 (]: Re-using an available connection from the pool (formerly test.ingatlanmizu.unique_int_listings__time_on_market_listing_key.71b7d4696d, now test.ingatlanmizu.not_null_mart_market_monthly_city.db5751dbef)
[0m22:07:56.055469 [debug] [Thread-3 (]: Re-using an available connection from the pool (formerly test.ingatlanmizu.dbt_utils_unique_combination_of_columns_mart_market_monthly_month_start__city__main_type__sub_type.878e12821e, now test.ingatlanmizu.not_null_mart_market_monthly_main_type.f2627789cf)
[0m22:07:56.055703 [debug] [Thread-1 (]: Began compiling node test.ingatlanmizu.not_empty_mart_market_monthly_city.e017525ac9
[0m22:07:56.055916 [debug] [Thread-2 (]: Began compiling node test.ingatlanmizu.not_null_mart_market_monthly_city.db5751dbef
[0m22:07:56.056121 [debug] [Thread-3 (]: Began compiling node test.ingatlanmizu.not_null_mart_market_monthly_main_type.f2627789cf
[0m22:07:56.059840 [debug] [Thread-1 (]: Writing injected SQL for node "test.ingatlanmizu.not_empty_mart_market_monthly_city.e017525ac9"
[0m22:07:56.063585 [debug] [Thread-2 (]: Writing injected SQL for node "test.ingatlanmizu.not_null_mart_market_monthly_city.db5751dbef"
[0m22:07:56.063855 [debug] [Thread-4 (]: SQL status: SELECT 79 in 0.029 seconds
[0m22:07:56.067203 [debug] [Thread-3 (]: Writing injected SQL for node "test.ingatlanmizu.not_null_mart_market_monthly_main_type.f2627789cf"
[0m22:07:56.068582 [debug] [Thread-4 (]: Using postgres connection "model.ingatlanmizu.mart_listings_current"
[0m22:07:56.068917 [debug] [Thread-4 (]: On model.ingatlanmizu.mart_listings_current: /* {"app": "dbt", "dbt_version": "1.12.0", "profile_name": "ingatlanmizu", "target_name": "local", "node_id": "model.ingatlanmizu.mart_listings_current"} */
alter table "ingatlanmizu"."gold"."mart_listings_current" rename to "mart_listings_current__dbt_backup"
[0m22:07:56.069142 [debug] [Thread-2 (]: Began executing node test.ingatlanmizu.not_null_mart_market_monthly_city.db5751dbef
[0m22:07:56.069352 [debug] [Thread-1 (]: Began executing node test.ingatlanmizu.not_empty_mart_market_monthly_city.e017525ac9
[0m22:07:56.070245 [debug] [Thread-2 (]: Writing runtime sql for node "test.ingatlanmizu.not_null_mart_market_monthly_city.db5751dbef"
[0m22:07:56.070457 [debug] [Thread-3 (]: Began executing node test.ingatlanmizu.not_null_mart_market_monthly_main_type.f2627789cf
[0m22:07:56.070673 [debug] [Thread-4 (]: SQL status: ALTER TABLE in 0.001 seconds
[0m22:07:56.071427 [debug] [Thread-1 (]: Writing runtime sql for node "test.ingatlanmizu.not_empty_mart_market_monthly_city.e017525ac9"
[0m22:07:56.072244 [debug] [Thread-3 (]: Writing runtime sql for node "test.ingatlanmizu.not_null_mart_market_monthly_main_type.f2627789cf"
[0m22:07:56.073396 [debug] [Thread-4 (]: Using postgres connection "model.ingatlanmizu.mart_listings_current"
[0m22:07:56.073670 [debug] [Thread-2 (]: Using postgres connection "test.ingatlanmizu.not_null_mart_market_monthly_city.db5751dbef"
[0m22:07:56.073960 [debug] [Thread-4 (]: On model.ingatlanmizu.mart_listings_current: /* {"app": "dbt", "dbt_version": "1.12.0", "profile_name": "ingatlanmizu", "target_name": "local", "node_id": "model.ingatlanmizu.mart_listings_current"} */
alter table "ingatlanmizu"."gold"."mart_listings_current__dbt_tmp" rename to "mart_listings_current"
[0m22:07:56.074219 [debug] [Thread-1 (]: Using postgres connection "test.ingatlanmizu.not_empty_mart_market_monthly_city.e017525ac9"
[0m22:07:56.074438 [debug] [Thread-2 (]: On test.ingatlanmizu.not_null_mart_market_monthly_city.db5751dbef: /* {"app": "dbt", "dbt_version": "1.12.0", "profile_name": "ingatlanmizu", "target_name": "local", "node_id": "test.ingatlanmizu.not_null_mart_market_monthly_city.db5751dbef"} */

    
    select
      count(*) as failures,
      count(*) != 0 as should_warn,
      count(*) != 0 as should_error
    from (
      
    
  
    
    



select city
from "ingatlanmizu"."gold"."mart_market_monthly"
where city is null



  
  
      
    ) dbt_internal_test
[0m22:07:56.074727 [debug] [Thread-3 (]: Using postgres connection "test.ingatlanmizu.not_null_mart_market_monthly_main_type.f2627789cf"
[0m22:07:56.074938 [debug] [Thread-1 (]: On test.ingatlanmizu.not_empty_mart_market_monthly_city.e017525ac9: /* {"app": "dbt", "dbt_version": "1.12.0", "profile_name": "ingatlanmizu", "target_name": "local", "node_id": "test.ingatlanmizu.not_empty_mart_market_monthly_city.e017525ac9"} */

    
    select
      count(*) as failures,
      count(*) != 0 as should_warn,
      count(*) != 0 as should_error
    from (
      
    
  

select *
from "ingatlanmizu"."gold"."mart_market_monthly"
where trim(city) = ''


  
  
      
    ) dbt_internal_test
[0m22:07:56.075161 [debug] [Thread-2 (]: Opening a new connection, currently in state closed
[0m22:07:56.075382 [debug] [Thread-3 (]: On test.ingatlanmizu.not_null_mart_market_monthly_main_type.f2627789cf: /* {"app": "dbt", "dbt_version": "1.12.0", "profile_name": "ingatlanmizu", "target_name": "local", "node_id": "test.ingatlanmizu.not_null_mart_market_monthly_main_type.f2627789cf"} */

    
    select
      count(*) as failures,
      count(*) != 0 as should_warn,
      count(*) != 0 as should_error
    from (
      
    
  
    
    



select main_type
from "ingatlanmizu"."gold"."mart_market_monthly"
where main_type is null



  
  
      
    ) dbt_internal_test
[0m22:07:56.075604 [debug] [Thread-1 (]: Opening a new connection, currently in state closed
[0m22:07:56.075801 [debug] [Thread-4 (]: SQL status: ALTER TABLE in 0.001 seconds
[0m22:07:56.076068 [debug] [Thread-3 (]: Opening a new connection, currently in state closed
[0m22:07:56.076967 [debug] [Thread-4 (]: On model.ingatlanmizu.mart_listings_current: COMMIT
[0m22:07:56.077280 [debug] [Thread-4 (]: Using postgres connection "model.ingatlanmizu.mart_listings_current"
[0m22:07:56.077495 [debug] [Thread-4 (]: On model.ingatlanmizu.mart_listings_current: COMMIT
[0m22:07:56.078656 [debug] [Thread-4 (]: SQL status: COMMIT in 0.001 seconds
[0m22:07:56.079485 [debug] [Thread-4 (]: Applying DROP to: "ingatlanmizu"."gold"."mart_listings_current__dbt_backup"
[0m22:07:56.079918 [debug] [Thread-4 (]: Using postgres connection "model.ingatlanmizu.mart_listings_current"
[0m22:07:56.080140 [debug] [Thread-4 (]: On model.ingatlanmizu.mart_listings_current: /* {"app": "dbt", "dbt_version": "1.12.0", "profile_name": "ingatlanmizu", "target_name": "local", "node_id": "model.ingatlanmizu.mart_listings_current"} */
drop table if exists "ingatlanmizu"."gold"."mart_listings_current__dbt_backup" cascade
[0m22:07:56.084901 [debug] [Thread-4 (]: SQL status: DROP TABLE in 0.005 seconds
[0m22:07:56.085716 [debug] [Thread-4 (]: On model.ingatlanmizu.mart_listings_current: Close
[0m22:07:56.085945 [debug] [Thread-2 (]: SQL status: SELECT 1 in 0.011 seconds
[0m22:07:56.086178 [debug] [Thread-3 (]: SQL status: SELECT 1 in 0.010 seconds
[0m22:07:56.086398 [debug] [Thread-1 (]: SQL status: SELECT 1 in 0.011 seconds
[0m22:07:56.086750 [debug] [Thread-4 (]: Sending event: {'category': 'dbt', 'action': 'run_model', 'label': '044e9b88-1d80-41a6-9cd0-7a799dcb6f55', 'context': [<snowplow_tracker.self_describing_json.SelfDescribingJson object at 0x107456180>]}
[0m22:07:56.087612 [debug] [Thread-2 (]: On test.ingatlanmizu.not_null_mart_market_monthly_city.db5751dbef: ROLLBACK
[0m22:07:56.088421 [debug] [Thread-3 (]: On test.ingatlanmizu.not_null_mart_market_monthly_main_type.f2627789cf: ROLLBACK
[0m22:07:56.089179 [debug] [Thread-1 (]: On test.ingatlanmizu.not_empty_mart_market_monthly_city.e017525ac9: ROLLBACK
[0m22:07:56.089558 [info ] [Thread-4 (]: 89 of 102 OK created sql table model gold.mart_listings_current ................ [[32mSELECT 79[0m in 0.07s]
[0m22:07:56.089972 [debug] [Thread-4 (]: Finished running node model.ingatlanmizu.mart_listings_current
[0m22:07:56.090177 [debug] [Thread-3 (]: On test.ingatlanmizu.not_null_mart_market_monthly_main_type.f2627789cf: Close
[0m22:07:56.090377 [debug] [Thread-1 (]: On test.ingatlanmizu.not_empty_mart_market_monthly_city.e017525ac9: Close
[0m22:07:56.090563 [debug] [Thread-2 (]: On test.ingatlanmizu.not_null_mart_market_monthly_city.db5751dbef: Close
[0m22:07:56.090796 [debug] [Thread-4 (]: Began running node test.ingatlanmizu.not_null_mart_market_monthly_month_start.614b9d0b7b
[0m22:07:56.091222 [info ] [Thread-3 (]: 94 of 102 PASS not_null_mart_market_monthly_main_type .......................... [[32mPASS[0m in 0.04s]
[0m22:07:56.091542 [info ] [Thread-1 (]: 92 of 102 PASS not_empty_mart_market_monthly_city .............................. [[32mPASS[0m in 0.04s]
[0m22:07:56.091962 [info ] [Thread-4 (]: 95 of 102 START test not_null_mart_market_monthly_month_start .................. [RUN]
[0m22:07:56.092305 [info ] [Thread-2 (]: 93 of 102 PASS not_null_mart_market_monthly_city ............................... [[32mPASS[0m in 0.04s]
[0m22:07:56.092631 [debug] [Thread-3 (]: Finished running node test.ingatlanmizu.not_null_mart_market_monthly_main_type.f2627789cf
[0m22:07:56.092929 [debug] [Thread-1 (]: Finished running node test.ingatlanmizu.not_empty_mart_market_monthly_city.e017525ac9
[0m22:07:56.093189 [debug] [Thread-4 (]: Re-using an available connection from the pool (formerly model.ingatlanmizu.mart_listings_current, now test.ingatlanmizu.not_null_mart_market_monthly_month_start.614b9d0b7b)
[0m22:07:56.093535 [debug] [Thread-2 (]: Finished running node test.ingatlanmizu.not_null_mart_market_monthly_city.db5751dbef
[0m22:07:56.093792 [debug] [Thread-3 (]: Began running node test.ingatlanmizu.not_null_mart_market_monthly_sub_type.caa99de7b5
[0m22:07:56.094074 [debug] [Thread-1 (]: Began running node model.ingatlanmizu.mart_average_time_on_market
[0m22:07:56.094328 [debug] [Thread-4 (]: Began compiling node test.ingatlanmizu.not_null_mart_market_monthly_month_start.614b9d0b7b
[0m22:07:56.094573 [debug] [Thread-2 (]: Began running node test.ingatlanmizu.dbt_utils_unique_combination_of_columns_mart_listings_current_listing_key.fc41e8e7ea
[0m22:07:56.094807 [info ] [Thread-3 (]: 96 of 102 START test not_null_mart_market_monthly_sub_type ..................... [RUN]
[0m22:07:56.095095 [info ] [Thread-1 (]: 97 of 102 START sql table model gold.mart_average_time_on_market ............... [RUN]
[0m22:07:56.098903 [debug] [Thread-4 (]: Writing injected SQL for node "test.ingatlanmizu.not_null_mart_market_monthly_month_start.614b9d0b7b"
[0m22:07:56.099172 [info ] [Thread-2 (]: 98 of 102 START test dbt_utils_unique_combination_of_columns_mart_listings_current_listing_key  [RUN]
[0m22:07:56.099453 [debug] [Thread-3 (]: Re-using an available connection from the pool (formerly test.ingatlanmizu.not_null_mart_market_monthly_main_type.f2627789cf, now test.ingatlanmizu.not_null_mart_market_monthly_sub_type.caa99de7b5)
[0m22:07:56.099696 [debug] [Thread-1 (]: Re-using an available connection from the pool (formerly test.ingatlanmizu.not_empty_mart_market_monthly_city.e017525ac9, now model.ingatlanmizu.mart_average_time_on_market)
[0m22:07:56.100022 [debug] [Thread-2 (]: Re-using an available connection from the pool (formerly test.ingatlanmizu.not_null_mart_market_monthly_city.db5751dbef, now test.ingatlanmizu.dbt_utils_unique_combination_of_columns_mart_listings_current_listing_key.fc41e8e7ea)
[0m22:07:56.100300 [debug] [Thread-3 (]: Began compiling node test.ingatlanmizu.not_null_mart_market_monthly_sub_type.caa99de7b5
[0m22:07:56.100533 [debug] [Thread-4 (]: Began executing node test.ingatlanmizu.not_null_mart_market_monthly_month_start.614b9d0b7b
[0m22:07:56.100739 [debug] [Thread-1 (]: Began compiling node model.ingatlanmizu.mart_average_time_on_market
[0m22:07:56.100964 [debug] [Thread-2 (]: Began compiling node test.ingatlanmizu.dbt_utils_unique_combination_of_columns_mart_listings_current_listing_key.fc41e8e7ea
[0m22:07:56.105189 [debug] [Thread-3 (]: Writing injected SQL for node "test.ingatlanmizu.not_null_mart_market_monthly_sub_type.caa99de7b5"
[0m22:07:56.106048 [debug] [Thread-4 (]: Writing runtime sql for node "test.ingatlanmizu.not_null_mart_market_monthly_month_start.614b9d0b7b"
[0m22:07:56.106991 [debug] [Thread-1 (]: Writing injected SQL for node "model.ingatlanmizu.mart_average_time_on_market"
[0m22:07:56.110515 [debug] [Thread-2 (]: Writing injected SQL for node "test.ingatlanmizu.dbt_utils_unique_combination_of_columns_mart_listings_current_listing_key.fc41e8e7ea"
[0m22:07:56.111289 [debug] [Thread-1 (]: Began executing node model.ingatlanmizu.mart_average_time_on_market
[0m22:07:56.111563 [debug] [Thread-4 (]: Using postgres connection "test.ingatlanmizu.not_null_mart_market_monthly_month_start.614b9d0b7b"
[0m22:07:56.111818 [debug] [Thread-3 (]: Began executing node test.ingatlanmizu.not_null_mart_market_monthly_sub_type.caa99de7b5
[0m22:07:56.113139 [debug] [Thread-1 (]: Writing runtime sql for node "model.ingatlanmizu.mart_average_time_on_market"
[0m22:07:56.113349 [debug] [Thread-2 (]: Began executing node test.ingatlanmizu.dbt_utils_unique_combination_of_columns_mart_listings_current_listing_key.fc41e8e7ea
[0m22:07:56.113592 [debug] [Thread-4 (]: On test.ingatlanmizu.not_null_mart_market_monthly_month_start.614b9d0b7b: /* {"app": "dbt", "dbt_version": "1.12.0", "profile_name": "ingatlanmizu", "target_name": "local", "node_id": "test.ingatlanmizu.not_null_mart_market_monthly_month_start.614b9d0b7b"} */

    
    select
      count(*) as failures,
      count(*) != 0 as should_warn,
      count(*) != 0 as should_error
    from (
      
    
  
    
    



select month_start
from "ingatlanmizu"."gold"."mart_market_monthly"
where month_start is null



  
  
      
    ) dbt_internal_test
[0m22:07:56.114445 [debug] [Thread-3 (]: Writing runtime sql for node "test.ingatlanmizu.not_null_mart_market_monthly_sub_type.caa99de7b5"
[0m22:07:56.115223 [debug] [Thread-2 (]: Writing runtime sql for node "test.ingatlanmizu.dbt_utils_unique_combination_of_columns_mart_listings_current_listing_key.fc41e8e7ea"
[0m22:07:56.115464 [debug] [Thread-4 (]: Opening a new connection, currently in state closed
[0m22:07:56.115772 [debug] [Thread-1 (]: Using postgres connection "model.ingatlanmizu.mart_average_time_on_market"
[0m22:07:56.116127 [debug] [Thread-3 (]: Using postgres connection "test.ingatlanmizu.not_null_mart_market_monthly_sub_type.caa99de7b5"
[0m22:07:56.116382 [debug] [Thread-1 (]: On model.ingatlanmizu.mart_average_time_on_market: /* {"app": "dbt", "dbt_version": "1.12.0", "profile_name": "ingatlanmizu", "target_name": "local", "node_id": "model.ingatlanmizu.mart_average_time_on_market"} */

  
    

  create  table "ingatlanmizu"."gold"."mart_average_time_on_market__dbt_tmp"
  
  
    as
  
  (
    select
	count(*) as sold_listings,
	round(avg(days_on_market), 2) as average_days_on_market,
	percentile_cont(0.5) within group (order by days_on_market) as median_days_on_market
from "ingatlanmizu"."silver"."int_listings__time_on_market"
where is_active is false
  );
  
[0m22:07:56.116661 [debug] [Thread-3 (]: On test.ingatlanmizu.not_null_mart_market_monthly_sub_type.caa99de7b5: /* {"app": "dbt", "dbt_version": "1.12.0", "profile_name": "ingatlanmizu", "target_name": "local", "node_id": "test.ingatlanmizu.not_null_mart_market_monthly_sub_type.caa99de7b5"} */

    
    select
      count(*) as failures,
      count(*) != 0 as should_warn,
      count(*) != 0 as should_error
    from (
      
    
  
    
    



select sub_type
from "ingatlanmizu"."gold"."mart_market_monthly"
where sub_type is null



  
  
      
    ) dbt_internal_test
[0m22:07:56.116912 [debug] [Thread-2 (]: Using postgres connection "test.ingatlanmizu.dbt_utils_unique_combination_of_columns_mart_listings_current_listing_key.fc41e8e7ea"
[0m22:07:56.117137 [debug] [Thread-1 (]: Opening a new connection, currently in state closed
[0m22:07:56.117355 [debug] [Thread-3 (]: Opening a new connection, currently in state closed
[0m22:07:56.117599 [debug] [Thread-2 (]: On test.ingatlanmizu.dbt_utils_unique_combination_of_columns_mart_listings_current_listing_key.fc41e8e7ea: /* {"app": "dbt", "dbt_version": "1.12.0", "profile_name": "ingatlanmizu", "target_name": "local", "node_id": "test.ingatlanmizu.dbt_utils_unique_combination_of_columns_mart_listings_current_listing_key.fc41e8e7ea"} */

    
    select
      count(*) as failures,
      count(*) != 0 as should_warn,
      count(*) != 0 as should_error
    from (
      
    
  





with validation_errors as (

    select
        listing_key
    from "ingatlanmizu"."gold"."mart_listings_current"
    group by listing_key
    having count(*) > 1

)

select *
from validation_errors



  
  
      
    ) dbt_internal_test
[0m22:07:56.117989 [debug] [Thread-2 (]: Opening a new connection, currently in state closed
[0m22:07:56.124094 [debug] [Thread-4 (]: SQL status: SELECT 1 in 0.009 seconds
[0m22:07:56.124982 [debug] [Thread-4 (]: On test.ingatlanmizu.not_null_mart_market_monthly_month_start.614b9d0b7b: ROLLBACK
[0m22:07:56.125482 [debug] [Thread-4 (]: On test.ingatlanmizu.not_null_mart_market_monthly_month_start.614b9d0b7b: Close
[0m22:07:56.125894 [info ] [Thread-4 (]: 95 of 102 PASS not_null_mart_market_monthly_month_start ........................ [[32mPASS[0m in 0.03s]
[0m22:07:56.126242 [debug] [Thread-4 (]: Finished running node test.ingatlanmizu.not_null_mart_market_monthly_month_start.614b9d0b7b
[0m22:07:56.126487 [debug] [Thread-4 (]: Began running node test.ingatlanmizu.not_null_mart_listings_current_listing_key.369a2bce35
[0m22:07:56.126812 [info ] [Thread-4 (]: 99 of 102 START test not_null_mart_listings_current_listing_key ................ [RUN]
[0m22:07:56.127130 [debug] [Thread-4 (]: Re-using an available connection from the pool (formerly test.ingatlanmizu.not_null_mart_market_monthly_month_start.614b9d0b7b, now test.ingatlanmizu.not_null_mart_listings_current_listing_key.369a2bce35)
[0m22:07:56.127368 [debug] [Thread-4 (]: Began compiling node test.ingatlanmizu.not_null_mart_listings_current_listing_key.369a2bce35
[0m22:07:56.131209 [debug] [Thread-4 (]: Writing injected SQL for node "test.ingatlanmizu.not_null_mart_listings_current_listing_key.369a2bce35"
[0m22:07:56.131463 [debug] [Thread-3 (]: SQL status: SELECT 1 in 0.014 seconds
[0m22:07:56.131696 [debug] [Thread-2 (]: SQL status: SELECT 1 in 0.014 seconds
[0m22:07:56.132552 [debug] [Thread-3 (]: On test.ingatlanmizu.not_null_mart_market_monthly_sub_type.caa99de7b5: ROLLBACK
[0m22:07:56.133353 [debug] [Thread-2 (]: On test.ingatlanmizu.dbt_utils_unique_combination_of_columns_mart_listings_current_listing_key.fc41e8e7ea: ROLLBACK
[0m22:07:56.133610 [debug] [Thread-4 (]: Began executing node test.ingatlanmizu.not_null_mart_listings_current_listing_key.369a2bce35
[0m22:07:56.134437 [debug] [Thread-4 (]: Writing runtime sql for node "test.ingatlanmizu.not_null_mart_listings_current_listing_key.369a2bce35"
[0m22:07:56.134653 [debug] [Thread-3 (]: On test.ingatlanmizu.not_null_mart_market_monthly_sub_type.caa99de7b5: Close
[0m22:07:56.134861 [debug] [Thread-2 (]: On test.ingatlanmizu.dbt_utils_unique_combination_of_columns_mart_listings_current_listing_key.fc41e8e7ea: Close
[0m22:07:56.135241 [info ] [Thread-3 (]: 96 of 102 PASS not_null_mart_market_monthly_sub_type ........................... [[32mPASS[0m in 0.04s]
[0m22:07:56.135544 [info ] [Thread-2 (]: 98 of 102 PASS dbt_utils_unique_combination_of_columns_mart_listings_current_listing_key  [[32mPASS[0m in 0.04s]
[0m22:07:56.136038 [debug] [Thread-3 (]: Finished running node test.ingatlanmizu.not_null_mart_market_monthly_sub_type.caa99de7b5
[0m22:07:56.136328 [debug] [Thread-1 (]: SQL status: SELECT 1 in 0.019 seconds
[0m22:07:56.136661 [debug] [Thread-2 (]: Finished running node test.ingatlanmizu.dbt_utils_unique_combination_of_columns_mart_listings_current_listing_key.fc41e8e7ea
[0m22:07:56.136901 [debug] [Thread-4 (]: Using postgres connection "test.ingatlanmizu.not_null_mart_listings_current_listing_key.369a2bce35"
[0m22:07:56.137138 [debug] [Thread-3 (]: Began running node test.ingatlanmizu.not_null_mart_listings_current_original_price_huf.1cefc46f7e
[0m22:07:56.138516 [debug] [Thread-1 (]: Using postgres connection "model.ingatlanmizu.mart_average_time_on_market"
[0m22:07:56.138766 [debug] [Thread-2 (]: Began running node test.ingatlanmizu.not_null_mart_listings_current_price_change_pct.b17c5467bb
[0m22:07:56.139024 [debug] [Thread-4 (]: On test.ingatlanmizu.not_null_mart_listings_current_listing_key.369a2bce35: /* {"app": "dbt", "dbt_version": "1.12.0", "profile_name": "ingatlanmizu", "target_name": "local", "node_id": "test.ingatlanmizu.not_null_mart_listings_current_listing_key.369a2bce35"} */

    
    select
      count(*) as failures,
      count(*) != 0 as should_warn,
      count(*) != 0 as should_error
    from (
      
    
  
    
    



select listing_key
from "ingatlanmizu"."gold"."mart_listings_current"
where listing_key is null



  
  
      
    ) dbt_internal_test
[0m22:07:56.139287 [info ] [Thread-3 (]: 100 of 102 START test not_null_mart_listings_current_original_price_huf ........ [RUN]
[0m22:07:56.139544 [debug] [Thread-1 (]: On model.ingatlanmizu.mart_average_time_on_market: /* {"app": "dbt", "dbt_version": "1.12.0", "profile_name": "ingatlanmizu", "target_name": "local", "node_id": "model.ingatlanmizu.mart_average_time_on_market"} */
alter table "ingatlanmizu"."gold"."mart_average_time_on_market" rename to "mart_average_time_on_market__dbt_backup"
[0m22:07:56.139786 [info ] [Thread-2 (]: 101 of 102 START test not_null_mart_listings_current_price_change_pct .......... [RUN]
[0m22:07:56.140022 [debug] [Thread-4 (]: Opening a new connection, currently in state closed
[0m22:07:56.140270 [debug] [Thread-3 (]: Re-using an available connection from the pool (formerly test.ingatlanmizu.not_null_mart_market_monthly_sub_type.caa99de7b5, now test.ingatlanmizu.not_null_mart_listings_current_original_price_huf.1cefc46f7e)
[0m22:07:56.140572 [debug] [Thread-2 (]: Re-using an available connection from the pool (formerly test.ingatlanmizu.dbt_utils_unique_combination_of_columns_mart_listings_current_listing_key.fc41e8e7ea, now test.ingatlanmizu.not_null_mart_listings_current_price_change_pct.b17c5467bb)
[0m22:07:56.140941 [debug] [Thread-1 (]: SQL status: ALTER TABLE in 0.000 seconds
[0m22:07:56.141201 [debug] [Thread-3 (]: Began compiling node test.ingatlanmizu.not_null_mart_listings_current_original_price_huf.1cefc46f7e
[0m22:07:56.141426 [debug] [Thread-2 (]: Began compiling node test.ingatlanmizu.not_null_mart_listings_current_price_change_pct.b17c5467bb
[0m22:07:56.142595 [debug] [Thread-1 (]: Using postgres connection "model.ingatlanmizu.mart_average_time_on_market"
[0m22:07:56.146274 [debug] [Thread-3 (]: Writing injected SQL for node "test.ingatlanmizu.not_null_mart_listings_current_original_price_huf.1cefc46f7e"
[0m22:07:56.149615 [debug] [Thread-2 (]: Writing injected SQL for node "test.ingatlanmizu.not_null_mart_listings_current_price_change_pct.b17c5467bb"
[0m22:07:56.149943 [debug] [Thread-1 (]: On model.ingatlanmizu.mart_average_time_on_market: /* {"app": "dbt", "dbt_version": "1.12.0", "profile_name": "ingatlanmizu", "target_name": "local", "node_id": "model.ingatlanmizu.mart_average_time_on_market"} */
alter table "ingatlanmizu"."gold"."mart_average_time_on_market__dbt_tmp" rename to "mart_average_time_on_market"
[0m22:07:56.150423 [debug] [Thread-3 (]: Began executing node test.ingatlanmizu.not_null_mart_listings_current_original_price_huf.1cefc46f7e
[0m22:07:56.150645 [debug] [Thread-2 (]: Began executing node test.ingatlanmizu.not_null_mart_listings_current_price_change_pct.b17c5467bb
[0m22:07:56.150917 [debug] [Thread-1 (]: SQL status: ALTER TABLE in 0.001 seconds
[0m22:07:56.151775 [debug] [Thread-3 (]: Writing runtime sql for node "test.ingatlanmizu.not_null_mart_listings_current_original_price_huf.1cefc46f7e"
[0m22:07:56.151997 [debug] [Thread-4 (]: SQL status: SELECT 1 in 0.012 seconds
[0m22:07:56.152792 [debug] [Thread-2 (]: Writing runtime sql for node "test.ingatlanmizu.not_null_mart_listings_current_price_change_pct.b17c5467bb"
[0m22:07:56.153668 [debug] [Thread-1 (]: On model.ingatlanmizu.mart_average_time_on_market: COMMIT
[0m22:07:56.154504 [debug] [Thread-4 (]: On test.ingatlanmizu.not_null_mart_listings_current_listing_key.369a2bce35: ROLLBACK
[0m22:07:56.154800 [debug] [Thread-1 (]: Using postgres connection "model.ingatlanmizu.mart_average_time_on_market"
[0m22:07:56.155025 [debug] [Thread-3 (]: Using postgres connection "test.ingatlanmizu.not_null_mart_listings_current_original_price_huf.1cefc46f7e"
[0m22:07:56.155286 [debug] [Thread-1 (]: On model.ingatlanmizu.mart_average_time_on_market: COMMIT
[0m22:07:56.155497 [debug] [Thread-2 (]: Using postgres connection "test.ingatlanmizu.not_null_mart_listings_current_price_change_pct.b17c5467bb"
[0m22:07:56.155749 [debug] [Thread-3 (]: On test.ingatlanmizu.not_null_mart_listings_current_original_price_huf.1cefc46f7e: /* {"app": "dbt", "dbt_version": "1.12.0", "profile_name": "ingatlanmizu", "target_name": "local", "node_id": "test.ingatlanmizu.not_null_mart_listings_current_original_price_huf.1cefc46f7e"} */

    
    select
      count(*) as failures,
      count(*) != 0 as should_warn,
      count(*) != 0 as should_error
    from (
      
    
  
    
    



select original_price_huf
from "ingatlanmizu"."gold"."mart_listings_current"
where original_price_huf is null



  
  
      
    ) dbt_internal_test
[0m22:07:56.156007 [debug] [Thread-4 (]: On test.ingatlanmizu.not_null_mart_listings_current_listing_key.369a2bce35: Close
[0m22:07:56.156290 [debug] [Thread-2 (]: On test.ingatlanmizu.not_null_mart_listings_current_price_change_pct.b17c5467bb: /* {"app": "dbt", "dbt_version": "1.12.0", "profile_name": "ingatlanmizu", "target_name": "local", "node_id": "test.ingatlanmizu.not_null_mart_listings_current_price_change_pct.b17c5467bb"} */

    
    select
      count(*) as failures,
      count(*) != 0 as should_warn,
      count(*) != 0 as should_error
    from (
      
    
  
    
    



select price_change_pct
from "ingatlanmizu"."gold"."mart_listings_current"
where price_change_pct is null



  
  
      
    ) dbt_internal_test
[0m22:07:56.156535 [debug] [Thread-3 (]: Opening a new connection, currently in state closed
[0m22:07:56.156733 [debug] [Thread-1 (]: SQL status: COMMIT in 0.001 seconds
[0m22:07:56.157258 [debug] [Thread-2 (]: Opening a new connection, currently in state closed
[0m22:07:56.157079 [info ] [Thread-4 (]: 99 of 102 PASS not_null_mart_listings_current_listing_key ...................... [[32mPASS[0m in 0.03s]
[0m22:07:56.158261 [debug] [Thread-1 (]: Applying DROP to: "ingatlanmizu"."gold"."mart_average_time_on_market__dbt_backup"
[0m22:07:56.158639 [debug] [Thread-4 (]: Finished running node test.ingatlanmizu.not_null_mart_listings_current_listing_key.369a2bce35
[0m22:07:56.159003 [debug] [Thread-1 (]: Using postgres connection "model.ingatlanmizu.mart_average_time_on_market"
[0m22:07:56.159263 [debug] [Thread-4 (]: Began running node test.ingatlanmizu.not_null_mart_listings_current_price_delta_huf.26a81ff6ce
[0m22:07:56.159548 [debug] [Thread-1 (]: On model.ingatlanmizu.mart_average_time_on_market: /* {"app": "dbt", "dbt_version": "1.12.0", "profile_name": "ingatlanmizu", "target_name": "local", "node_id": "model.ingatlanmizu.mart_average_time_on_market"} */
drop table if exists "ingatlanmizu"."gold"."mart_average_time_on_market__dbt_backup" cascade
[0m22:07:56.159814 [info ] [Thread-4 (]: 102 of 102 START test not_null_mart_listings_current_price_delta_huf ........... [RUN]
[0m22:07:56.160229 [debug] [Thread-4 (]: Re-using an available connection from the pool (formerly test.ingatlanmizu.not_null_mart_listings_current_listing_key.369a2bce35, now test.ingatlanmizu.not_null_mart_listings_current_price_delta_huf.26a81ff6ce)
[0m22:07:56.160480 [debug] [Thread-4 (]: Began compiling node test.ingatlanmizu.not_null_mart_listings_current_price_delta_huf.26a81ff6ce
[0m22:07:56.165413 [debug] [Thread-4 (]: Writing injected SQL for node "test.ingatlanmizu.not_null_mart_listings_current_price_delta_huf.26a81ff6ce"
[0m22:07:56.166021 [debug] [Thread-4 (]: Began executing node test.ingatlanmizu.not_null_mart_listings_current_price_delta_huf.26a81ff6ce
[0m22:07:56.166886 [debug] [Thread-4 (]: Writing runtime sql for node "test.ingatlanmizu.not_null_mart_listings_current_price_delta_huf.26a81ff6ce"
[0m22:07:56.167147 [debug] [Thread-3 (]: SQL status: SELECT 1 in 0.011 seconds
[0m22:07:56.167396 [debug] [Thread-2 (]: SQL status: SELECT 1 in 0.010 seconds
[0m22:07:56.167633 [debug] [Thread-1 (]: SQL status: DROP TABLE in 0.008 seconds
[0m22:07:56.168519 [debug] [Thread-3 (]: On test.ingatlanmizu.not_null_mart_listings_current_original_price_huf.1cefc46f7e: ROLLBACK
[0m22:07:56.169297 [debug] [Thread-2 (]: On test.ingatlanmizu.not_null_mart_listings_current_price_change_pct.b17c5467bb: ROLLBACK
[0m22:07:56.169541 [debug] [Thread-4 (]: Using postgres connection "test.ingatlanmizu.not_null_mart_listings_current_price_delta_huf.26a81ff6ce"
[0m22:07:56.170246 [debug] [Thread-1 (]: On model.ingatlanmizu.mart_average_time_on_market: Close
[0m22:07:56.170546 [debug] [Thread-4 (]: On test.ingatlanmizu.not_null_mart_listings_current_price_delta_huf.26a81ff6ce: /* {"app": "dbt", "dbt_version": "1.12.0", "profile_name": "ingatlanmizu", "target_name": "local", "node_id": "test.ingatlanmizu.not_null_mart_listings_current_price_delta_huf.26a81ff6ce"} */

    
    select
      count(*) as failures,
      count(*) != 0 as should_warn,
      count(*) != 0 as should_error
    from (
      
    
  
    
    



select price_delta_huf
from "ingatlanmizu"."gold"."mart_listings_current"
where price_delta_huf is null



  
  
      
    ) dbt_internal_test
[0m22:07:56.170768 [debug] [Thread-3 (]: On test.ingatlanmizu.not_null_mart_listings_current_original_price_huf.1cefc46f7e: Close
[0m22:07:56.170961 [debug] [Thread-2 (]: On test.ingatlanmizu.not_null_mart_listings_current_price_change_pct.b17c5467bb: Close
[0m22:07:56.171297 [debug] [Thread-1 (]: Sending event: {'category': 'dbt', 'action': 'run_model', 'label': '044e9b88-1d80-41a6-9cd0-7a799dcb6f55', 'context': [<snowplow_tracker.self_describing_json.SelfDescribingJson object at 0x107506ae0>]}
[0m22:07:56.171521 [debug] [Thread-4 (]: Opening a new connection, currently in state closed
[0m22:07:56.171892 [info ] [Thread-3 (]: 100 of 102 PASS not_null_mart_listings_current_original_price_huf .............. [[32mPASS[0m in 0.03s]
[0m22:07:56.172251 [info ] [Thread-2 (]: 101 of 102 PASS not_null_mart_listings_current_price_change_pct ................ [[32mPASS[0m in 0.03s]
[0m22:07:56.172739 [info ] [Thread-1 (]: 97 of 102 OK created sql table model gold.mart_average_time_on_market .......... [[32mSELECT 1[0m in 0.07s]
[0m22:07:56.173274 [debug] [Thread-3 (]: Finished running node test.ingatlanmizu.not_null_mart_listings_current_original_price_huf.1cefc46f7e
[0m22:07:56.173602 [debug] [Thread-2 (]: Finished running node test.ingatlanmizu.not_null_mart_listings_current_price_change_pct.b17c5467bb
[0m22:07:56.173917 [debug] [Thread-1 (]: Finished running node model.ingatlanmizu.mart_average_time_on_market
[0m22:07:56.179733 [debug] [Thread-4 (]: SQL status: SELECT 1 in 0.008 seconds
[0m22:07:56.180599 [debug] [Thread-4 (]: On test.ingatlanmizu.not_null_mart_listings_current_price_delta_huf.26a81ff6ce: ROLLBACK
[0m22:07:56.180989 [debug] [Thread-4 (]: On test.ingatlanmizu.not_null_mart_listings_current_price_delta_huf.26a81ff6ce: Close
[0m22:07:56.181371 [info ] [Thread-4 (]: 102 of 102 PASS not_null_mart_listings_current_price_delta_huf ................. [[32mPASS[0m in 0.02s]
[0m22:07:56.181684 [debug] [Thread-4 (]: Finished running node test.ingatlanmizu.not_null_mart_listings_current_price_delta_huf.26a81ff6ce
[0m22:07:56.182551 [debug] [MainThread]: On master: COMMIT
[0m22:07:56.182746 [debug] [MainThread]: Using postgres connection "master"
[0m22:07:56.182919 [debug] [MainThread]: On master: COMMIT
[0m22:07:56.183079 [debug] [MainThread]: Opening a new connection, currently in state closed
[0m22:07:56.189312 [debug] [MainThread]: SQL status: COMMIT in 0.006 seconds
[0m22:07:56.189543 [debug] [MainThread]: On master: Close
[0m22:07:56.189833 [debug] [MainThread]: Connection 'master' was properly closed.
[0m22:07:56.190014 [debug] [MainThread]: Connection 'model.ingatlanmizu.mart_average_time_on_market' was properly closed.
[0m22:07:56.190180 [debug] [MainThread]: Connection 'test.ingatlanmizu.not_null_mart_listings_current_price_change_pct.b17c5467bb' was properly closed.
[0m22:07:56.190341 [debug] [MainThread]: Connection 'test.ingatlanmizu.not_null_mart_listings_current_original_price_huf.1cefc46f7e' was properly closed.
[0m22:07:56.190502 [debug] [MainThread]: Connection 'test.ingatlanmizu.not_null_mart_listings_current_price_delta_huf.26a81ff6ce' was properly closed.
[0m22:07:56.190763 [info ] [MainThread]: 
[0m22:07:56.190993 [info ] [MainThread]: Finished running 3 table models, 91 data tests, 8 view models in 0 hours 0 minutes and 1.41 seconds (1.41s).
[0m22:07:56.197062 [debug] [MainThread]: Command end result
[0m22:07:56.254470 [debug] [MainThread]: Wrote artifact WritableManifest to transform/target/manifest.json
[0m22:07:56.256158 [debug] [MainThread]: Wrote artifact SemanticManifest to transform/target/semantic_manifest.json
[0m22:07:56.257586 [debug] [MainThread]: Wrote artifact OsiDocument to transform/target/osi_document.json
[0m22:07:56.263738 [debug] [MainThread]: Wrote artifact RunExecutionResult to transform/target/run_results.json
[0m22:07:56.263993 [info ] [MainThread]: 
[0m22:07:56.264225 [info ] [MainThread]: [32mCompleted successfully[0m
[0m22:07:56.264438 [info ] [MainThread]: 
[0m22:07:56.264641 [info ] [MainThread]: Done. PASS=102 WARN=0 ERROR=0 SKIP=0 NO-OP=0 REUSED=0 TOTAL=102
[0m22:07:56.265050 [warn ] [MainThread]: [[33mWARNING[0m][DeprecationsSummary]: Deprecated functionality
Summary of encountered deprecations:
- MissingArgumentsPropertyInGenericTestDeprecation: 8 occurrences
- PropertyMovedToConfigDeprecation: 2 occurrences
To see all deprecation instances instead of just the first occurrence of each,
run command again with the `--show-all-deprecations` flag. You may also need to
run with `--no-partial-parse` as some deprecations are only encountered during
parsing.
[0m22:07:56.266507 [debug] [MainThread]: Resource report: {"command_name": "build", "command_success": true, "command_wall_clock_time": 2.3955088, "process_in_blocks": "0", "process_kernel_time": 0.26187, "process_mem_max_rss": "160497664", "process_out_blocks": "0", "process_user_time": 2.930212}
[0m22:07:56.266769 [debug] [MainThread]: Command `dbt build` succeeded at 22:07:56.266728 after 2.40 seconds
[0m22:07:56.266999 [debug] [MainThread]: Sending event: {'category': 'dbt', 'action': 'invocation', 'label': 'end', 'context': [<snowplow_tracker.self_describing_json.SelfDescribingJson object at 0x106e8f050>, <snowplow_tracker.self_describing_json.SelfDescribingJson object at 0x106deeff0>, <snowplow_tracker.self_describing_json.SelfDescribingJson object at 0x104cb0560>]}
[0m22:07:56.267218 [debug] [MainThread]: Flushing usage events
[0m22:07:57.492529 [debug] [MainThread]: An error was encountered while trying to flush usage events
[0m22:11:22.046775 [debug] [MainThread]: Sending event: {'category': 'dbt', 'action': 'invocation', 'label': 'start', 'context': [<snowplow_tracker.self_describing_json.SelfDescribingJson object at 0x1058fe120>, <snowplow_tracker.self_describing_json.SelfDescribingJson object at 0x10b5cd850>, <snowplow_tracker.self_describing_json.SelfDescribingJson object at 0x10b5cd400>]}


============================== 22:11:22.049848 | 1145f10d-d488-48d9-ad78-2561d640988a ==============================
[0m22:11:22.049848 [info ] [MainThread]: Running with dbt=1.12.0
[0m22:11:22.050209 [debug] [MainThread]: running dbt with arguments {'hints_enabled': 'True', 'target_path': 'None', 'static_parser': 'True', 'use_experimental_parser': 'False', 'warn_error': 'None', 'profiles_dir': 'transform', 'fail_fast': 'False', 'partial_parse': 'True', 'no_print': 'None', 'log_path': 'transform/logs', 'maximum_seed_size_mib': '1', 'log_cache_events': 'False', 'debug': 'False', 'cache_selected_only': 'False', 'empty': 'False', 'send_anonymous_usage_stats': 'True', 'write_json': 'True', 'indirect_selection': 'eager', 'version_check': 'True', 'use_colors': 'True', 'invocation_command': 'dbt build', 'printer_width': '80', 'quiet': 'False', 'warn_error_options': 'WarnErrorOptionsV2(error=[], warn=[], silence=[])', 'log_format': 'default', 'introspect': 'True'}
[0m22:11:22.170280 [debug] [MainThread]: Sending event: {'category': 'dbt', 'action': 'project_id', 'label': '1145f10d-d488-48d9-ad78-2561d640988a', 'context': [<snowplow_tracker.self_describing_json.SelfDescribingJson object at 0x10a8469c0>]}
[0m22:11:22.203159 [debug] [MainThread]: Sending event: {'category': 'dbt', 'action': 'adapter_info', 'label': '1145f10d-d488-48d9-ad78-2561d640988a', 'context': [<snowplow_tracker.self_describing_json.SelfDescribingJson object at 0x10b434890>]}
[0m22:11:22.203838 [info ] [MainThread]: Registered adapter: postgres=1.11.0
[0m22:11:22.271085 [debug] [MainThread]: checksum: 63303165495155cf70de5895742d8bdb211a382d266dccdb4c547ed748c8f641, vars: {}, profile: ingatlanmizu, target: local, version: 1.12.0
[0m22:11:22.406885 [debug] [MainThread]: Partial parsing enabled: 0 files deleted, 0 files added, 0 files changed.
[0m22:11:22.407207 [debug] [MainThread]: Nothing changed, skipping partial parsing.
[0m22:11:22.407402 [debug] [MainThread]: Partial parsing enabled, no changes found, skipping parsing
[0m22:11:22.413136 [debug] [MainThread]: Sending event: {'category': 'dbt', 'action': 'load_project', 'label': '1145f10d-d488-48d9-ad78-2561d640988a', 'context': [<snowplow_tracker.self_describing_json.SelfDescribingJson object at 0x10c7c9790>]}
[0m22:11:22.542325 [debug] [MainThread]: Wrote artifact WritableManifest to transform/target/manifest.json
[0m22:11:22.544669 [debug] [MainThread]: Wrote artifact SemanticManifest to transform/target/semantic_manifest.json
[0m22:11:22.558142 [debug] [MainThread]: Wrote artifact OsiDocument to transform/target/osi_document.json
[0m22:11:22.580209 [debug] [MainThread]: Sending event: {'category': 'dbt', 'action': 'resource_counts', 'label': '1145f10d-d488-48d9-ad78-2561d640988a', 'context': [<snowplow_tracker.self_describing_json.SelfDescribingJson object at 0x10be1de80>]}
[0m22:11:22.580511 [info ] [MainThread]: Found 11 models, 91 data tests, 2 sources, 909 macros
[0m22:11:22.585169 [info ] [MainThread]: 
[0m22:11:22.585433 [info ] [MainThread]: Concurrency: 4 threads (target='local')
[0m22:11:22.585628 [info ] [MainThread]: 
[0m22:11:22.585940 [debug] [MainThread]: Acquiring new postgres connection 'master'
[0m22:11:22.588217 [debug] [ThreadPool]: Acquiring new postgres connection 'list_ingatlanmizu'
[0m22:11:22.588547 [debug] [ThreadPool]: Acquiring new postgres connection 'list_ingatlanmizu'
[0m22:11:22.617073 [debug] [ThreadPool]: Using postgres connection "list_ingatlanmizu"
[0m22:11:22.617292 [debug] [ThreadPool]: Using postgres connection "list_ingatlanmizu"
[0m22:11:22.617521 [debug] [ThreadPool]: On list_ingatlanmizu: /* {"app": "dbt", "dbt_version": "1.12.0", "profile_name": "ingatlanmizu", "target_name": "local", "connection_name": "list_ingatlanmizu"} */

    select distinct nspname from pg_namespace
  
[0m22:11:22.617720 [debug] [ThreadPool]: On list_ingatlanmizu: /* {"app": "dbt", "dbt_version": "1.12.0", "profile_name": "ingatlanmizu", "target_name": "local", "connection_name": "list_ingatlanmizu"} */

    select distinct nspname from pg_namespace
  
[0m22:11:22.617905 [debug] [ThreadPool]: Opening a new connection, currently in state init
[0m22:11:22.618079 [debug] [ThreadPool]: Opening a new connection, currently in state init
[0m22:11:22.661869 [debug] [ThreadPool]: SQL status: SELECT 7 in 0.044 seconds
[0m22:11:22.662087 [debug] [ThreadPool]: SQL status: SELECT 7 in 0.044 seconds
[0m22:11:22.662810 [debug] [ThreadPool]: On list_ingatlanmizu: Close
[0m22:11:22.663411 [debug] [ThreadPool]: On list_ingatlanmizu: Close
[0m22:11:22.664496 [debug] [ThreadPool]: Re-using an available connection from the pool (formerly list_ingatlanmizu, now list_ingatlanmizu_silver)
[0m22:11:22.664794 [debug] [ThreadPool]: Re-using an available connection from the pool (formerly list_ingatlanmizu, now list_ingatlanmizu_gold)
[0m22:11:22.667413 [debug] [ThreadPool]: Using postgres connection "list_ingatlanmizu_silver"
[0m22:11:22.668068 [debug] [ThreadPool]: Using postgres connection "list_ingatlanmizu_gold"
[0m22:11:22.668294 [debug] [ThreadPool]: On list_ingatlanmizu_silver: /* {"app": "dbt", "dbt_version": "1.12.0", "profile_name": "ingatlanmizu", "target_name": "local", "connection_name": "list_ingatlanmizu_silver"} */
select
      'ingatlanmizu' as database,
      tablename as name,
      schemaname as schema,
      'table' as type
    from pg_tables
    where schemaname ilike 'silver'
    union all
    select
      'ingatlanmizu' as database,
      viewname as name,
      schemaname as schema,
      'view' as type
    from pg_views
    where schemaname ilike 'silver'
    union all
    select
      'ingatlanmizu' as database,
      matviewname as name,
      schemaname as schema,
      'materialized_view' as type
    from pg_matviews
    where schemaname ilike 'silver'
    union all
    select distinct
     'ingatlanmizu' as database,
     proname as name,
     ns.nspname as schema,
     'function' as type
    from pg_proc
     join pg_namespace as ns on pronamespace = ns.oid
    where ns.nspname ilike 'silver'
  
[0m22:11:22.668542 [debug] [ThreadPool]: On list_ingatlanmizu_gold: /* {"app": "dbt", "dbt_version": "1.12.0", "profile_name": "ingatlanmizu", "target_name": "local", "connection_name": "list_ingatlanmizu_gold"} */
select
      'ingatlanmizu' as database,
      tablename as name,
      schemaname as schema,
      'table' as type
    from pg_tables
    where schemaname ilike 'gold'
    union all
    select
      'ingatlanmizu' as database,
      viewname as name,
      schemaname as schema,
      'view' as type
    from pg_views
    where schemaname ilike 'gold'
    union all
    select
      'ingatlanmizu' as database,
      matviewname as name,
      schemaname as schema,
      'materialized_view' as type
    from pg_matviews
    where schemaname ilike 'gold'
    union all
    select distinct
     'ingatlanmizu' as database,
     proname as name,
     ns.nspname as schema,
     'function' as type
    from pg_proc
     join pg_namespace as ns on pronamespace = ns.oid
    where ns.nspname ilike 'gold'
  
[0m22:11:22.668758 [debug] [ThreadPool]: Opening a new connection, currently in state closed
[0m22:11:22.668920 [debug] [ThreadPool]: Opening a new connection, currently in state closed
[0m22:11:22.688909 [debug] [ThreadPool]: SQL status: SELECT 3 in 0.020 seconds
[0m22:11:22.689110 [debug] [ThreadPool]: SQL status: SELECT 8 in 0.020 seconds
[0m22:11:22.689820 [debug] [ThreadPool]: On list_ingatlanmizu_gold: ROLLBACK
[0m22:11:22.690476 [debug] [ThreadPool]: On list_ingatlanmizu_silver: ROLLBACK
[0m22:11:22.690922 [debug] [ThreadPool]: On list_ingatlanmizu_silver: Close
[0m22:11:22.691090 [debug] [ThreadPool]: On list_ingatlanmizu_gold: Close
[0m22:11:22.694081 [debug] [MainThread]: Using postgres connection "master"
[0m22:11:22.694365 [debug] [MainThread]: On master: /* {"app": "dbt", "dbt_version": "1.12.0", "profile_name": "ingatlanmizu", "target_name": "local", "connection_name": "master"} */
select distinct
        dependent_namespace.nspname as dependent_schema,
        dependent_class.relname as dependent_name,
        referenced_namespace.nspname as referenced_schema,
        referenced_class.relname as referenced_name

    -- Query for views: views are entries in pg_class with an entry in pg_rewrite, but we avoid
    -- a seq scan on pg_rewrite by leveraging the fact there is an "internal" row in pg_depend for
    -- the view...
    from pg_class as dependent_class
    join pg_namespace as dependent_namespace on dependent_namespace.oid = dependent_class.relnamespace
    join pg_depend as dependent_depend on dependent_depend.refobjid = dependent_class.oid
        and dependent_depend.classid = 'pg_rewrite'::regclass
        and dependent_depend.refclassid = 'pg_class'::regclass
        and dependent_depend.deptype = 'i'

    -- ... and via pg_depend (that has a row per column, hence the need for "distinct" above, and
    -- making sure to exclude the internal row to avoid a view appearing to depend on itself)...
    join pg_depend as joining_depend on joining_depend.objid = dependent_depend.objid
        and joining_depend.classid = 'pg_rewrite'::regclass
        and joining_depend.refclassid = 'pg_class'::regclass
        and joining_depend.refobjid != dependent_depend.refobjid

    -- ... we can find the tables they query from in pg_class, but excluding system tables. Note we
    -- don't need need to exclude _dependent_ system tables, because they only query from other
    -- system tables, and so are automatically excluded by excluding _referenced_ system tables
    join pg_class as referenced_class on referenced_class.oid = joining_depend.refobjid
    join pg_namespace as referenced_namespace on referenced_namespace.oid = referenced_class.relnamespace
        and referenced_namespace.nspname != 'information_schema'
        and referenced_namespace.nspname not like 'pg\_%'

    order by
        dependent_schema, dependent_name, referenced_schema, referenced_name;
[0m22:11:22.694614 [debug] [MainThread]: Opening a new connection, currently in state init
[0m22:11:22.707747 [debug] [MainThread]: SQL status: SELECT 9 in 0.013 seconds
[0m22:11:22.709062 [debug] [MainThread]: Sending event: {'category': 'dbt', 'action': 'runnable_timing', 'label': '1145f10d-d488-48d9-ad78-2561d640988a', 'context': [<snowplow_tracker.self_describing_json.SelfDescribingJson object at 0x10b556480>]}
[0m22:11:22.709332 [debug] [MainThread]: On master: ROLLBACK
[0m22:11:22.709744 [debug] [MainThread]: On master: COMMIT
[0m22:11:22.709929 [debug] [MainThread]: Using postgres connection "master"
[0m22:11:22.710106 [debug] [MainThread]: On master: COMMIT
[0m22:11:22.710611 [debug] [MainThread]: SQL status: COMMIT in 0.000 seconds
[0m22:11:22.710837 [debug] [MainThread]: On master: Close
[0m22:11:22.712844 [debug] [Thread-1 (]: Began running node test.ingatlanmizu.source_not_empty_bronze_zenga_listing_versions_alapterulet.587e43f482
[0m22:11:22.713090 [debug] [Thread-2 (]: Began running node test.ingatlanmizu.source_not_empty_bronze_zenga_listing_versions_ar.30dced9905
[0m22:11:22.713496 [debug] [Thread-3 (]: Began running node test.ingatlanmizu.source_not_null_bronze_zenga_listing_versions_hirdeteskod.c6ad6dc23a
[0m22:11:22.713703 [debug] [Thread-4 (]: Began running node test.ingatlanmizu.source_not_null_bronze_zenga_listing_versions_payload_hash.be33627189
[0m22:11:22.713325 [info ] [Thread-1 (]: 1 of 102 START test source_not_empty_bronze_zenga_listing_versions_alapterulet . [RUN]
[0m22:11:22.713977 [info ] [Thread-2 (]: 2 of 102 START test source_not_empty_bronze_zenga_listing_versions_ar .......... [RUN]
[0m22:11:22.714208 [info ] [Thread-3 (]: 3 of 102 START test source_not_null_bronze_zenga_listing_versions_hirdeteskod .. [RUN]
[0m22:11:22.714429 [info ] [Thread-4 (]: 4 of 102 START test source_not_null_bronze_zenga_listing_versions_payload_hash . [RUN]
[0m22:11:22.714683 [debug] [Thread-1 (]: Re-using an available connection from the pool (formerly list_ingatlanmizu_silver, now test.ingatlanmizu.source_not_empty_bronze_zenga_listing_versions_alapterulet.587e43f482)
[0m22:11:22.714918 [debug] [Thread-2 (]: Re-using an available connection from the pool (formerly list_ingatlanmizu_gold, now test.ingatlanmizu.source_not_empty_bronze_zenga_listing_versions_ar.30dced9905)
[0m22:11:22.715178 [debug] [Thread-3 (]: Acquiring new postgres connection 'test.ingatlanmizu.source_not_null_bronze_zenga_listing_versions_hirdeteskod.c6ad6dc23a'
[0m22:11:22.715429 [debug] [Thread-4 (]: Acquiring new postgres connection 'test.ingatlanmizu.source_not_null_bronze_zenga_listing_versions_payload_hash.be33627189'
[0m22:11:22.715634 [debug] [Thread-1 (]: Began compiling node test.ingatlanmizu.source_not_empty_bronze_zenga_listing_versions_alapterulet.587e43f482
[0m22:11:22.715830 [debug] [Thread-2 (]: Began compiling node test.ingatlanmizu.source_not_empty_bronze_zenga_listing_versions_ar.30dced9905
[0m22:11:22.716029 [debug] [Thread-3 (]: Began compiling node test.ingatlanmizu.source_not_null_bronze_zenga_listing_versions_hirdeteskod.c6ad6dc23a
[0m22:11:22.716240 [debug] [Thread-4 (]: Began compiling node test.ingatlanmizu.source_not_null_bronze_zenga_listing_versions_payload_hash.be33627189
[0m22:11:22.724104 [debug] [Thread-1 (]: Writing injected SQL for node "test.ingatlanmizu.source_not_empty_bronze_zenga_listing_versions_alapterulet.587e43f482"
[0m22:11:22.728015 [debug] [Thread-2 (]: Writing injected SQL for node "test.ingatlanmizu.source_not_empty_bronze_zenga_listing_versions_ar.30dced9905"
[0m22:11:22.733413 [debug] [Thread-3 (]: Writing injected SQL for node "test.ingatlanmizu.source_not_null_bronze_zenga_listing_versions_hirdeteskod.c6ad6dc23a"
[0m22:11:22.736609 [debug] [Thread-4 (]: Writing injected SQL for node "test.ingatlanmizu.source_not_null_bronze_zenga_listing_versions_payload_hash.be33627189"
[0m22:11:22.738042 [debug] [Thread-4 (]: Began executing node test.ingatlanmizu.source_not_null_bronze_zenga_listing_versions_payload_hash.be33627189
[0m22:11:22.744345 [debug] [Thread-2 (]: Began executing node test.ingatlanmizu.source_not_empty_bronze_zenga_listing_versions_ar.30dced9905
[0m22:11:22.747297 [debug] [Thread-4 (]: Writing runtime sql for node "test.ingatlanmizu.source_not_null_bronze_zenga_listing_versions_payload_hash.be33627189"
[0m22:11:22.747568 [debug] [Thread-1 (]: Began executing node test.ingatlanmizu.source_not_empty_bronze_zenga_listing_versions_alapterulet.587e43f482
[0m22:11:22.748332 [debug] [Thread-2 (]: Writing runtime sql for node "test.ingatlanmizu.source_not_empty_bronze_zenga_listing_versions_ar.30dced9905"
[0m22:11:22.748561 [debug] [Thread-3 (]: Began executing node test.ingatlanmizu.source_not_null_bronze_zenga_listing_versions_hirdeteskod.c6ad6dc23a
[0m22:11:22.749361 [debug] [Thread-1 (]: Writing runtime sql for node "test.ingatlanmizu.source_not_empty_bronze_zenga_listing_versions_alapterulet.587e43f482"
[0m22:11:22.750184 [debug] [Thread-3 (]: Writing runtime sql for node "test.ingatlanmizu.source_not_null_bronze_zenga_listing_versions_hirdeteskod.c6ad6dc23a"
[0m22:11:22.750608 [debug] [Thread-2 (]: Using postgres connection "test.ingatlanmizu.source_not_empty_bronze_zenga_listing_versions_ar.30dced9905"
[0m22:11:22.750853 [debug] [Thread-4 (]: Using postgres connection "test.ingatlanmizu.source_not_null_bronze_zenga_listing_versions_payload_hash.be33627189"
[0m22:11:22.751152 [debug] [Thread-2 (]: On test.ingatlanmizu.source_not_empty_bronze_zenga_listing_versions_ar.30dced9905: /* {"app": "dbt", "dbt_version": "1.12.0", "profile_name": "ingatlanmizu", "target_name": "local", "node_id": "test.ingatlanmizu.source_not_empty_bronze_zenga_listing_versions_ar.30dced9905"} */

    
    select
      count(*) as failures,
      count(*) != 0 as should_warn,
      count(*) != 0 as should_error
    from (
      
    
  

select *
from "ingatlanmizu"."bronze"."zenga_listing_versions"
where trim(ar) = ''


  
  
      
    ) dbt_internal_test
[0m22:11:22.751395 [debug] [Thread-1 (]: Using postgres connection "test.ingatlanmizu.source_not_empty_bronze_zenga_listing_versions_alapterulet.587e43f482"
[0m22:11:22.751612 [debug] [Thread-3 (]: Using postgres connection "test.ingatlanmizu.source_not_null_bronze_zenga_listing_versions_hirdeteskod.c6ad6dc23a"
[0m22:11:22.751844 [debug] [Thread-4 (]: On test.ingatlanmizu.source_not_null_bronze_zenga_listing_versions_payload_hash.be33627189: /* {"app": "dbt", "dbt_version": "1.12.0", "profile_name": "ingatlanmizu", "target_name": "local", "node_id": "test.ingatlanmizu.source_not_null_bronze_zenga_listing_versions_payload_hash.be33627189"} */

    
    select
      count(*) as failures,
      count(*) != 0 as should_warn,
      count(*) != 0 as should_error
    from (
      
    
  
    
    



select payload_hash
from "ingatlanmizu"."bronze"."zenga_listing_versions"
where payload_hash is null



  
  
      
    ) dbt_internal_test
[0m22:11:22.752072 [debug] [Thread-2 (]: Opening a new connection, currently in state closed
[0m22:11:22.752284 [debug] [Thread-1 (]: On test.ingatlanmizu.source_not_empty_bronze_zenga_listing_versions_alapterulet.587e43f482: /* {"app": "dbt", "dbt_version": "1.12.0", "profile_name": "ingatlanmizu", "target_name": "local", "node_id": "test.ingatlanmizu.source_not_empty_bronze_zenga_listing_versions_alapterulet.587e43f482"} */

    
    select
      count(*) as failures,
      count(*) != 0 as should_warn,
      count(*) != 0 as should_error
    from (
      
    
  

select *
from "ingatlanmizu"."bronze"."zenga_listing_versions"
where trim(alapterulet) = ''


  
  
      
    ) dbt_internal_test
[0m22:11:22.752515 [debug] [Thread-3 (]: On test.ingatlanmizu.source_not_null_bronze_zenga_listing_versions_hirdeteskod.c6ad6dc23a: /* {"app": "dbt", "dbt_version": "1.12.0", "profile_name": "ingatlanmizu", "target_name": "local", "node_id": "test.ingatlanmizu.source_not_null_bronze_zenga_listing_versions_hirdeteskod.c6ad6dc23a"} */

    
    select
      count(*) as failures,
      count(*) != 0 as should_warn,
      count(*) != 0 as should_error
    from (
      
    
  
    
    



select hirdeteskod
from "ingatlanmizu"."bronze"."zenga_listing_versions"
where hirdeteskod is null



  
  
      
    ) dbt_internal_test
[0m22:11:22.752731 [debug] [Thread-4 (]: Opening a new connection, currently in state init
[0m22:11:22.752976 [debug] [Thread-1 (]: Opening a new connection, currently in state closed
[0m22:11:22.753172 [debug] [Thread-3 (]: Opening a new connection, currently in state init
[0m22:11:22.766436 [debug] [Thread-4 (]: SQL status: SELECT 1 in 0.014 seconds
[0m22:11:22.766692 [debug] [Thread-1 (]: SQL status: SELECT 1 in 0.014 seconds
[0m22:11:22.766905 [debug] [Thread-2 (]: SQL status: SELECT 1 in 0.015 seconds
[0m22:11:22.767094 [debug] [Thread-3 (]: SQL status: SELECT 1 in 0.014 seconds
[0m22:11:22.769366 [debug] [Thread-4 (]: On test.ingatlanmizu.source_not_null_bronze_zenga_listing_versions_payload_hash.be33627189: ROLLBACK
[0m22:11:22.770147 [debug] [Thread-1 (]: On test.ingatlanmizu.source_not_empty_bronze_zenga_listing_versions_alapterulet.587e43f482: ROLLBACK
[0m22:11:22.770812 [debug] [Thread-2 (]: On test.ingatlanmizu.source_not_empty_bronze_zenga_listing_versions_ar.30dced9905: ROLLBACK
[0m22:11:22.771490 [debug] [Thread-3 (]: On test.ingatlanmizu.source_not_null_bronze_zenga_listing_versions_hirdeteskod.c6ad6dc23a: ROLLBACK
[0m22:11:22.771930 [debug] [Thread-1 (]: On test.ingatlanmizu.source_not_empty_bronze_zenga_listing_versions_alapterulet.587e43f482: Close
[0m22:11:22.772143 [debug] [Thread-4 (]: On test.ingatlanmizu.source_not_null_bronze_zenga_listing_versions_payload_hash.be33627189: Close
[0m22:11:22.772362 [debug] [Thread-2 (]: On test.ingatlanmizu.source_not_empty_bronze_zenga_listing_versions_ar.30dced9905: Close
[0m22:11:22.772595 [debug] [Thread-3 (]: On test.ingatlanmizu.source_not_null_bronze_zenga_listing_versions_hirdeteskod.c6ad6dc23a: Close
[0m22:11:22.772956 [info ] [Thread-1 (]: 1 of 102 PASS source_not_empty_bronze_zenga_listing_versions_alapterulet ....... [[32mPASS[0m in 0.06s]
[0m22:11:22.773331 [info ] [Thread-2 (]: 2 of 102 PASS source_not_empty_bronze_zenga_listing_versions_ar ................ [[32mPASS[0m in 0.06s]
[0m22:11:22.773681 [info ] [Thread-4 (]: 4 of 102 PASS source_not_null_bronze_zenga_listing_versions_payload_hash ....... [[32mPASS[0m in 0.06s]
[0m22:11:22.774090 [info ] [Thread-3 (]: 3 of 102 PASS source_not_null_bronze_zenga_listing_versions_hirdeteskod ........ [[32mPASS[0m in 0.06s]
[0m22:11:22.774414 [debug] [Thread-1 (]: Finished running node test.ingatlanmizu.source_not_empty_bronze_zenga_listing_versions_alapterulet.587e43f482
[0m22:11:22.774713 [debug] [Thread-2 (]: Finished running node test.ingatlanmizu.source_not_empty_bronze_zenga_listing_versions_ar.30dced9905
[0m22:11:22.774996 [debug] [Thread-4 (]: Finished running node test.ingatlanmizu.source_not_null_bronze_zenga_listing_versions_payload_hash.be33627189
[0m22:11:22.775241 [debug] [Thread-3 (]: Finished running node test.ingatlanmizu.source_not_null_bronze_zenga_listing_versions_hirdeteskod.c6ad6dc23a
[0m22:11:22.775488 [debug] [Thread-1 (]: Began running node test.ingatlanmizu.source_not_null_bronze_zenga_observations_ingestion_run_id.8d02e16768
[0m22:11:22.775778 [debug] [Thread-2 (]: Began running node test.ingatlanmizu.source_not_null_bronze_zenga_observations_listing_code.5da4ccf477
[0m22:11:22.776037 [debug] [Thread-4 (]: Began running node test.ingatlanmizu.source_not_null_bronze_zenga_observations_observed_at.688ac514ce
[0m22:11:22.776393 [debug] [Thread-3 (]: Began running node model.ingatlanmizu.stg_zenga__listing_versions
[0m22:11:22.776661 [info ] [Thread-1 (]: 5 of 102 START test source_not_null_bronze_zenga_observations_ingestion_run_id . [RUN]
[0m22:11:22.776912 [info ] [Thread-2 (]: 6 of 102 START test source_not_null_bronze_zenga_observations_listing_code ..... [RUN]
[0m22:11:22.777145 [info ] [Thread-4 (]: 7 of 102 START test source_not_null_bronze_zenga_observations_observed_at ...... [RUN]
[0m22:11:22.777431 [info ] [Thread-3 (]: 8 of 102 START sql view model silver.stg_zenga__listing_versions ............... [RUN]
[0m22:11:22.777715 [debug] [Thread-1 (]: Re-using an available connection from the pool (formerly test.ingatlanmizu.source_not_empty_bronze_zenga_listing_versions_alapterulet.587e43f482, now test.ingatlanmizu.source_not_null_bronze_zenga_observations_ingestion_run_id.8d02e16768)
[0m22:11:22.777948 [debug] [Thread-2 (]: Re-using an available connection from the pool (formerly test.ingatlanmizu.source_not_empty_bronze_zenga_listing_versions_ar.30dced9905, now test.ingatlanmizu.source_not_null_bronze_zenga_observations_listing_code.5da4ccf477)
[0m22:11:22.778214 [debug] [Thread-4 (]: Re-using an available connection from the pool (formerly test.ingatlanmizu.source_not_null_bronze_zenga_listing_versions_payload_hash.be33627189, now test.ingatlanmizu.source_not_null_bronze_zenga_observations_observed_at.688ac514ce)
[0m22:11:22.778425 [debug] [Thread-3 (]: Re-using an available connection from the pool (formerly test.ingatlanmizu.source_not_null_bronze_zenga_listing_versions_hirdeteskod.c6ad6dc23a, now model.ingatlanmizu.stg_zenga__listing_versions)
[0m22:11:22.778624 [debug] [Thread-1 (]: Began compiling node test.ingatlanmizu.source_not_null_bronze_zenga_observations_ingestion_run_id.8d02e16768
[0m22:11:22.778815 [debug] [Thread-2 (]: Began compiling node test.ingatlanmizu.source_not_null_bronze_zenga_observations_listing_code.5da4ccf477
[0m22:11:22.779013 [debug] [Thread-4 (]: Began compiling node test.ingatlanmizu.source_not_null_bronze_zenga_observations_observed_at.688ac514ce
[0m22:11:22.779196 [debug] [Thread-3 (]: Began compiling node model.ingatlanmizu.stg_zenga__listing_versions
[0m22:11:22.782484 [debug] [Thread-1 (]: Writing injected SQL for node "test.ingatlanmizu.source_not_null_bronze_zenga_observations_ingestion_run_id.8d02e16768"
[0m22:11:22.785608 [debug] [Thread-2 (]: Writing injected SQL for node "test.ingatlanmizu.source_not_null_bronze_zenga_observations_listing_code.5da4ccf477"
[0m22:11:22.788694 [debug] [Thread-4 (]: Writing injected SQL for node "test.ingatlanmizu.source_not_null_bronze_zenga_observations_observed_at.688ac514ce"
[0m22:11:22.793444 [debug] [Thread-3 (]: Writing injected SQL for node "model.ingatlanmizu.stg_zenga__listing_versions"
[0m22:11:22.795106 [debug] [Thread-2 (]: Began executing node test.ingatlanmizu.source_not_null_bronze_zenga_observations_listing_code.5da4ccf477
[0m22:11:22.795315 [debug] [Thread-4 (]: Began executing node test.ingatlanmizu.source_not_null_bronze_zenga_observations_observed_at.688ac514ce
[0m22:11:22.795546 [debug] [Thread-1 (]: Began executing node test.ingatlanmizu.source_not_null_bronze_zenga_observations_ingestion_run_id.8d02e16768
[0m22:11:22.796344 [debug] [Thread-2 (]: Writing runtime sql for node "test.ingatlanmizu.source_not_null_bronze_zenga_observations_listing_code.5da4ccf477"
[0m22:11:22.796570 [debug] [Thread-3 (]: Began executing node model.ingatlanmizu.stg_zenga__listing_versions
[0m22:11:22.797348 [debug] [Thread-4 (]: Writing runtime sql for node "test.ingatlanmizu.source_not_null_bronze_zenga_observations_observed_at.688ac514ce"
[0m22:11:22.798113 [debug] [Thread-1 (]: Writing runtime sql for node "test.ingatlanmizu.source_not_null_bronze_zenga_observations_ingestion_run_id.8d02e16768"
[0m22:11:22.816267 [debug] [Thread-3 (]: Writing runtime sql for node "model.ingatlanmizu.stg_zenga__listing_versions"
[0m22:11:22.816600 [debug] [Thread-2 (]: Using postgres connection "test.ingatlanmizu.source_not_null_bronze_zenga_observations_listing_code.5da4ccf477"
[0m22:11:22.816991 [debug] [Thread-2 (]: On test.ingatlanmizu.source_not_null_bronze_zenga_observations_listing_code.5da4ccf477: /* {"app": "dbt", "dbt_version": "1.12.0", "profile_name": "ingatlanmizu", "target_name": "local", "node_id": "test.ingatlanmizu.source_not_null_bronze_zenga_observations_listing_code.5da4ccf477"} */

    
    select
      count(*) as failures,
      count(*) != 0 as should_warn,
      count(*) != 0 as should_error
    from (
      
    
  
    
    



select listing_code
from "ingatlanmizu"."bronze"."zenga_observations"
where listing_code is null



  
  
      
    ) dbt_internal_test
[0m22:11:22.817265 [debug] [Thread-4 (]: Using postgres connection "test.ingatlanmizu.source_not_null_bronze_zenga_observations_observed_at.688ac514ce"
[0m22:11:22.817509 [debug] [Thread-2 (]: Opening a new connection, currently in state closed
[0m22:11:22.817727 [debug] [Thread-1 (]: Using postgres connection "test.ingatlanmizu.source_not_null_bronze_zenga_observations_ingestion_run_id.8d02e16768"
[0m22:11:22.817963 [debug] [Thread-3 (]: Using postgres connection "model.ingatlanmizu.stg_zenga__listing_versions"
[0m22:11:22.818225 [debug] [Thread-4 (]: On test.ingatlanmizu.source_not_null_bronze_zenga_observations_observed_at.688ac514ce: /* {"app": "dbt", "dbt_version": "1.12.0", "profile_name": "ingatlanmizu", "target_name": "local", "node_id": "test.ingatlanmizu.source_not_null_bronze_zenga_observations_observed_at.688ac514ce"} */

    
    select
      count(*) as failures,
      count(*) != 0 as should_warn,
      count(*) != 0 as should_error
    from (
      
    
  
    
    



select observed_at
from "ingatlanmizu"."bronze"."zenga_observations"
where observed_at is null



  
  
      
    ) dbt_internal_test
[0m22:11:22.818555 [debug] [Thread-1 (]: On test.ingatlanmizu.source_not_null_bronze_zenga_observations_ingestion_run_id.8d02e16768: /* {"app": "dbt", "dbt_version": "1.12.0", "profile_name": "ingatlanmizu", "target_name": "local", "node_id": "test.ingatlanmizu.source_not_null_bronze_zenga_observations_ingestion_run_id.8d02e16768"} */

    
    select
      count(*) as failures,
      count(*) != 0 as should_warn,
      count(*) != 0 as should_error
    from (
      
    
  
    
    



select ingestion_run_id
from "ingatlanmizu"."bronze"."zenga_observations"
where ingestion_run_id is null



  
  
      
    ) dbt_internal_test
[0m22:11:22.819062 [debug] [Thread-3 (]: On model.ingatlanmizu.stg_zenga__listing_versions: /* {"app": "dbt", "dbt_version": "1.12.0", "profile_name": "ingatlanmizu", "target_name": "local", "node_id": "model.ingatlanmizu.stg_zenga__listing_versions"} */

  create view "ingatlanmizu"."silver"."stg_zenga__listing_versions__dbt_tmp"
    
    
  as (
    with 
    source as (
        select * 
        from "ingatlanmizu"."bronze"."zenga_listing_versions"
        where ar is not null
        and alapterulet is not null
    ),

    renamed as (
        select
            id as bronze_id,
            hirdeteskod as listing_code,
            concat('zenga', ':', hirdeteskod) as listing_key,
            'zenga' as source,
            megnevezes as title,
            (-- Converts human-readable numeric values to a number
-- "49,9 millió Ft" -> 49.9 
-- "65 m²" -> 65
-- Non-breaking spaces (chr(160)) are replaced to spaces
-- It returns NULL if the result is empty
nullif(
    replace(
        regexp_replace(
            replace(ar, chr(160), ' '), 
            '[^0-9,]', '', 'g'
        ), ',', '.'
    ), ''
)::numeric * -- Returns the magnitude of a human-readable price
-- "49,9 millió Ft" -> 1000000
case
    when ar ilike '%milliárd%'  then 1000000000
    when ar ilike '%millió%'    then 1000000
    when ar ilike '%ezer%'      then 1000
    else 1
end)::bigint as price_huf,
            ((-- Converts human-readable numeric values to a number
-- "49,9 millió Ft" -> 49.9 
-- "65 m²" -> 65
-- Non-breaking spaces (chr(160)) are replaced to spaces
-- It returns NULL if the result is empty
nullif(
    replace(
        regexp_replace(
            replace(ar, chr(160), ' '), 
            '[^0-9,]', '', 'g'
        ), ',', '.'
    ), ''
)::numeric * -- Returns the magnitude of a human-readable price
-- "49,9 millió Ft" -> 1000000
case
    when ar ilike '%milliárd%'  then 1000000000
    when ar ilike '%millió%'    then 1000000
    when ar ilike '%ezer%'      then 1000
    else 1
end) / -- Converts human-readable numeric values to a number
-- "49,9 millió Ft" -> 49.9 
-- "65 m²" -> 65
-- Non-breaking spaces (chr(160)) are replaced to spaces
-- It returns NULL if the result is empty
nullif(
    replace(
        regexp_replace(
            replace(alapterulet, chr(160), ' '), 
            '[^0-9,]', '', 'g'
        ), ',', '.'
    ), ''
)::numeric)::int as price_per_square_meter,
            btrim(split_part(cim, ',', 1))
 as city,
            nullif(btrim(split_part(cim, ',', 2)), '')
 as location_detail,
            -- Converts human-readable numeric values to a number
-- "49,9 millió Ft" -> 49.9 
-- "65 m²" -> 65
-- Non-breaking spaces (chr(160)) are replaced to spaces
-- It returns NULL if the result is empty
nullif(
    replace(
        regexp_replace(
            replace(alapterulet, chr(160), ' '), 
            '[^0-9,]', '', 'g'
        ), ',', '.'
    ), ''
)::numeric as area_sqm,
            -- Converts human-readable numeric values to a number
-- "49,9 millió Ft" -> 49.9 
-- "65 m²" -> 65
-- Non-breaking spaces (chr(160)) are replaced to spaces
-- It returns NULL if the result is empty
nullif(
    replace(
        regexp_replace(
            replace(telek, chr(160), ' '), 
            '[^0-9,]', '', 'g'
        ), ',', '.'
    ), ''
)::numeric as plot_size,
            -- Converts human-readable numeric values to a number
-- "49,9 millió Ft" -> 49.9 
-- "65 m²" -> 65
-- Non-breaking spaces (chr(160)) are replaced to spaces
-- It returns NULL if the result is empty
nullif(
    replace(
        regexp_replace(
            replace(emelet, chr(160), ' '), 
            '[^0-9,]', '', 'g'
        ), ',', '.'
    ), ''
)::numeric as floor,
            emelet as floor_raw,
            coalesce(substring(szobak_szama from '(^\d+)')::numeric, 0)
    + (coalesce(substring(szobak_szama from '\+\s*(\d+)')::numeric, 0) * 0.5)
 as number_of_rooms,
            szobak_szama as number_of_rooms_raw,
            leiras as description,
            futes as heating,
            -- Converts human-readable numeric values to a number
-- "49,9 millió Ft" -> 49.9 
-- "65 m²" -> 65
-- Non-breaking spaces (chr(160)) are replaced to spaces
-- It returns NULL if the result is empty
nullif(
    replace(
        regexp_replace(
            replace(epites_eve, chr(160), ' '), 
            '[^0-9,]', '', 'g'
        ), ',', '.'
    ), ''
)::numeric as year_of_building,
            -- Converts human-readable numeric values to a number
-- "49,9 millió Ft" -> 49.9 
-- "65 m²" -> 65
-- Non-breaking spaces (chr(160)) are replaced to spaces
-- It returns NULL if the result is empty
nullif(
    replace(
        regexp_replace(
            replace(terasz, chr(160), ' '), 
            '[^0-9,]', '', 'g'
        ), ',', '.'
    ), ''
)::numeric as balcony_area,
            -- JJ (2016-2023-as besorolás) -> JJ
            regexp_replace(energetikai_besorolas, '\s+\(.*', '') as energy_rating,            
            -- Converts human-readable numeric values to a number
-- "49,9 millió Ft" -> 49.9 
-- "65 m²" -> 65
-- Non-breaking spaces (chr(160)) are replaced to spaces
-- It returns NULL if the result is empty
nullif(
    replace(
        regexp_replace(
            replace(szintek_szama, chr(160), ' '), 
            '[^0-9,]', '', 'g'
        ), ',', '.'
    ), ''
)::numeric as max_number_of_floors_in_building,
            created_at as observed_at,
            ingestion_run_id as ingestion_run_id,
            payload_hash as payload_hash,
            hirdeto_neve as seller_name,
            ingatlan_iroda_neve as real_estate_office_name,
            tipus as sub_type,
            case
                when tipus ilike '%ház%' then   'Ház'
                when tipus ilike '%lakás%' then 'Lakás'
                else null       -- this will cause a data test error
            end as main_type,
            case
                when allapot is null then   'Ismeretlen'
                when allapot = '' then      'Ismeretlen'
                else allapot
            end as condition
        from source
    )

select * from renamed
  );
[0m22:11:22.819484 [debug] [Thread-4 (]: Opening a new connection, currently in state closed
[0m22:11:22.819692 [debug] [Thread-1 (]: Opening a new connection, currently in state closed
[0m22:11:22.819887 [debug] [Thread-3 (]: Opening a new connection, currently in state closed
[0m22:11:22.833139 [debug] [Thread-2 (]: SQL status: SELECT 1 in 0.016 seconds
[0m22:11:22.833923 [debug] [Thread-2 (]: On test.ingatlanmizu.source_not_null_bronze_zenga_observations_listing_code.5da4ccf477: ROLLBACK
[0m22:11:22.834544 [debug] [Thread-2 (]: On test.ingatlanmizu.source_not_null_bronze_zenga_observations_listing_code.5da4ccf477: Close
[0m22:11:22.834774 [debug] [Thread-1 (]: SQL status: SELECT 1 in 0.015 seconds
[0m22:11:22.834975 [debug] [Thread-4 (]: SQL status: SELECT 1 in 0.015 seconds
[0m22:11:22.835312 [info ] [Thread-2 (]: 6 of 102 PASS source_not_null_bronze_zenga_observations_listing_code ........... [[32mPASS[0m in 0.06s]
[0m22:11:22.836083 [debug] [Thread-1 (]: On test.ingatlanmizu.source_not_null_bronze_zenga_observations_ingestion_run_id.8d02e16768: ROLLBACK
[0m22:11:22.836846 [debug] [Thread-4 (]: On test.ingatlanmizu.source_not_null_bronze_zenga_observations_observed_at.688ac514ce: ROLLBACK
[0m22:11:22.837189 [debug] [Thread-2 (]: Finished running node test.ingatlanmizu.source_not_null_bronze_zenga_observations_listing_code.5da4ccf477
[0m22:11:22.837733 [debug] [Thread-1 (]: On test.ingatlanmizu.source_not_null_bronze_zenga_observations_ingestion_run_id.8d02e16768: Close
[0m22:11:22.838002 [debug] [Thread-4 (]: On test.ingatlanmizu.source_not_null_bronze_zenga_observations_observed_at.688ac514ce: Close
[0m22:11:22.838394 [info ] [Thread-1 (]: 5 of 102 PASS source_not_null_bronze_zenga_observations_ingestion_run_id ....... [[32mPASS[0m in 0.06s]
[0m22:11:22.838758 [info ] [Thread-4 (]: 7 of 102 PASS source_not_null_bronze_zenga_observations_observed_at ............ [[32mPASS[0m in 0.06s]
[0m22:11:22.839072 [debug] [Thread-1 (]: Finished running node test.ingatlanmizu.source_not_null_bronze_zenga_observations_ingestion_run_id.8d02e16768
[0m22:11:22.839393 [debug] [Thread-4 (]: Finished running node test.ingatlanmizu.source_not_null_bronze_zenga_observations_observed_at.688ac514ce
[0m22:11:22.839772 [debug] [Thread-2 (]: Began running node model.ingatlanmizu.stg_zenga__observations
[0m22:11:22.840238 [debug] [Thread-3 (]: SQL status: CREATE VIEW in 0.020 seconds
[0m22:11:22.840065 [info ] [Thread-2 (]: 9 of 102 START sql view model silver.stg_zenga__observations ................... [RUN]
[0m22:11:22.843013 [debug] [Thread-3 (]: Using postgres connection "model.ingatlanmizu.stg_zenga__listing_versions"
[0m22:11:22.843293 [debug] [Thread-2 (]: Re-using an available connection from the pool (formerly test.ingatlanmizu.source_not_null_bronze_zenga_observations_listing_code.5da4ccf477, now model.ingatlanmizu.stg_zenga__observations)
[0m22:11:22.843519 [debug] [Thread-3 (]: On model.ingatlanmizu.stg_zenga__listing_versions: /* {"app": "dbt", "dbt_version": "1.12.0", "profile_name": "ingatlanmizu", "target_name": "local", "node_id": "model.ingatlanmizu.stg_zenga__listing_versions"} */
alter table "ingatlanmizu"."silver"."stg_zenga__listing_versions" rename to "stg_zenga__listing_versions__dbt_backup"
[0m22:11:22.843735 [debug] [Thread-2 (]: Began compiling node model.ingatlanmizu.stg_zenga__observations
[0m22:11:22.844847 [debug] [Thread-2 (]: Writing injected SQL for node "model.ingatlanmizu.stg_zenga__observations"
[0m22:11:22.845076 [debug] [Thread-3 (]: SQL status: ALTER TABLE in 0.001 seconds
[0m22:11:22.846263 [debug] [Thread-3 (]: Using postgres connection "model.ingatlanmizu.stg_zenga__listing_versions"
[0m22:11:22.846480 [debug] [Thread-3 (]: On model.ingatlanmizu.stg_zenga__listing_versions: /* {"app": "dbt", "dbt_version": "1.12.0", "profile_name": "ingatlanmizu", "target_name": "local", "node_id": "model.ingatlanmizu.stg_zenga__listing_versions"} */
alter table "ingatlanmizu"."silver"."stg_zenga__listing_versions__dbt_tmp" rename to "stg_zenga__listing_versions"
[0m22:11:22.846779 [debug] [Thread-2 (]: Began executing node model.ingatlanmizu.stg_zenga__observations
[0m22:11:22.848172 [debug] [Thread-2 (]: Writing runtime sql for node "model.ingatlanmizu.stg_zenga__observations"
[0m22:11:22.848407 [debug] [Thread-3 (]: SQL status: ALTER TABLE in 0.002 seconds
[0m22:11:22.858062 [debug] [Thread-3 (]: On model.ingatlanmizu.stg_zenga__listing_versions: COMMIT
[0m22:11:22.858313 [debug] [Thread-3 (]: Using postgres connection "model.ingatlanmizu.stg_zenga__listing_versions"
[0m22:11:22.858524 [debug] [Thread-3 (]: On model.ingatlanmizu.stg_zenga__listing_versions: COMMIT
[0m22:11:22.858754 [debug] [Thread-2 (]: Using postgres connection "model.ingatlanmizu.stg_zenga__observations"
[0m22:11:22.859018 [debug] [Thread-2 (]: On model.ingatlanmizu.stg_zenga__observations: /* {"app": "dbt", "dbt_version": "1.12.0", "profile_name": "ingatlanmizu", "target_name": "local", "node_id": "model.ingatlanmizu.stg_zenga__observations"} */

  create view "ingatlanmizu"."silver"."stg_zenga__observations__dbt_tmp"
    
    
  as (
    select 
    id as bronze_id,
    listing_code,
    observed_at,
    ingestion_run_id,
    concat('zenga', ':', listing_code) as listing_key,
    'zenga' as source
from "ingatlanmizu"."bronze"."zenga_observations"
  );
[0m22:11:22.859244 [debug] [Thread-2 (]: Opening a new connection, currently in state closed
[0m22:11:22.859863 [debug] [Thread-3 (]: SQL status: COMMIT in 0.001 seconds
[0m22:11:22.862721 [debug] [Thread-3 (]: Applying DROP to: "ingatlanmizu"."silver"."stg_zenga__listing_versions__dbt_backup"
[0m22:11:22.867662 [debug] [Thread-3 (]: Using postgres connection "model.ingatlanmizu.stg_zenga__listing_versions"
[0m22:11:22.867933 [debug] [Thread-3 (]: On model.ingatlanmizu.stg_zenga__listing_versions: /* {"app": "dbt", "dbt_version": "1.12.0", "profile_name": "ingatlanmizu", "target_name": "local", "node_id": "model.ingatlanmizu.stg_zenga__listing_versions"} */
drop view if exists "ingatlanmizu"."silver"."stg_zenga__listing_versions__dbt_backup" cascade
[0m22:11:22.871254 [debug] [Thread-2 (]: SQL status: CREATE VIEW in 0.012 seconds
[0m22:11:22.872376 [debug] [Thread-2 (]: Using postgres connection "model.ingatlanmizu.stg_zenga__observations"
[0m22:11:22.872616 [debug] [Thread-3 (]: SQL status: DROP VIEW in 0.004 seconds
[0m22:11:22.872926 [debug] [Thread-2 (]: On model.ingatlanmizu.stg_zenga__observations: /* {"app": "dbt", "dbt_version": "1.12.0", "profile_name": "ingatlanmizu", "target_name": "local", "node_id": "model.ingatlanmizu.stg_zenga__observations"} */
alter table "ingatlanmizu"."silver"."stg_zenga__observations" rename to "stg_zenga__observations__dbt_backup"
[0m22:11:22.873627 [debug] [Thread-3 (]: On model.ingatlanmizu.stg_zenga__listing_versions: Close
[0m22:11:22.874265 [debug] [Thread-2 (]: SQL status: ALTER TABLE in 0.000 seconds
[0m22:11:22.875751 [debug] [Thread-2 (]: Using postgres connection "model.ingatlanmizu.stg_zenga__observations"
[0m22:11:22.876019 [debug] [Thread-2 (]: On model.ingatlanmizu.stg_zenga__observations: /* {"app": "dbt", "dbt_version": "1.12.0", "profile_name": "ingatlanmizu", "target_name": "local", "node_id": "model.ingatlanmizu.stg_zenga__observations"} */
alter table "ingatlanmizu"."silver"."stg_zenga__observations__dbt_tmp" rename to "stg_zenga__observations"
[0m22:11:22.876247 [debug] [Thread-3 (]: Sending event: {'category': 'dbt', 'action': 'run_model', 'label': '1145f10d-d488-48d9-ad78-2561d640988a', 'context': [<snowplow_tracker.self_describing_json.SelfDescribingJson object at 0x10be69130>]}
[0m22:11:22.876790 [debug] [Thread-2 (]: SQL status: ALTER TABLE in 0.000 seconds
[0m22:11:22.876625 [info ] [Thread-3 (]: 8 of 102 OK created sql view model silver.stg_zenga__listing_versions .......... [[32mCREATE VIEW[0m in 0.10s]
[0m22:11:22.877647 [debug] [Thread-2 (]: On model.ingatlanmizu.stg_zenga__observations: COMMIT
[0m22:11:22.877940 [debug] [Thread-3 (]: Finished running node model.ingatlanmizu.stg_zenga__listing_versions
[0m22:11:22.878146 [debug] [Thread-2 (]: Using postgres connection "model.ingatlanmizu.stg_zenga__observations"
[0m22:11:22.878597 [debug] [Thread-2 (]: On model.ingatlanmizu.stg_zenga__observations: COMMIT
[0m22:11:22.878805 [debug] [Thread-4 (]: Began running node test.ingatlanmizu.accepted_values_stg_zenga__listing_versions_condition__Ismeretlen___j_p_t_s____tlagos__Fel_j_tott__J_llapot____jszer___Fel_j_tand_.ef80ab98ea
[0m22:11:22.879015 [debug] [Thread-1 (]: Began running node test.ingatlanmizu.accepted_values_stg_zenga__listing_versions_energy_rating__JJ__J__I__H__G__F__E__D__C__B__A__A___A___A_.41dda72962
[0m22:11:22.879216 [debug] [Thread-3 (]: Began running node test.ingatlanmizu.accepted_values_stg_zenga__listing_versions_heating__H_szivatty___G_zkaz_n__Elektromos__G_z_konvektor___G_z__Cser_pk_lyha__Kandall___Kl_ma__Egy_b__Egy_b_kaz_n__Nincs_f_t_s__Padl_f_t_s__Vegyes_t_zel_s_kaz_n.3467996681
[0m22:11:22.879448 [info ] [Thread-4 (]: 10 of 102 START test accepted_values_stg_zenga__listing_versions_condition__Ismeretlen___j_p_t_s____tlagos__Fel_j_tott__J_llapot____jszer___Fel_j_tand_  [RUN]
[0m22:11:22.879688 [info ] [Thread-1 (]: 11 of 102 START test accepted_values_stg_zenga__listing_versions_energy_rating__JJ__J__I__H__G__F__E__D__C__B__A__A___A___A_  [RUN]
[0m22:11:22.879951 [info ] [Thread-3 (]: 12 of 102 START test accepted_values_stg_zenga__listing_versions_heating__H_szivatty___G_zkaz_n__Elektromos__G_z_konvektor___G_z__Cser_pk_lyha__Kandall___Kl_ma__Egy_b__Egy_b_kaz_n__Nincs_f_t_s__Padl_f_t_s__Vegyes_t_zel_s_kaz_n  [RUN]
[0m22:11:22.880262 [debug] [Thread-2 (]: SQL status: COMMIT in 0.001 seconds
[0m22:11:22.880499 [debug] [Thread-4 (]: Re-using an available connection from the pool (formerly test.ingatlanmizu.source_not_null_bronze_zenga_observations_observed_at.688ac514ce, now test.ingatlanmizu.accepted_values_stg_zenga__listing_versions_condition__Ismeretlen___j_p_t_s____tlagos__Fel_j_tott__J_llapot____jszer___Fel_j_tand_.ef80ab98ea)
[0m22:11:22.880745 [debug] [Thread-1 (]: Re-using an available connection from the pool (formerly test.ingatlanmizu.source_not_null_bronze_zenga_observations_ingestion_run_id.8d02e16768, now test.ingatlanmizu.accepted_values_stg_zenga__listing_versions_energy_rating__JJ__J__I__H__G__F__E__D__C__B__A__A___A___A_.41dda72962)
[0m22:11:22.880976 [debug] [Thread-3 (]: Re-using an available connection from the pool (formerly model.ingatlanmizu.stg_zenga__listing_versions, now test.ingatlanmizu.accepted_values_stg_zenga__listing_versions_heating__H_szivatty___G_zkaz_n__Elektromos__G_z_konvektor___G_z__Cser_pk_lyha__Kandall___Kl_ma__Egy_b__Egy_b_kaz_n__Nincs_f_t_s__Padl_f_t_s__Vegyes_t_zel_s_kaz_n.3467996681)
[0m22:11:22.881725 [debug] [Thread-2 (]: Applying DROP to: "ingatlanmizu"."silver"."stg_zenga__observations__dbt_backup"
[0m22:11:22.881941 [debug] [Thread-4 (]: Began compiling node test.ingatlanmizu.accepted_values_stg_zenga__listing_versions_condition__Ismeretlen___j_p_t_s____tlagos__Fel_j_tott__J_llapot____jszer___Fel_j_tand_.ef80ab98ea
[0m22:11:22.882149 [debug] [Thread-1 (]: Began compiling node test.ingatlanmizu.accepted_values_stg_zenga__listing_versions_energy_rating__JJ__J__I__H__G__F__E__D__C__B__A__A___A___A_.41dda72962
[0m22:11:22.882353 [debug] [Thread-3 (]: Began compiling node test.ingatlanmizu.accepted_values_stg_zenga__listing_versions_heating__H_szivatty___G_zkaz_n__Elektromos__G_z_konvektor___G_z__Cser_pk_lyha__Kandall___Kl_ma__Egy_b__Egy_b_kaz_n__Nincs_f_t_s__Padl_f_t_s__Vegyes_t_zel_s_kaz_n.3467996681
[0m22:11:22.882670 [debug] [Thread-2 (]: Using postgres connection "model.ingatlanmizu.stg_zenga__observations"
[0m22:11:22.902699 [debug] [Thread-4 (]: Writing injected SQL for node "test.ingatlanmizu.accepted_values_stg_zenga__listing_versions_condition__Ismeretlen___j_p_t_s____tlagos__Fel_j_tott__J_llapot____jszer___Fel_j_tand_.ef80ab98ea"
[0m22:11:22.946051 [debug] [Thread-1 (]: Writing injected SQL for node "test.ingatlanmizu.accepted_values_stg_zenga__listing_versions_energy_rating__JJ__J__I__H__G__F__E__D__C__B__A__A___A___A_.41dda72962"
[0m22:11:22.965127 [debug] [Thread-3 (]: Writing injected SQL for node "test.ingatlanmizu.accepted_values_stg_zenga__listing_versions_heating__H_szivatty___G_zkaz_n__Elektromos__G_z_konvektor___G_z__Cser_pk_lyha__Kandall___Kl_ma__Egy_b__Egy_b_kaz_n__Nincs_f_t_s__Padl_f_t_s__Vegyes_t_zel_s_kaz_n.3467996681"
[0m22:11:22.965401 [debug] [Thread-2 (]: On model.ingatlanmizu.stg_zenga__observations: /* {"app": "dbt", "dbt_version": "1.12.0", "profile_name": "ingatlanmizu", "target_name": "local", "node_id": "model.ingatlanmizu.stg_zenga__observations"} */
drop view if exists "ingatlanmizu"."silver"."stg_zenga__observations__dbt_backup" cascade
[0m22:11:22.966266 [debug] [Thread-4 (]: Began executing node test.ingatlanmizu.accepted_values_stg_zenga__listing_versions_condition__Ismeretlen___j_p_t_s____tlagos__Fel_j_tott__J_llapot____jszer___Fel_j_tand_.ef80ab98ea
[0m22:11:22.966495 [debug] [Thread-1 (]: Began executing node test.ingatlanmizu.accepted_values_stg_zenga__listing_versions_energy_rating__JJ__J__I__H__G__F__E__D__C__B__A__A___A___A_.41dda72962
[0m22:11:22.966733 [debug] [Thread-3 (]: Began executing node test.ingatlanmizu.accepted_values_stg_zenga__listing_versions_heating__H_szivatty___G_zkaz_n__Elektromos__G_z_konvektor___G_z__Cser_pk_lyha__Kandall___Kl_ma__Egy_b__Egy_b_kaz_n__Nincs_f_t_s__Padl_f_t_s__Vegyes_t_zel_s_kaz_n.3467996681
[0m22:11:22.967549 [debug] [Thread-4 (]: Writing runtime sql for node "test.ingatlanmizu.accepted_values_stg_zenga__listing_versions_condition__Ismeretlen___j_p_t_s____tlagos__Fel_j_tott__J_llapot____jszer___Fel_j_tand_.ef80ab98ea"
[0m22:11:22.968271 [debug] [Thread-1 (]: Writing runtime sql for node "test.ingatlanmizu.accepted_values_stg_zenga__listing_versions_energy_rating__JJ__J__I__H__G__F__E__D__C__B__A__A___A___A_.41dda72962"
[0m22:11:22.969037 [debug] [Thread-3 (]: Writing runtime sql for node "test.ingatlanmizu.accepted_values_stg_zenga__listing_versions_heating__H_szivatty___G_zkaz_n__Elektromos__G_z_konvektor___G_z__Cser_pk_lyha__Kandall___Kl_ma__Egy_b__Egy_b_kaz_n__Nincs_f_t_s__Padl_f_t_s__Vegyes_t_zel_s_kaz_n.3467996681"
[0m22:11:22.969482 [debug] [Thread-4 (]: Using postgres connection "test.ingatlanmizu.accepted_values_stg_zenga__listing_versions_condition__Ismeretlen___j_p_t_s____tlagos__Fel_j_tott__J_llapot____jszer___Fel_j_tand_.ef80ab98ea"
[0m22:11:22.969743 [debug] [Thread-1 (]: Using postgres connection "test.ingatlanmizu.accepted_values_stg_zenga__listing_versions_energy_rating__JJ__J__I__H__G__F__E__D__C__B__A__A___A___A_.41dda72962"
[0m22:11:22.970043 [debug] [Thread-4 (]: On test.ingatlanmizu.accepted_values_stg_zenga__listing_versions_condition__Ismeretlen___j_p_t_s____tlagos__Fel_j_tott__J_llapot____jszer___Fel_j_tand_.ef80ab98ea: /* {"app": "dbt", "dbt_version": "1.12.0", "profile_name": "ingatlanmizu", "target_name": "local", "node_id": "test.ingatlanmizu.accepted_values_stg_zenga__listing_versions_condition__Ismeretlen___j_p_t_s____tlagos__Fel_j_tott__J_llapot____jszer___Fel_j_tand_.ef80ab98ea"} */

    
    select
      count(*) as failures,
      count(*) != 0 as should_warn,
      count(*) != 0 as should_error
    from (
      
    
  
    
    

with all_values as (

    select
        condition as value_field,
        count(*) as n_records

    from "ingatlanmizu"."silver"."stg_zenga__listing_versions"
    group by condition

)

select *
from all_values
where value_field not in (
    'Ismeretlen','Új építésű','Átlagos','Felújított','Jó állapotú','Újszerű','Felújítandó'
)



  
  
      
    ) dbt_internal_test
[0m22:11:22.970316 [debug] [Thread-3 (]: Using postgres connection "test.ingatlanmizu.accepted_values_stg_zenga__listing_versions_heating__H_szivatty___G_zkaz_n__Elektromos__G_z_konvektor___G_z__Cser_pk_lyha__Kandall___Kl_ma__Egy_b__Egy_b_kaz_n__Nincs_f_t_s__Padl_f_t_s__Vegyes_t_zel_s_kaz_n.3467996681"
[0m22:11:22.970524 [debug] [Thread-2 (]: SQL status: DROP VIEW in 0.005 seconds
[0m22:11:22.970758 [debug] [Thread-1 (]: On test.ingatlanmizu.accepted_values_stg_zenga__listing_versions_energy_rating__JJ__J__I__H__G__F__E__D__C__B__A__A___A___A_.41dda72962: /* {"app": "dbt", "dbt_version": "1.12.0", "profile_name": "ingatlanmizu", "target_name": "local", "node_id": "test.ingatlanmizu.accepted_values_stg_zenga__listing_versions_energy_rating__JJ__J__I__H__G__F__E__D__C__B__A__A___A___A_.41dda72962"} */

    
    select
      count(*) as failures,
      count(*) != 0 as should_warn,
      count(*) != 0 as should_error
    from (
      
    
  
    
    

with all_values as (

    select
        energy_rating as value_field,
        count(*) as n_records

    from "ingatlanmizu"."silver"."stg_zenga__listing_versions"
    group by energy_rating

)

select *
from all_values
where value_field not in (
    'JJ','J','I','H','G','F','E','D','C','B','A','A+','A++','A+++'
)



  
  
      
    ) dbt_internal_test
[0m22:11:22.971001 [debug] [Thread-4 (]: Opening a new connection, currently in state closed
[0m22:11:22.971255 [debug] [Thread-3 (]: On test.ingatlanmizu.accepted_values_stg_zenga__listing_versions_heating__H_szivatty___G_zkaz_n__Elektromos__G_z_konvektor___G_z__Cser_pk_lyha__Kandall___Kl_ma__Egy_b__Egy_b_kaz_n__Nincs_f_t_s__Padl_f_t_s__Vegyes_t_zel_s_kaz_n.3467996681: /* {"app": "dbt", "dbt_version": "1.12.0", "profile_name": "ingatlanmizu", "target_name": "local", "node_id": "test.ingatlanmizu.accepted_values_stg_zenga__listing_versions_heating__H_szivatty___G_zkaz_n__Elektromos__G_z_konvektor___G_z__Cser_pk_lyha__Kandall___Kl_ma__Egy_b__Egy_b_kaz_n__Nincs_f_t_s__Padl_f_t_s__Vegyes_t_zel_s_kaz_n.3467996681"} */

    
    select
      count(*) as failures,
      count(*) != 0 as should_warn,
      count(*) != 0 as should_error
    from (
      
    
  
    
    

with all_values as (

    select
        heating as value_field,
        count(*) as n_records

    from "ingatlanmizu"."silver"."stg_zenga__listing_versions"
    group by heating

)

select *
from all_values
where value_field not in (
    'Hőszivattyú','Gázkazán','Elektromos','Gáz (konvektor)','Gáz','Cserépkályha','Kandalló','Klíma','Egyéb','Egyéb kazán','Nincs fűtés','Padlófűtés','Vegyes tüzelésű kazán'
)



  
  
      
    ) dbt_internal_test
[0m22:11:22.972053 [debug] [Thread-2 (]: On model.ingatlanmizu.stg_zenga__observations: Close
[0m22:11:22.972273 [debug] [Thread-1 (]: Opening a new connection, currently in state closed
[0m22:11:22.972563 [debug] [Thread-3 (]: Opening a new connection, currently in state closed
[0m22:11:22.972957 [debug] [Thread-2 (]: Sending event: {'category': 'dbt', 'action': 'run_model', 'label': '1145f10d-d488-48d9-ad78-2561d640988a', 'context': [<snowplow_tracker.self_describing_json.SelfDescribingJson object at 0x10d992360>]}
[0m22:11:22.973402 [info ] [Thread-2 (]: 9 of 102 OK created sql view model silver.stg_zenga__observations .............. [[32mCREATE VIEW[0m in 0.13s]
[0m22:11:22.973791 [debug] [Thread-2 (]: Finished running node model.ingatlanmizu.stg_zenga__observations
[0m22:11:22.974036 [debug] [Thread-2 (]: Began running node test.ingatlanmizu.accepted_values_stg_zenga__listing_versions_main_type__H_z__Lak_s.e18f05b060
[0m22:11:22.974381 [info ] [Thread-2 (]: 13 of 102 START test accepted_values_stg_zenga__listing_versions_main_type__H_z__Lak_s  [RUN]
[0m22:11:22.974665 [debug] [Thread-2 (]: Re-using an available connection from the pool (formerly model.ingatlanmizu.stg_zenga__observations, now test.ingatlanmizu.accepted_values_stg_zenga__listing_versions_main_type__H_z__Lak_s.e18f05b060)
[0m22:11:22.974887 [debug] [Thread-2 (]: Began compiling node test.ingatlanmizu.accepted_values_stg_zenga__listing_versions_main_type__H_z__Lak_s.e18f05b060
[0m22:11:22.982593 [debug] [Thread-2 (]: Writing injected SQL for node "test.ingatlanmizu.accepted_values_stg_zenga__listing_versions_main_type__H_z__Lak_s.e18f05b060"
[0m22:11:22.982968 [debug] [Thread-2 (]: Began executing node test.ingatlanmizu.accepted_values_stg_zenga__listing_versions_main_type__H_z__Lak_s.e18f05b060
[0m22:11:22.983729 [debug] [Thread-2 (]: Writing runtime sql for node "test.ingatlanmizu.accepted_values_stg_zenga__listing_versions_main_type__H_z__Lak_s.e18f05b060"
[0m22:11:22.984085 [debug] [Thread-2 (]: Using postgres connection "test.ingatlanmizu.accepted_values_stg_zenga__listing_versions_main_type__H_z__Lak_s.e18f05b060"
[0m22:11:22.984321 [debug] [Thread-2 (]: On test.ingatlanmizu.accepted_values_stg_zenga__listing_versions_main_type__H_z__Lak_s.e18f05b060: /* {"app": "dbt", "dbt_version": "1.12.0", "profile_name": "ingatlanmizu", "target_name": "local", "node_id": "test.ingatlanmizu.accepted_values_stg_zenga__listing_versions_main_type__H_z__Lak_s.e18f05b060"} */

    
    select
      count(*) as failures,
      count(*) != 0 as should_warn,
      count(*) != 0 as should_error
    from (
      
    
  
    
    

with all_values as (

    select
        main_type as value_field,
        count(*) as n_records

    from "ingatlanmizu"."silver"."stg_zenga__listing_versions"
    group by main_type

)

select *
from all_values
where value_field not in (
    'Ház','Lakás'
)



  
  
      
    ) dbt_internal_test
[0m22:11:22.984541 [debug] [Thread-2 (]: Opening a new connection, currently in state closed
[0m22:11:22.993160 [debug] [Thread-3 (]: SQL status: SELECT 1 in 0.021 seconds
[0m22:11:22.993427 [debug] [Thread-4 (]: SQL status: SELECT 1 in 0.022 seconds
[0m22:11:22.993677 [debug] [Thread-1 (]: SQL status: SELECT 1 in 0.021 seconds
[0m22:11:22.994577 [debug] [Thread-3 (]: On test.ingatlanmizu.accepted_values_stg_zenga__listing_versions_heating__H_szivatty___G_zkaz_n__Elektromos__G_z_konvektor___G_z__Cser_pk_lyha__Kandall___Kl_ma__Egy_b__Egy_b_kaz_n__Nincs_f_t_s__Padl_f_t_s__Vegyes_t_zel_s_kaz_n.3467996681: ROLLBACK
[0m22:11:22.995391 [debug] [Thread-4 (]: On test.ingatlanmizu.accepted_values_stg_zenga__listing_versions_condition__Ismeretlen___j_p_t_s____tlagos__Fel_j_tott__J_llapot____jszer___Fel_j_tand_.ef80ab98ea: ROLLBACK
[0m22:11:22.996206 [debug] [Thread-1 (]: On test.ingatlanmizu.accepted_values_stg_zenga__listing_versions_energy_rating__JJ__J__I__H__G__F__E__D__C__B__A__A___A___A_.41dda72962: ROLLBACK
[0m22:11:22.996769 [debug] [Thread-4 (]: On test.ingatlanmizu.accepted_values_stg_zenga__listing_versions_condition__Ismeretlen___j_p_t_s____tlagos__Fel_j_tott__J_llapot____jszer___Fel_j_tand_.ef80ab98ea: Close
[0m22:11:22.996997 [debug] [Thread-1 (]: On test.ingatlanmizu.accepted_values_stg_zenga__listing_versions_energy_rating__JJ__J__I__H__G__F__E__D__C__B__A__A___A___A_.41dda72962: Close
[0m22:11:22.997235 [debug] [Thread-3 (]: On test.ingatlanmizu.accepted_values_stg_zenga__listing_versions_heating__H_szivatty___G_zkaz_n__Elektromos__G_z_konvektor___G_z__Cser_pk_lyha__Kandall___Kl_ma__Egy_b__Egy_b_kaz_n__Nincs_f_t_s__Padl_f_t_s__Vegyes_t_zel_s_kaz_n.3467996681: Close
[0m22:11:22.997819 [debug] [Thread-2 (]: SQL status: SELECT 1 in 0.013 seconds
[0m22:11:22.997627 [info ] [Thread-4 (]: 10 of 102 PASS accepted_values_stg_zenga__listing_versions_condition__Ismeretlen___j_p_t_s____tlagos__Fel_j_tott__J_llapot____jszer___Fel_j_tand_  [[32mPASS[0m in 0.12s]
[0m22:11:22.998128 [info ] [Thread-1 (]: 11 of 102 PASS accepted_values_stg_zenga__listing_versions_energy_rating__JJ__J__I__H__G__F__E__D__C__B__A__A___A___A_  [[32mPASS[0m in 0.12s]
[0m22:11:22.998585 [info ] [Thread-3 (]: 12 of 102 PASS accepted_values_stg_zenga__listing_versions_heating__H_szivatty___G_zkaz_n__Elektromos__G_z_konvektor___G_z__Cser_pk_lyha__Kandall___Kl_ma__Egy_b__Egy_b_kaz_n__Nincs_f_t_s__Padl_f_t_s__Vegyes_t_zel_s_kaz_n  [[32mPASS[0m in 0.12s]
[0m22:11:22.999434 [debug] [Thread-2 (]: On test.ingatlanmizu.accepted_values_stg_zenga__listing_versions_main_type__H_z__Lak_s.e18f05b060: ROLLBACK
[0m22:11:22.999787 [debug] [Thread-4 (]: Finished running node test.ingatlanmizu.accepted_values_stg_zenga__listing_versions_condition__Ismeretlen___j_p_t_s____tlagos__Fel_j_tott__J_llapot____jszer___Fel_j_tand_.ef80ab98ea
[0m22:11:23.000066 [debug] [Thread-1 (]: Finished running node test.ingatlanmizu.accepted_values_stg_zenga__listing_versions_energy_rating__JJ__J__I__H__G__F__E__D__C__B__A__A___A___A_.41dda72962
[0m22:11:23.000333 [debug] [Thread-3 (]: Finished running node test.ingatlanmizu.accepted_values_stg_zenga__listing_versions_heating__H_szivatty___G_zkaz_n__Elektromos__G_z_konvektor___G_z__Cser_pk_lyha__Kandall___Kl_ma__Egy_b__Egy_b_kaz_n__Nincs_f_t_s__Padl_f_t_s__Vegyes_t_zel_s_kaz_n.3467996681
[0m22:11:23.000607 [debug] [Thread-4 (]: Began running node test.ingatlanmizu.accepted_values_stg_zenga__listing_versions_source__zenga.99b4c3989e
[0m22:11:23.000881 [debug] [Thread-2 (]: On test.ingatlanmizu.accepted_values_stg_zenga__listing_versions_main_type__H_z__Lak_s.e18f05b060: Close
[0m22:11:23.001129 [debug] [Thread-1 (]: Began running node test.ingatlanmizu.accepted_values_stg_zenga__listing_versions_sub_type__Ikerh_z__H_zr_sz__Sorh_z__Csal_di_h_z__Lak_s.052bdc29e2
[0m22:11:23.001387 [debug] [Thread-3 (]: Began running node test.ingatlanmizu.dbt_expectations_expect_column_values_to_match_like_pattern_stg_zenga__listing_versions_listing_key__zenga_.97c745eef1
[0m22:11:23.001638 [info ] [Thread-4 (]: 14 of 102 START test accepted_values_stg_zenga__listing_versions_source__zenga . [RUN]
[0m22:11:23.002048 [info ] [Thread-2 (]: 13 of 102 PASS accepted_values_stg_zenga__listing_versions_main_type__H_z__Lak_s  [[32mPASS[0m in 0.03s]
[0m22:11:23.002288 [info ] [Thread-1 (]: 15 of 102 START test accepted_values_stg_zenga__listing_versions_sub_type__Ikerh_z__H_zr_sz__Sorh_z__Csal_di_h_z__Lak_s  [RUN]
[0m22:11:23.002536 [info ] [Thread-3 (]: 16 of 102 START test dbt_expectations_expect_column_values_to_match_like_pattern_stg_zenga__listing_versions_listing_key__zenga_  [RUN]
[0m22:11:23.002816 [debug] [Thread-4 (]: Re-using an available connection from the pool (formerly test.ingatlanmizu.accepted_values_stg_zenga__listing_versions_condition__Ismeretlen___j_p_t_s____tlagos__Fel_j_tott__J_llapot____jszer___Fel_j_tand_.ef80ab98ea, now test.ingatlanmizu.accepted_values_stg_zenga__listing_versions_source__zenga.99b4c3989e)
[0m22:11:23.003116 [debug] [Thread-2 (]: Finished running node test.ingatlanmizu.accepted_values_stg_zenga__listing_versions_main_type__H_z__Lak_s.e18f05b060
[0m22:11:23.003327 [debug] [Thread-1 (]: Re-using an available connection from the pool (formerly test.ingatlanmizu.accepted_values_stg_zenga__listing_versions_energy_rating__JJ__J__I__H__G__F__E__D__C__B__A__A___A___A_.41dda72962, now test.ingatlanmizu.accepted_values_stg_zenga__listing_versions_sub_type__Ikerh_z__H_zr_sz__Sorh_z__Csal_di_h_z__Lak_s.052bdc29e2)
[0m22:11:23.003560 [debug] [Thread-3 (]: Re-using an available connection from the pool (formerly test.ingatlanmizu.accepted_values_stg_zenga__listing_versions_heating__H_szivatty___G_zkaz_n__Elektromos__G_z_konvektor___G_z__Cser_pk_lyha__Kandall___Kl_ma__Egy_b__Egy_b_kaz_n__Nincs_f_t_s__Padl_f_t_s__Vegyes_t_zel_s_kaz_n.3467996681, now test.ingatlanmizu.dbt_expectations_expect_column_values_to_match_like_pattern_stg_zenga__listing_versions_listing_key__zenga_.97c745eef1)
[0m22:11:23.003801 [debug] [Thread-4 (]: Began compiling node test.ingatlanmizu.accepted_values_stg_zenga__listing_versions_source__zenga.99b4c3989e
[0m22:11:23.004009 [debug] [Thread-2 (]: Began running node test.ingatlanmizu.dbt_utils_accepted_range_stg_zenga__listing_versions_area_sqm__10000__1.cbaa5a3741
[0m22:11:23.004242 [debug] [Thread-1 (]: Began compiling node test.ingatlanmizu.accepted_values_stg_zenga__listing_versions_sub_type__Ikerh_z__H_zr_sz__Sorh_z__Csal_di_h_z__Lak_s.052bdc29e2
[0m22:11:23.004471 [debug] [Thread-3 (]: Began compiling node test.ingatlanmizu.dbt_expectations_expect_column_values_to_match_like_pattern_stg_zenga__listing_versions_listing_key__zenga_.97c745eef1
[0m22:11:23.010439 [debug] [Thread-4 (]: Writing injected SQL for node "test.ingatlanmizu.accepted_values_stg_zenga__listing_versions_source__zenga.99b4c3989e"
[0m22:11:23.010722 [info ] [Thread-2 (]: 17 of 102 START test dbt_utils_accepted_range_stg_zenga__listing_versions_area_sqm__10000__1  [RUN]
[0m22:11:23.026585 [debug] [Thread-3 (]: Writing injected SQL for node "test.ingatlanmizu.dbt_expectations_expect_column_values_to_match_like_pattern_stg_zenga__listing_versions_listing_key__zenga_.97c745eef1"
[0m22:11:23.032801 [debug] [Thread-1 (]: Writing injected SQL for node "test.ingatlanmizu.accepted_values_stg_zenga__listing_versions_sub_type__Ikerh_z__H_zr_sz__Sorh_z__Csal_di_h_z__Lak_s.052bdc29e2"
[0m22:11:23.033167 [debug] [Thread-2 (]: Re-using an available connection from the pool (formerly test.ingatlanmizu.accepted_values_stg_zenga__listing_versions_main_type__H_z__Lak_s.e18f05b060, now test.ingatlanmizu.dbt_utils_accepted_range_stg_zenga__listing_versions_area_sqm__10000__1.cbaa5a3741)
[0m22:11:23.033544 [debug] [Thread-2 (]: Began compiling node test.ingatlanmizu.dbt_utils_accepted_range_stg_zenga__listing_versions_area_sqm__10000__1.cbaa5a3741
[0m22:11:23.038738 [debug] [Thread-2 (]: Writing injected SQL for node "test.ingatlanmizu.dbt_utils_accepted_range_stg_zenga__listing_versions_area_sqm__10000__1.cbaa5a3741"
[0m22:11:23.039081 [debug] [Thread-4 (]: Began executing node test.ingatlanmizu.accepted_values_stg_zenga__listing_versions_source__zenga.99b4c3989e
[0m22:11:23.039320 [debug] [Thread-1 (]: Began executing node test.ingatlanmizu.accepted_values_stg_zenga__listing_versions_sub_type__Ikerh_z__H_zr_sz__Sorh_z__Csal_di_h_z__Lak_s.052bdc29e2
[0m22:11:23.039583 [debug] [Thread-3 (]: Began executing node test.ingatlanmizu.dbt_expectations_expect_column_values_to_match_like_pattern_stg_zenga__listing_versions_listing_key__zenga_.97c745eef1
[0m22:11:23.040316 [debug] [Thread-4 (]: Writing runtime sql for node "test.ingatlanmizu.accepted_values_stg_zenga__listing_versions_source__zenga.99b4c3989e"
[0m22:11:23.041134 [debug] [Thread-1 (]: Writing runtime sql for node "test.ingatlanmizu.accepted_values_stg_zenga__listing_versions_sub_type__Ikerh_z__H_zr_sz__Sorh_z__Csal_di_h_z__Lak_s.052bdc29e2"
[0m22:11:23.041351 [debug] [Thread-2 (]: Began executing node test.ingatlanmizu.dbt_utils_accepted_range_stg_zenga__listing_versions_area_sqm__10000__1.cbaa5a3741
[0m22:11:23.042035 [debug] [Thread-3 (]: Writing runtime sql for node "test.ingatlanmizu.dbt_expectations_expect_column_values_to_match_like_pattern_stg_zenga__listing_versions_listing_key__zenga_.97c745eef1"
[0m22:11:23.042916 [debug] [Thread-2 (]: Writing runtime sql for node "test.ingatlanmizu.dbt_utils_accepted_range_stg_zenga__listing_versions_area_sqm__10000__1.cbaa5a3741"
[0m22:11:23.043176 [debug] [Thread-4 (]: Using postgres connection "test.ingatlanmizu.accepted_values_stg_zenga__listing_versions_source__zenga.99b4c3989e"
[0m22:11:23.043485 [debug] [Thread-1 (]: Using postgres connection "test.ingatlanmizu.accepted_values_stg_zenga__listing_versions_sub_type__Ikerh_z__H_zr_sz__Sorh_z__Csal_di_h_z__Lak_s.052bdc29e2"
[0m22:11:23.043766 [debug] [Thread-4 (]: On test.ingatlanmizu.accepted_values_stg_zenga__listing_versions_source__zenga.99b4c3989e: /* {"app": "dbt", "dbt_version": "1.12.0", "profile_name": "ingatlanmizu", "target_name": "local", "node_id": "test.ingatlanmizu.accepted_values_stg_zenga__listing_versions_source__zenga.99b4c3989e"} */

    
    select
      count(*) as failures,
      count(*) != 0 as should_warn,
      count(*) != 0 as should_error
    from (
      
    
  
    
    

with all_values as (

    select
        source as value_field,
        count(*) as n_records

    from "ingatlanmizu"."silver"."stg_zenga__listing_versions"
    group by source

)

select *
from all_values
where value_field not in (
    'zenga'
)



  
  
      
    ) dbt_internal_test
[0m22:11:23.044086 [debug] [Thread-1 (]: On test.ingatlanmizu.accepted_values_stg_zenga__listing_versions_sub_type__Ikerh_z__H_zr_sz__Sorh_z__Csal_di_h_z__Lak_s.052bdc29e2: /* {"app": "dbt", "dbt_version": "1.12.0", "profile_name": "ingatlanmizu", "target_name": "local", "node_id": "test.ingatlanmizu.accepted_values_stg_zenga__listing_versions_sub_type__Ikerh_z__H_zr_sz__Sorh_z__Csal_di_h_z__Lak_s.052bdc29e2"} */

    
    select
      count(*) as failures,
      count(*) != 0 as should_warn,
      count(*) != 0 as should_error
    from (
      
    
  
    
    

with all_values as (

    select
        sub_type as value_field,
        count(*) as n_records

    from "ingatlanmizu"."silver"."stg_zenga__listing_versions"
    group by sub_type

)

select *
from all_values
where value_field not in (
    'Ikerház','Házrész','Sorház','Családi ház','Lakás'
)



  
  
      
    ) dbt_internal_test
[0m22:11:23.044374 [debug] [Thread-3 (]: Using postgres connection "test.ingatlanmizu.dbt_expectations_expect_column_values_to_match_like_pattern_stg_zenga__listing_versions_listing_key__zenga_.97c745eef1"
[0m22:11:23.044599 [debug] [Thread-4 (]: Opening a new connection, currently in state closed
[0m22:11:23.044817 [debug] [Thread-2 (]: Using postgres connection "test.ingatlanmizu.dbt_utils_accepted_range_stg_zenga__listing_versions_area_sqm__10000__1.cbaa5a3741"
[0m22:11:23.045028 [debug] [Thread-1 (]: Opening a new connection, currently in state closed
[0m22:11:23.045275 [debug] [Thread-3 (]: On test.ingatlanmizu.dbt_expectations_expect_column_values_to_match_like_pattern_stg_zenga__listing_versions_listing_key__zenga_.97c745eef1: /* {"app": "dbt", "dbt_version": "1.12.0", "profile_name": "ingatlanmizu", "target_name": "local", "node_id": "test.ingatlanmizu.dbt_expectations_expect_column_values_to_match_like_pattern_stg_zenga__listing_versions_listing_key__zenga_.97c745eef1"} */

    
    select
      count(*) as failures,
      count(*) != 0 as should_warn,
      count(*) != 0 as should_error
    from (
      
    
  




    with grouped_expression as (
    select
        
        
    
  
listing_key  like 'zenga:%'
 as expression


    from "ingatlanmizu"."silver"."stg_zenga__listing_versions"
    

),
validation_errors as (

    select
        *
    from
        grouped_expression
    where
        not(expression = true)

)

select *
from validation_errors





  
  
      
    ) dbt_internal_test
[0m22:11:23.045618 [debug] [Thread-2 (]: On test.ingatlanmizu.dbt_utils_accepted_range_stg_zenga__listing_versions_area_sqm__10000__1.cbaa5a3741: /* {"app": "dbt", "dbt_version": "1.12.0", "profile_name": "ingatlanmizu", "target_name": "local", "node_id": "test.ingatlanmizu.dbt_utils_accepted_range_stg_zenga__listing_versions_area_sqm__10000__1.cbaa5a3741"} */

    
    select
      count(*) as failures,
      count(*) != 0 as should_warn,
      count(*) != 0 as should_error
    from (
      
    
  

with meet_condition as(
  select *
  from "ingatlanmizu"."silver"."stg_zenga__listing_versions"
),

validation_errors as (
  select *
  from meet_condition
  where
    -- never true, defaults to an empty result set. Exists to ensure any combo of the `or` clauses below succeeds
    1 = 2
    -- records with a value >= min_value are permitted. The `not` flips this to find records that don't meet the rule.
    or not area_sqm >= 1
    -- records with a value <= max_value are permitted. The `not` flips this to find records that don't meet the rule.
    or not area_sqm <= 10000
)

select *
from validation_errors


  
  
      
    ) dbt_internal_test
[0m22:11:23.045908 [debug] [Thread-3 (]: Opening a new connection, currently in state closed
[0m22:11:23.046100 [debug] [Thread-2 (]: Opening a new connection, currently in state closed
[0m22:11:23.064459 [debug] [Thread-4 (]: SQL status: SELECT 1 in 0.020 seconds
[0m22:11:23.064737 [debug] [Thread-3 (]: SQL status: SELECT 1 in 0.019 seconds
[0m22:11:23.064983 [debug] [Thread-1 (]: SQL status: SELECT 1 in 0.020 seconds
[0m22:11:23.065180 [debug] [Thread-2 (]: SQL status: SELECT 1 in 0.019 seconds
[0m22:11:23.066046 [debug] [Thread-4 (]: On test.ingatlanmizu.accepted_values_stg_zenga__listing_versions_source__zenga.99b4c3989e: ROLLBACK
[0m22:11:23.066769 [debug] [Thread-3 (]: On test.ingatlanmizu.dbt_expectations_expect_column_values_to_match_like_pattern_stg_zenga__listing_versions_listing_key__zenga_.97c745eef1: ROLLBACK
[0m22:11:23.067447 [debug] [Thread-1 (]: On test.ingatlanmizu.accepted_values_stg_zenga__listing_versions_sub_type__Ikerh_z__H_zr_sz__Sorh_z__Csal_di_h_z__Lak_s.052bdc29e2: ROLLBACK
[0m22:11:23.068104 [debug] [Thread-2 (]: On test.ingatlanmizu.dbt_utils_accepted_range_stg_zenga__listing_versions_area_sqm__10000__1.cbaa5a3741: ROLLBACK
[0m22:11:23.068610 [debug] [Thread-3 (]: On test.ingatlanmizu.dbt_expectations_expect_column_values_to_match_like_pattern_stg_zenga__listing_versions_listing_key__zenga_.97c745eef1: Close
[0m22:11:23.068859 [debug] [Thread-4 (]: On test.ingatlanmizu.accepted_values_stg_zenga__listing_versions_source__zenga.99b4c3989e: Close
[0m22:11:23.069089 [debug] [Thread-1 (]: On test.ingatlanmizu.accepted_values_stg_zenga__listing_versions_sub_type__Ikerh_z__H_zr_sz__Sorh_z__Csal_di_h_z__Lak_s.052bdc29e2: Close
[0m22:11:23.069334 [debug] [Thread-2 (]: On test.ingatlanmizu.dbt_utils_accepted_range_stg_zenga__listing_versions_area_sqm__10000__1.cbaa5a3741: Close
[0m22:11:23.069688 [info ] [Thread-3 (]: 16 of 102 PASS dbt_expectations_expect_column_values_to_match_like_pattern_stg_zenga__listing_versions_listing_key__zenga_  [[32mPASS[0m in 0.07s]
[0m22:11:23.070070 [info ] [Thread-4 (]: 14 of 102 PASS accepted_values_stg_zenga__listing_versions_source__zenga ....... [[32mPASS[0m in 0.07s]
[0m22:11:23.070391 [info ] [Thread-1 (]: 15 of 102 PASS accepted_values_stg_zenga__listing_versions_sub_type__Ikerh_z__H_zr_sz__Sorh_z__Csal_di_h_z__Lak_s  [[32mPASS[0m in 0.07s]
[0m22:11:23.070755 [info ] [Thread-2 (]: 17 of 102 PASS dbt_utils_accepted_range_stg_zenga__listing_versions_area_sqm__10000__1  [[32mPASS[0m in 0.04s]
[0m22:11:23.071057 [debug] [Thread-3 (]: Finished running node test.ingatlanmizu.dbt_expectations_expect_column_values_to_match_like_pattern_stg_zenga__listing_versions_listing_key__zenga_.97c745eef1
[0m22:11:23.071375 [debug] [Thread-4 (]: Finished running node test.ingatlanmizu.accepted_values_stg_zenga__listing_versions_source__zenga.99b4c3989e
[0m22:11:23.071695 [debug] [Thread-1 (]: Finished running node test.ingatlanmizu.accepted_values_stg_zenga__listing_versions_sub_type__Ikerh_z__H_zr_sz__Sorh_z__Csal_di_h_z__Lak_s.052bdc29e2
[0m22:11:23.072023 [debug] [Thread-2 (]: Finished running node test.ingatlanmizu.dbt_utils_accepted_range_stg_zenga__listing_versions_area_sqm__10000__1.cbaa5a3741
[0m22:11:23.072264 [debug] [Thread-3 (]: Began running node test.ingatlanmizu.dbt_utils_accepted_range_stg_zenga__listing_versions_max_number_of_floors_in_building__500__0.e4ef28cc6c
[0m22:11:23.072542 [debug] [Thread-4 (]: Began running node test.ingatlanmizu.dbt_utils_accepted_range_stg_zenga__listing_versions_price_huf__False__0.4069239c52
[0m22:11:23.072824 [debug] [Thread-1 (]: Began running node test.ingatlanmizu.dbt_utils_accepted_range_stg_zenga__listing_versions_price_per_square_meter__10000000__100000.01a7d1164b
[0m22:11:23.073070 [debug] [Thread-2 (]: Began running node test.ingatlanmizu.dbt_utils_accepted_range_stg_zenga__listing_versions_year_of_building__2100__1800.43a59557c5
[0m22:11:23.073304 [info ] [Thread-3 (]: 18 of 102 START test dbt_utils_accepted_range_stg_zenga__listing_versions_max_number_of_floors_in_building__500__0  [RUN]
[0m22:11:23.073572 [info ] [Thread-4 (]: 19 of 102 START test dbt_utils_accepted_range_stg_zenga__listing_versions_price_huf__False__0  [RUN]
[0m22:11:23.073828 [info ] [Thread-1 (]: 20 of 102 START test dbt_utils_accepted_range_stg_zenga__listing_versions_price_per_square_meter__10000000__100000  [RUN]
[0m22:11:23.074060 [info ] [Thread-2 (]: 21 of 102 START test dbt_utils_accepted_range_stg_zenga__listing_versions_year_of_building__2100__1800  [RUN]
[0m22:11:23.074322 [debug] [Thread-3 (]: Re-using an available connection from the pool (formerly test.ingatlanmizu.dbt_expectations_expect_column_values_to_match_like_pattern_stg_zenga__listing_versions_listing_key__zenga_.97c745eef1, now test.ingatlanmizu.dbt_utils_accepted_range_stg_zenga__listing_versions_max_number_of_floors_in_building__500__0.e4ef28cc6c)
[0m22:11:23.074552 [debug] [Thread-4 (]: Re-using an available connection from the pool (formerly test.ingatlanmizu.accepted_values_stg_zenga__listing_versions_source__zenga.99b4c3989e, now test.ingatlanmizu.dbt_utils_accepted_range_stg_zenga__listing_versions_price_huf__False__0.4069239c52)
[0m22:11:23.074789 [debug] [Thread-1 (]: Re-using an available connection from the pool (formerly test.ingatlanmizu.accepted_values_stg_zenga__listing_versions_sub_type__Ikerh_z__H_zr_sz__Sorh_z__Csal_di_h_z__Lak_s.052bdc29e2, now test.ingatlanmizu.dbt_utils_accepted_range_stg_zenga__listing_versions_price_per_square_meter__10000000__100000.01a7d1164b)
[0m22:11:23.075003 [debug] [Thread-2 (]: Re-using an available connection from the pool (formerly test.ingatlanmizu.dbt_utils_accepted_range_stg_zenga__listing_versions_area_sqm__10000__1.cbaa5a3741, now test.ingatlanmizu.dbt_utils_accepted_range_stg_zenga__listing_versions_year_of_building__2100__1800.43a59557c5)
[0m22:11:23.075208 [debug] [Thread-3 (]: Began compiling node test.ingatlanmizu.dbt_utils_accepted_range_stg_zenga__listing_versions_max_number_of_floors_in_building__500__0.e4ef28cc6c
[0m22:11:23.075402 [debug] [Thread-4 (]: Began compiling node test.ingatlanmizu.dbt_utils_accepted_range_stg_zenga__listing_versions_price_huf__False__0.4069239c52
[0m22:11:23.075612 [debug] [Thread-1 (]: Began compiling node test.ingatlanmizu.dbt_utils_accepted_range_stg_zenga__listing_versions_price_per_square_meter__10000000__100000.01a7d1164b
[0m22:11:23.075815 [debug] [Thread-2 (]: Began compiling node test.ingatlanmizu.dbt_utils_accepted_range_stg_zenga__listing_versions_year_of_building__2100__1800.43a59557c5
[0m22:11:23.079448 [debug] [Thread-3 (]: Writing injected SQL for node "test.ingatlanmizu.dbt_utils_accepted_range_stg_zenga__listing_versions_max_number_of_floors_in_building__500__0.e4ef28cc6c"
[0m22:11:23.082775 [debug] [Thread-4 (]: Writing injected SQL for node "test.ingatlanmizu.dbt_utils_accepted_range_stg_zenga__listing_versions_price_huf__False__0.4069239c52"
[0m22:11:23.085999 [debug] [Thread-1 (]: Writing injected SQL for node "test.ingatlanmizu.dbt_utils_accepted_range_stg_zenga__listing_versions_price_per_square_meter__10000000__100000.01a7d1164b"
[0m22:11:23.089455 [debug] [Thread-2 (]: Writing injected SQL for node "test.ingatlanmizu.dbt_utils_accepted_range_stg_zenga__listing_versions_year_of_building__2100__1800.43a59557c5"
[0m22:11:23.090199 [debug] [Thread-4 (]: Began executing node test.ingatlanmizu.dbt_utils_accepted_range_stg_zenga__listing_versions_price_huf__False__0.4069239c52
[0m22:11:23.091010 [debug] [Thread-4 (]: Writing runtime sql for node "test.ingatlanmizu.dbt_utils_accepted_range_stg_zenga__listing_versions_price_huf__False__0.4069239c52"
[0m22:11:23.091234 [debug] [Thread-2 (]: Began executing node test.ingatlanmizu.dbt_utils_accepted_range_stg_zenga__listing_versions_year_of_building__2100__1800.43a59557c5
[0m22:11:23.091436 [debug] [Thread-1 (]: Began executing node test.ingatlanmizu.dbt_utils_accepted_range_stg_zenga__listing_versions_price_per_square_meter__10000000__100000.01a7d1164b
[0m22:11:23.092244 [debug] [Thread-2 (]: Writing runtime sql for node "test.ingatlanmizu.dbt_utils_accepted_range_stg_zenga__listing_versions_year_of_building__2100__1800.43a59557c5"
[0m22:11:23.092940 [debug] [Thread-1 (]: Writing runtime sql for node "test.ingatlanmizu.dbt_utils_accepted_range_stg_zenga__listing_versions_price_per_square_meter__10000000__100000.01a7d1164b"
[0m22:11:23.093150 [debug] [Thread-3 (]: Began executing node test.ingatlanmizu.dbt_utils_accepted_range_stg_zenga__listing_versions_max_number_of_floors_in_building__500__0.e4ef28cc6c
[0m22:11:23.094054 [debug] [Thread-3 (]: Writing runtime sql for node "test.ingatlanmizu.dbt_utils_accepted_range_stg_zenga__listing_versions_max_number_of_floors_in_building__500__0.e4ef28cc6c"
[0m22:11:23.094350 [debug] [Thread-4 (]: Using postgres connection "test.ingatlanmizu.dbt_utils_accepted_range_stg_zenga__listing_versions_price_huf__False__0.4069239c52"
[0m22:11:23.094644 [debug] [Thread-4 (]: On test.ingatlanmizu.dbt_utils_accepted_range_stg_zenga__listing_versions_price_huf__False__0.4069239c52: /* {"app": "dbt", "dbt_version": "1.12.0", "profile_name": "ingatlanmizu", "target_name": "local", "node_id": "test.ingatlanmizu.dbt_utils_accepted_range_stg_zenga__listing_versions_price_huf__False__0.4069239c52"} */

    
    select
      count(*) as failures,
      count(*) != 0 as should_warn,
      count(*) != 0 as should_error
    from (
      
    
  

with meet_condition as(
  select *
  from "ingatlanmizu"."silver"."stg_zenga__listing_versions"
),

validation_errors as (
  select *
  from meet_condition
  where
    -- never true, defaults to an empty result set. Exists to ensure any combo of the `or` clauses below succeeds
    1 = 2
    -- records with a value >= min_value are permitted. The `not` flips this to find records that don't meet the rule.
    or not price_huf > 0
)

select *
from validation_errors


  
  
      
    ) dbt_internal_test
[0m22:11:23.094918 [debug] [Thread-1 (]: Using postgres connection "test.ingatlanmizu.dbt_utils_accepted_range_stg_zenga__listing_versions_price_per_square_meter__10000000__100000.01a7d1164b"
[0m22:11:23.095138 [debug] [Thread-2 (]: Using postgres connection "test.ingatlanmizu.dbt_utils_accepted_range_stg_zenga__listing_versions_year_of_building__2100__1800.43a59557c5"
[0m22:11:23.095363 [debug] [Thread-4 (]: Opening a new connection, currently in state closed
[0m22:11:23.095611 [debug] [Thread-1 (]: On test.ingatlanmizu.dbt_utils_accepted_range_stg_zenga__listing_versions_price_per_square_meter__10000000__100000.01a7d1164b: /* {"app": "dbt", "dbt_version": "1.12.0", "profile_name": "ingatlanmizu", "target_name": "local", "node_id": "test.ingatlanmizu.dbt_utils_accepted_range_stg_zenga__listing_versions_price_per_square_meter__10000000__100000.01a7d1164b"} */

    
    select
      count(*) as failures,
      count(*) != 0 as should_warn,
      count(*) != 0 as should_error
    from (
      
    
  

with meet_condition as(
  select *
  from "ingatlanmizu"."silver"."stg_zenga__listing_versions"
),

validation_errors as (
  select *
  from meet_condition
  where
    -- never true, defaults to an empty result set. Exists to ensure any combo of the `or` clauses below succeeds
    1 = 2
    -- records with a value >= min_value are permitted. The `not` flips this to find records that don't meet the rule.
    or not price_per_square_meter >= 100000
    -- records with a value <= max_value are permitted. The `not` flips this to find records that don't meet the rule.
    or not price_per_square_meter <= 10000000
)

select *
from validation_errors


  
  
      
    ) dbt_internal_test
[0m22:11:23.095859 [debug] [Thread-3 (]: Using postgres connection "test.ingatlanmizu.dbt_utils_accepted_range_stg_zenga__listing_versions_max_number_of_floors_in_building__500__0.e4ef28cc6c"
[0m22:11:23.096099 [debug] [Thread-2 (]: On test.ingatlanmizu.dbt_utils_accepted_range_stg_zenga__listing_versions_year_of_building__2100__1800.43a59557c5: /* {"app": "dbt", "dbt_version": "1.12.0", "profile_name": "ingatlanmizu", "target_name": "local", "node_id": "test.ingatlanmizu.dbt_utils_accepted_range_stg_zenga__listing_versions_year_of_building__2100__1800.43a59557c5"} */

    
    select
      count(*) as failures,
      count(*) != 0 as should_warn,
      count(*) != 0 as should_error
    from (
      
    
  

with meet_condition as(
  select *
  from "ingatlanmizu"."silver"."stg_zenga__listing_versions"
),

validation_errors as (
  select *
  from meet_condition
  where
    -- never true, defaults to an empty result set. Exists to ensure any combo of the `or` clauses below succeeds
    1 = 2
    -- records with a value >= min_value are permitted. The `not` flips this to find records that don't meet the rule.
    or not year_of_building >= 1800
    -- records with a value <= max_value are permitted. The `not` flips this to find records that don't meet the rule.
    or not year_of_building <= 2100
)

select *
from validation_errors


  
  
      
    ) dbt_internal_test
[0m22:11:23.096398 [debug] [Thread-1 (]: Opening a new connection, currently in state closed
[0m22:11:23.096671 [debug] [Thread-3 (]: On test.ingatlanmizu.dbt_utils_accepted_range_stg_zenga__listing_versions_max_number_of_floors_in_building__500__0.e4ef28cc6c: /* {"app": "dbt", "dbt_version": "1.12.0", "profile_name": "ingatlanmizu", "target_name": "local", "node_id": "test.ingatlanmizu.dbt_utils_accepted_range_stg_zenga__listing_versions_max_number_of_floors_in_building__500__0.e4ef28cc6c"} */

    
    select
      count(*) as failures,
      count(*) != 0 as should_warn,
      count(*) != 0 as should_error
    from (
      
    
  

with meet_condition as(
  select *
  from "ingatlanmizu"."silver"."stg_zenga__listing_versions"
),

validation_errors as (
  select *
  from meet_condition
  where
    -- never true, defaults to an empty result set. Exists to ensure any combo of the `or` clauses below succeeds
    1 = 2
    -- records with a value >= min_value are permitted. The `not` flips this to find records that don't meet the rule.
    or not max_number_of_floors_in_building >= 0
    -- records with a value <= max_value are permitted. The `not` flips this to find records that don't meet the rule.
    or not max_number_of_floors_in_building <= 500
)

select *
from validation_errors


  
  
      
    ) dbt_internal_test
[0m22:11:23.096946 [debug] [Thread-2 (]: Opening a new connection, currently in state closed
[0m22:11:23.097216 [debug] [Thread-3 (]: Opening a new connection, currently in state closed
[0m22:11:23.108526 [debug] [Thread-4 (]: SQL status: SELECT 1 in 0.013 seconds
[0m22:11:23.108804 [debug] [Thread-3 (]: SQL status: SELECT 1 in 0.012 seconds
[0m22:11:23.109037 [debug] [Thread-2 (]: SQL status: SELECT 1 in 0.012 seconds
[0m22:11:23.109931 [debug] [Thread-4 (]: On test.ingatlanmizu.dbt_utils_accepted_range_stg_zenga__listing_versions_price_huf__False__0.4069239c52: ROLLBACK
[0m22:11:23.110152 [debug] [Thread-1 (]: SQL status: SELECT 1 in 0.014 seconds
[0m22:11:23.110846 [debug] [Thread-3 (]: On test.ingatlanmizu.dbt_utils_accepted_range_stg_zenga__listing_versions_max_number_of_floors_in_building__500__0.e4ef28cc6c: ROLLBACK
[0m22:11:23.111495 [debug] [Thread-2 (]: On test.ingatlanmizu.dbt_utils_accepted_range_stg_zenga__listing_versions_year_of_building__2100__1800.43a59557c5: ROLLBACK
[0m22:11:23.112299 [debug] [Thread-1 (]: On test.ingatlanmizu.dbt_utils_accepted_range_stg_zenga__listing_versions_price_per_square_meter__10000000__100000.01a7d1164b: ROLLBACK
[0m22:11:23.112534 [debug] [Thread-4 (]: On test.ingatlanmizu.dbt_utils_accepted_range_stg_zenga__listing_versions_price_huf__False__0.4069239c52: Close
[0m22:11:23.113249 [debug] [Thread-2 (]: On test.ingatlanmizu.dbt_utils_accepted_range_stg_zenga__listing_versions_year_of_building__2100__1800.43a59557c5: Close
[0m22:11:23.113498 [debug] [Thread-1 (]: On test.ingatlanmizu.dbt_utils_accepted_range_stg_zenga__listing_versions_price_per_square_meter__10000000__100000.01a7d1164b: Close
[0m22:11:23.113046 [info ] [Thread-4 (]: 19 of 102 PASS dbt_utils_accepted_range_stg_zenga__listing_versions_price_huf__False__0  [[32mPASS[0m in 0.04s]
[0m22:11:23.113825 [debug] [Thread-3 (]: On test.ingatlanmizu.dbt_utils_accepted_range_stg_zenga__listing_versions_max_number_of_floors_in_building__500__0.e4ef28cc6c: Close
[0m22:11:23.114222 [info ] [Thread-2 (]: 21 of 102 PASS dbt_utils_accepted_range_stg_zenga__listing_versions_year_of_building__2100__1800  [[32mPASS[0m in 0.04s]
[0m22:11:23.114580 [debug] [Thread-4 (]: Finished running node test.ingatlanmizu.dbt_utils_accepted_range_stg_zenga__listing_versions_price_huf__False__0.4069239c52
[0m22:11:23.114887 [info ] [Thread-1 (]: 20 of 102 PASS dbt_utils_accepted_range_stg_zenga__listing_versions_price_per_square_meter__10000000__100000  [[32mPASS[0m in 0.04s]
[0m22:11:23.115255 [debug] [Thread-2 (]: Finished running node test.ingatlanmizu.dbt_utils_accepted_range_stg_zenga__listing_versions_year_of_building__2100__1800.43a59557c5
[0m22:11:23.115552 [info ] [Thread-3 (]: 18 of 102 PASS dbt_utils_accepted_range_stg_zenga__listing_versions_max_number_of_floors_in_building__500__0  [[32mPASS[0m in 0.04s]
[0m22:11:23.115814 [debug] [Thread-4 (]: Began running node test.ingatlanmizu.dbt_utils_unique_combination_of_columns_stg_zenga__listing_versions_listing_code__payload_hash.4747e65fd8
[0m22:11:23.116190 [debug] [Thread-1 (]: Finished running node test.ingatlanmizu.dbt_utils_accepted_range_stg_zenga__listing_versions_price_per_square_meter__10000000__100000.01a7d1164b
[0m22:11:23.116446 [debug] [Thread-2 (]: Began running node test.ingatlanmizu.not_empty_stg_zenga__listing_versions_city.9fb88cb052
[0m22:11:23.116789 [debug] [Thread-3 (]: Finished running node test.ingatlanmizu.dbt_utils_accepted_range_stg_zenga__listing_versions_max_number_of_floors_in_building__500__0.e4ef28cc6c
[0m22:11:23.117036 [info ] [Thread-4 (]: 22 of 102 START test dbt_utils_unique_combination_of_columns_stg_zenga__listing_versions_listing_code__payload_hash  [RUN]
[0m22:11:23.117311 [debug] [Thread-1 (]: Began running node test.ingatlanmizu.not_empty_stg_zenga__listing_versions_condition.8c2da70523
[0m22:11:23.117547 [info ] [Thread-2 (]: 23 of 102 START test not_empty_stg_zenga__listing_versions_city ................ [RUN]
[0m22:11:23.117816 [debug] [Thread-3 (]: Began running node test.ingatlanmizu.not_empty_stg_zenga__listing_versions_listing_code.e42ffc8646
[0m22:11:23.118082 [debug] [Thread-4 (]: Re-using an available connection from the pool (formerly test.ingatlanmizu.dbt_utils_accepted_range_stg_zenga__listing_versions_price_huf__False__0.4069239c52, now test.ingatlanmizu.dbt_utils_unique_combination_of_columns_stg_zenga__listing_versions_listing_code__payload_hash.4747e65fd8)
[0m22:11:23.118300 [info ] [Thread-1 (]: 24 of 102 START test not_empty_stg_zenga__listing_versions_condition ........... [RUN]
[0m22:11:23.118549 [debug] [Thread-2 (]: Re-using an available connection from the pool (formerly test.ingatlanmizu.dbt_utils_accepted_range_stg_zenga__listing_versions_year_of_building__2100__1800.43a59557c5, now test.ingatlanmizu.not_empty_stg_zenga__listing_versions_city.9fb88cb052)
[0m22:11:23.118762 [info ] [Thread-3 (]: 25 of 102 START test not_empty_stg_zenga__listing_versions_listing_code ........ [RUN]
[0m22:11:23.118994 [debug] [Thread-4 (]: Began compiling node test.ingatlanmizu.dbt_utils_unique_combination_of_columns_stg_zenga__listing_versions_listing_code__payload_hash.4747e65fd8
[0m22:11:23.119206 [debug] [Thread-1 (]: Re-using an available connection from the pool (formerly test.ingatlanmizu.dbt_utils_accepted_range_stg_zenga__listing_versions_price_per_square_meter__10000000__100000.01a7d1164b, now test.ingatlanmizu.not_empty_stg_zenga__listing_versions_condition.8c2da70523)
[0m22:11:23.119402 [debug] [Thread-2 (]: Began compiling node test.ingatlanmizu.not_empty_stg_zenga__listing_versions_city.9fb88cb052
[0m22:11:23.119613 [debug] [Thread-3 (]: Re-using an available connection from the pool (formerly test.ingatlanmizu.dbt_utils_accepted_range_stg_zenga__listing_versions_max_number_of_floors_in_building__500__0.e4ef28cc6c, now test.ingatlanmizu.not_empty_stg_zenga__listing_versions_listing_code.e42ffc8646)
[0m22:11:23.130629 [debug] [Thread-4 (]: Writing injected SQL for node "test.ingatlanmizu.dbt_utils_unique_combination_of_columns_stg_zenga__listing_versions_listing_code__payload_hash.4747e65fd8"
[0m22:11:23.130901 [debug] [Thread-1 (]: Began compiling node test.ingatlanmizu.not_empty_stg_zenga__listing_versions_condition.8c2da70523
[0m22:11:23.134088 [debug] [Thread-2 (]: Writing injected SQL for node "test.ingatlanmizu.not_empty_stg_zenga__listing_versions_city.9fb88cb052"
[0m22:11:23.134335 [debug] [Thread-3 (]: Began compiling node test.ingatlanmizu.not_empty_stg_zenga__listing_versions_listing_code.e42ffc8646
[0m22:11:23.137497 [debug] [Thread-1 (]: Writing injected SQL for node "test.ingatlanmizu.not_empty_stg_zenga__listing_versions_condition.8c2da70523"
[0m22:11:23.140716 [debug] [Thread-3 (]: Writing injected SQL for node "test.ingatlanmizu.not_empty_stg_zenga__listing_versions_listing_code.e42ffc8646"
[0m22:11:23.140992 [debug] [Thread-4 (]: Began executing node test.ingatlanmizu.dbt_utils_unique_combination_of_columns_stg_zenga__listing_versions_listing_code__payload_hash.4747e65fd8
[0m22:11:23.141209 [debug] [Thread-2 (]: Began executing node test.ingatlanmizu.not_empty_stg_zenga__listing_versions_city.9fb88cb052
[0m22:11:23.142050 [debug] [Thread-4 (]: Writing runtime sql for node "test.ingatlanmizu.dbt_utils_unique_combination_of_columns_stg_zenga__listing_versions_listing_code__payload_hash.4747e65fd8"
[0m22:11:23.142321 [debug] [Thread-1 (]: Began executing node test.ingatlanmizu.not_empty_stg_zenga__listing_versions_condition.8c2da70523
[0m22:11:23.143028 [debug] [Thread-2 (]: Writing runtime sql for node "test.ingatlanmizu.not_empty_stg_zenga__listing_versions_city.9fb88cb052"
[0m22:11:23.143861 [debug] [Thread-1 (]: Writing runtime sql for node "test.ingatlanmizu.not_empty_stg_zenga__listing_versions_condition.8c2da70523"
[0m22:11:23.144075 [debug] [Thread-3 (]: Began executing node test.ingatlanmizu.not_empty_stg_zenga__listing_versions_listing_code.e42ffc8646
[0m22:11:23.144359 [debug] [Thread-4 (]: Using postgres connection "test.ingatlanmizu.dbt_utils_unique_combination_of_columns_stg_zenga__listing_versions_listing_code__payload_hash.4747e65fd8"
[0m22:11:23.145140 [debug] [Thread-3 (]: Writing runtime sql for node "test.ingatlanmizu.not_empty_stg_zenga__listing_versions_listing_code.e42ffc8646"
[0m22:11:23.145434 [debug] [Thread-4 (]: On test.ingatlanmizu.dbt_utils_unique_combination_of_columns_stg_zenga__listing_versions_listing_code__payload_hash.4747e65fd8: /* {"app": "dbt", "dbt_version": "1.12.0", "profile_name": "ingatlanmizu", "target_name": "local", "node_id": "test.ingatlanmizu.dbt_utils_unique_combination_of_columns_stg_zenga__listing_versions_listing_code__payload_hash.4747e65fd8"} */

    
    select
      count(*) as failures,
      count(*) != 0 as should_warn,
      count(*) != 0 as should_error
    from (
      
    
  





with validation_errors as (

    select
        listing_code, payload_hash
    from "ingatlanmizu"."silver"."stg_zenga__listing_versions"
    group by listing_code, payload_hash
    having count(*) > 1

)

select *
from validation_errors



  
  
      
    ) dbt_internal_test
[0m22:11:23.145682 [debug] [Thread-2 (]: Using postgres connection "test.ingatlanmizu.not_empty_stg_zenga__listing_versions_city.9fb88cb052"
[0m22:11:23.145901 [debug] [Thread-1 (]: Using postgres connection "test.ingatlanmizu.not_empty_stg_zenga__listing_versions_condition.8c2da70523"
[0m22:11:23.146158 [debug] [Thread-4 (]: Opening a new connection, currently in state closed
[0m22:11:23.146395 [debug] [Thread-2 (]: On test.ingatlanmizu.not_empty_stg_zenga__listing_versions_city.9fb88cb052: /* {"app": "dbt", "dbt_version": "1.12.0", "profile_name": "ingatlanmizu", "target_name": "local", "node_id": "test.ingatlanmizu.not_empty_stg_zenga__listing_versions_city.9fb88cb052"} */

    
    select
      count(*) as failures,
      count(*) != 0 as should_warn,
      count(*) != 0 as should_error
    from (
      
    
  

select *
from "ingatlanmizu"."silver"."stg_zenga__listing_versions"
where trim(city) = ''


  
  
      
    ) dbt_internal_test
[0m22:11:23.146633 [debug] [Thread-1 (]: On test.ingatlanmizu.not_empty_stg_zenga__listing_versions_condition.8c2da70523: /* {"app": "dbt", "dbt_version": "1.12.0", "profile_name": "ingatlanmizu", "target_name": "local", "node_id": "test.ingatlanmizu.not_empty_stg_zenga__listing_versions_condition.8c2da70523"} */

    
    select
      count(*) as failures,
      count(*) != 0 as should_warn,
      count(*) != 0 as should_error
    from (
      
    
  

select *
from "ingatlanmizu"."silver"."stg_zenga__listing_versions"
where trim(condition) = ''


  
  
      
    ) dbt_internal_test
[0m22:11:23.146931 [debug] [Thread-3 (]: Using postgres connection "test.ingatlanmizu.not_empty_stg_zenga__listing_versions_listing_code.e42ffc8646"
[0m22:11:23.147139 [debug] [Thread-2 (]: Opening a new connection, currently in state closed
[0m22:11:23.147339 [debug] [Thread-1 (]: Opening a new connection, currently in state closed
[0m22:11:23.147565 [debug] [Thread-3 (]: On test.ingatlanmizu.not_empty_stg_zenga__listing_versions_listing_code.e42ffc8646: /* {"app": "dbt", "dbt_version": "1.12.0", "profile_name": "ingatlanmizu", "target_name": "local", "node_id": "test.ingatlanmizu.not_empty_stg_zenga__listing_versions_listing_code.e42ffc8646"} */

    
    select
      count(*) as failures,
      count(*) != 0 as should_warn,
      count(*) != 0 as should_error
    from (
      
    
  

select *
from "ingatlanmizu"."silver"."stg_zenga__listing_versions"
where trim(listing_code) = ''


  
  
      
    ) dbt_internal_test
[0m22:11:23.147904 [debug] [Thread-3 (]: Opening a new connection, currently in state closed
[0m22:11:23.158574 [debug] [Thread-4 (]: SQL status: SELECT 1 in 0.012 seconds
[0m22:11:23.158846 [debug] [Thread-3 (]: SQL status: SELECT 1 in 0.011 seconds
[0m22:11:23.159074 [debug] [Thread-1 (]: SQL status: SELECT 1 in 0.012 seconds
[0m22:11:23.159379 [debug] [Thread-2 (]: SQL status: SELECT 1 in 0.012 seconds
[0m22:11:23.160273 [debug] [Thread-4 (]: On test.ingatlanmizu.dbt_utils_unique_combination_of_columns_stg_zenga__listing_versions_listing_code__payload_hash.4747e65fd8: ROLLBACK
[0m22:11:23.160992 [debug] [Thread-3 (]: On test.ingatlanmizu.not_empty_stg_zenga__listing_versions_listing_code.e42ffc8646: ROLLBACK
[0m22:11:23.161664 [debug] [Thread-1 (]: On test.ingatlanmizu.not_empty_stg_zenga__listing_versions_condition.8c2da70523: ROLLBACK
[0m22:11:23.162312 [debug] [Thread-2 (]: On test.ingatlanmizu.not_empty_stg_zenga__listing_versions_city.9fb88cb052: ROLLBACK
[0m22:11:23.162843 [debug] [Thread-2 (]: On test.ingatlanmizu.not_empty_stg_zenga__listing_versions_city.9fb88cb052: Close
[0m22:11:23.163056 [debug] [Thread-3 (]: On test.ingatlanmizu.not_empty_stg_zenga__listing_versions_listing_code.e42ffc8646: Close
[0m22:11:23.163286 [debug] [Thread-4 (]: On test.ingatlanmizu.dbt_utils_unique_combination_of_columns_stg_zenga__listing_versions_listing_code__payload_hash.4747e65fd8: Close
[0m22:11:23.163475 [debug] [Thread-1 (]: On test.ingatlanmizu.not_empty_stg_zenga__listing_versions_condition.8c2da70523: Close
[0m22:11:23.163820 [info ] [Thread-2 (]: 23 of 102 PASS not_empty_stg_zenga__listing_versions_city ...................... [[32mPASS[0m in 0.05s]
[0m22:11:23.164176 [info ] [Thread-3 (]: 25 of 102 PASS not_empty_stg_zenga__listing_versions_listing_code .............. [[32mPASS[0m in 0.04s]
[0m22:11:23.164515 [info ] [Thread-4 (]: 22 of 102 PASS dbt_utils_unique_combination_of_columns_stg_zenga__listing_versions_listing_code__payload_hash  [[32mPASS[0m in 0.05s]
[0m22:11:23.164871 [debug] [Thread-2 (]: Finished running node test.ingatlanmizu.not_empty_stg_zenga__listing_versions_city.9fb88cb052
[0m22:11:23.165247 [info ] [Thread-1 (]: 24 of 102 PASS not_empty_stg_zenga__listing_versions_condition ................. [[32mPASS[0m in 0.05s]
[0m22:11:23.165670 [debug] [Thread-3 (]: Finished running node test.ingatlanmizu.not_empty_stg_zenga__listing_versions_listing_code.e42ffc8646
[0m22:11:23.165979 [debug] [Thread-4 (]: Finished running node test.ingatlanmizu.dbt_utils_unique_combination_of_columns_stg_zenga__listing_versions_listing_code__payload_hash.4747e65fd8
[0m22:11:23.166215 [debug] [Thread-2 (]: Began running node test.ingatlanmizu.not_empty_stg_zenga__listing_versions_listing_key.0aa242c5e3
[0m22:11:23.166545 [debug] [Thread-1 (]: Finished running node test.ingatlanmizu.not_empty_stg_zenga__listing_versions_condition.8c2da70523
[0m22:11:23.166799 [debug] [Thread-3 (]: Began running node test.ingatlanmizu.not_empty_stg_zenga__listing_versions_location_detail.8938ea0c2d
[0m22:11:23.167060 [debug] [Thread-4 (]: Began running node test.ingatlanmizu.not_empty_stg_zenga__listing_versions_main_type.9b3692f555
[0m22:11:23.167310 [info ] [Thread-2 (]: 26 of 102 START test not_empty_stg_zenga__listing_versions_listing_key ......... [RUN]
[0m22:11:23.167552 [debug] [Thread-1 (]: Began running node test.ingatlanmizu.not_null_stg_zenga__listing_versions_area_sqm.9319e521c4
[0m22:11:23.167791 [info ] [Thread-3 (]: 27 of 102 START test not_empty_stg_zenga__listing_versions_location_detail ..... [RUN]
[0m22:11:23.168024 [info ] [Thread-4 (]: 28 of 102 START test not_empty_stg_zenga__listing_versions_main_type ........... [RUN]
[0m22:11:23.168296 [debug] [Thread-2 (]: Re-using an available connection from the pool (formerly test.ingatlanmizu.not_empty_stg_zenga__listing_versions_city.9fb88cb052, now test.ingatlanmizu.not_empty_stg_zenga__listing_versions_listing_key.0aa242c5e3)
[0m22:11:23.168514 [info ] [Thread-1 (]: 29 of 102 START test not_null_stg_zenga__listing_versions_area_sqm ............. [RUN]
[0m22:11:23.168767 [debug] [Thread-3 (]: Re-using an available connection from the pool (formerly test.ingatlanmizu.not_empty_stg_zenga__listing_versions_listing_code.e42ffc8646, now test.ingatlanmizu.not_empty_stg_zenga__listing_versions_location_detail.8938ea0c2d)
[0m22:11:23.168985 [debug] [Thread-4 (]: Re-using an available connection from the pool (formerly test.ingatlanmizu.dbt_utils_unique_combination_of_columns_stg_zenga__listing_versions_listing_code__payload_hash.4747e65fd8, now test.ingatlanmizu.not_empty_stg_zenga__listing_versions_main_type.9b3692f555)
[0m22:11:23.169193 [debug] [Thread-2 (]: Began compiling node test.ingatlanmizu.not_empty_stg_zenga__listing_versions_listing_key.0aa242c5e3
[0m22:11:23.169410 [debug] [Thread-1 (]: Re-using an available connection from the pool (formerly test.ingatlanmizu.not_empty_stg_zenga__listing_versions_condition.8c2da70523, now test.ingatlanmizu.not_null_stg_zenga__listing_versions_area_sqm.9319e521c4)
[0m22:11:23.169608 [debug] [Thread-3 (]: Began compiling node test.ingatlanmizu.not_empty_stg_zenga__listing_versions_location_detail.8938ea0c2d
[0m22:11:23.169809 [debug] [Thread-4 (]: Began compiling node test.ingatlanmizu.not_empty_stg_zenga__listing_versions_main_type.9b3692f555
[0m22:11:23.173255 [debug] [Thread-2 (]: Writing injected SQL for node "test.ingatlanmizu.not_empty_stg_zenga__listing_versions_listing_key.0aa242c5e3"
[0m22:11:23.173496 [debug] [Thread-1 (]: Began compiling node test.ingatlanmizu.not_null_stg_zenga__listing_versions_area_sqm.9319e521c4
[0m22:11:23.176528 [debug] [Thread-3 (]: Writing injected SQL for node "test.ingatlanmizu.not_empty_stg_zenga__listing_versions_location_detail.8938ea0c2d"
[0m22:11:23.179647 [debug] [Thread-4 (]: Writing injected SQL for node "test.ingatlanmizu.not_empty_stg_zenga__listing_versions_main_type.9b3692f555"
[0m22:11:23.182964 [debug] [Thread-1 (]: Writing injected SQL for node "test.ingatlanmizu.not_null_stg_zenga__listing_versions_area_sqm.9319e521c4"
[0m22:11:23.183337 [debug] [Thread-2 (]: Began executing node test.ingatlanmizu.not_empty_stg_zenga__listing_versions_listing_key.0aa242c5e3
[0m22:11:23.183747 [debug] [Thread-4 (]: Began executing node test.ingatlanmizu.not_empty_stg_zenga__listing_versions_main_type.9b3692f555
[0m22:11:23.184581 [debug] [Thread-2 (]: Writing runtime sql for node "test.ingatlanmizu.not_empty_stg_zenga__listing_versions_listing_key.0aa242c5e3"
[0m22:11:23.184812 [debug] [Thread-3 (]: Began executing node test.ingatlanmizu.not_empty_stg_zenga__listing_versions_location_detail.8938ea0c2d
[0m22:11:23.185013 [debug] [Thread-1 (]: Began executing node test.ingatlanmizu.not_null_stg_zenga__listing_versions_area_sqm.9319e521c4
[0m22:11:23.185853 [debug] [Thread-4 (]: Writing runtime sql for node "test.ingatlanmizu.not_empty_stg_zenga__listing_versions_main_type.9b3692f555"
[0m22:11:23.186642 [debug] [Thread-3 (]: Writing runtime sql for node "test.ingatlanmizu.not_empty_stg_zenga__listing_versions_location_detail.8938ea0c2d"
[0m22:11:23.187461 [debug] [Thread-1 (]: Writing runtime sql for node "test.ingatlanmizu.not_null_stg_zenga__listing_versions_area_sqm.9319e521c4"
[0m22:11:23.187756 [debug] [Thread-2 (]: Using postgres connection "test.ingatlanmizu.not_empty_stg_zenga__listing_versions_listing_key.0aa242c5e3"
[0m22:11:23.188090 [debug] [Thread-2 (]: On test.ingatlanmizu.not_empty_stg_zenga__listing_versions_listing_key.0aa242c5e3: /* {"app": "dbt", "dbt_version": "1.12.0", "profile_name": "ingatlanmizu", "target_name": "local", "node_id": "test.ingatlanmizu.not_empty_stg_zenga__listing_versions_listing_key.0aa242c5e3"} */

    
    select
      count(*) as failures,
      count(*) != 0 as should_warn,
      count(*) != 0 as should_error
    from (
      
    
  

select *
from "ingatlanmizu"."silver"."stg_zenga__listing_versions"
where trim(listing_key) = ''


  
  
      
    ) dbt_internal_test
[0m22:11:23.188358 [debug] [Thread-2 (]: Opening a new connection, currently in state closed
[0m22:11:23.188674 [debug] [Thread-4 (]: Using postgres connection "test.ingatlanmizu.not_empty_stg_zenga__listing_versions_main_type.9b3692f555"
[0m22:11:23.188897 [debug] [Thread-3 (]: Using postgres connection "test.ingatlanmizu.not_empty_stg_zenga__listing_versions_location_detail.8938ea0c2d"
[0m22:11:23.189122 [debug] [Thread-1 (]: Using postgres connection "test.ingatlanmizu.not_null_stg_zenga__listing_versions_area_sqm.9319e521c4"
[0m22:11:23.189359 [debug] [Thread-4 (]: On test.ingatlanmizu.not_empty_stg_zenga__listing_versions_main_type.9b3692f555: /* {"app": "dbt", "dbt_version": "1.12.0", "profile_name": "ingatlanmizu", "target_name": "local", "node_id": "test.ingatlanmizu.not_empty_stg_zenga__listing_versions_main_type.9b3692f555"} */

    
    select
      count(*) as failures,
      count(*) != 0 as should_warn,
      count(*) != 0 as should_error
    from (
      
    
  

select *
from "ingatlanmizu"."silver"."stg_zenga__listing_versions"
where trim(main_type) = ''


  
  
      
    ) dbt_internal_test
[0m22:11:23.189631 [debug] [Thread-3 (]: On test.ingatlanmizu.not_empty_stg_zenga__listing_versions_location_detail.8938ea0c2d: /* {"app": "dbt", "dbt_version": "1.12.0", "profile_name": "ingatlanmizu", "target_name": "local", "node_id": "test.ingatlanmizu.not_empty_stg_zenga__listing_versions_location_detail.8938ea0c2d"} */

    
    select
      count(*) as failures,
      count(*) != 0 as should_warn,
      count(*) != 0 as should_error
    from (
      
    
  

select *
from "ingatlanmizu"."silver"."stg_zenga__listing_versions"
where trim(location_detail) = ''


  
  
      
    ) dbt_internal_test
[0m22:11:23.189900 [debug] [Thread-1 (]: On test.ingatlanmizu.not_null_stg_zenga__listing_versions_area_sqm.9319e521c4: /* {"app": "dbt", "dbt_version": "1.12.0", "profile_name": "ingatlanmizu", "target_name": "local", "node_id": "test.ingatlanmizu.not_null_stg_zenga__listing_versions_area_sqm.9319e521c4"} */

    
    select
      count(*) as failures,
      count(*) != 0 as should_warn,
      count(*) != 0 as should_error
    from (
      
    
  
    
    



select area_sqm
from "ingatlanmizu"."silver"."stg_zenga__listing_versions"
where area_sqm is null



  
  
      
    ) dbt_internal_test
[0m22:11:23.190126 [debug] [Thread-4 (]: Opening a new connection, currently in state closed
[0m22:11:23.190322 [debug] [Thread-3 (]: Opening a new connection, currently in state closed
[0m22:11:23.190508 [debug] [Thread-1 (]: Opening a new connection, currently in state closed
[0m22:11:23.199194 [debug] [Thread-2 (]: SQL status: SELECT 1 in 0.011 seconds
[0m22:11:23.200115 [debug] [Thread-2 (]: On test.ingatlanmizu.not_empty_stg_zenga__listing_versions_listing_key.0aa242c5e3: ROLLBACK
[0m22:11:23.200492 [debug] [Thread-3 (]: SQL status: SELECT 1 in 0.010 seconds
[0m22:11:23.200720 [debug] [Thread-2 (]: On test.ingatlanmizu.not_empty_stg_zenga__listing_versions_listing_key.0aa242c5e3: Close
[0m22:11:23.200974 [debug] [Thread-1 (]: SQL status: SELECT 1 in 0.010 seconds
[0m22:11:23.201218 [debug] [Thread-4 (]: SQL status: SELECT 1 in 0.011 seconds
[0m22:11:23.201972 [debug] [Thread-3 (]: On test.ingatlanmizu.not_empty_stg_zenga__listing_versions_location_detail.8938ea0c2d: ROLLBACK
[0m22:11:23.202349 [info ] [Thread-2 (]: 26 of 102 PASS not_empty_stg_zenga__listing_versions_listing_key ............... [[32mPASS[0m in 0.03s]
[0m22:11:23.203164 [debug] [Thread-1 (]: On test.ingatlanmizu.not_null_stg_zenga__listing_versions_area_sqm.9319e521c4: ROLLBACK
[0m22:11:23.203914 [debug] [Thread-4 (]: On test.ingatlanmizu.not_empty_stg_zenga__listing_versions_main_type.9b3692f555: ROLLBACK
[0m22:11:23.204277 [debug] [Thread-2 (]: Finished running node test.ingatlanmizu.not_empty_stg_zenga__listing_versions_listing_key.0aa242c5e3
[0m22:11:23.204503 [debug] [Thread-3 (]: On test.ingatlanmizu.not_empty_stg_zenga__listing_versions_location_detail.8938ea0c2d: Close
[0m22:11:23.204798 [debug] [Thread-2 (]: Began running node test.ingatlanmizu.not_null_stg_zenga__listing_versions_city.4a3002d577
[0m22:11:23.205029 [debug] [Thread-4 (]: On test.ingatlanmizu.not_empty_stg_zenga__listing_versions_main_type.9b3692f555: Close
[0m22:11:23.205260 [debug] [Thread-1 (]: On test.ingatlanmizu.not_null_stg_zenga__listing_versions_area_sqm.9319e521c4: Close
[0m22:11:23.205497 [info ] [Thread-2 (]: 30 of 102 START test not_null_stg_zenga__listing_versions_city ................. [RUN]
[0m22:11:23.205837 [info ] [Thread-3 (]: 27 of 102 PASS not_empty_stg_zenga__listing_versions_location_detail ........... [[32mPASS[0m in 0.04s]
[0m22:11:23.206189 [info ] [Thread-4 (]: 28 of 102 PASS not_empty_stg_zenga__listing_versions_main_type ................. [[32mPASS[0m in 0.04s]
[0m22:11:23.206541 [info ] [Thread-1 (]: 29 of 102 PASS not_null_stg_zenga__listing_versions_area_sqm ................... [[32mPASS[0m in 0.04s]
[0m22:11:23.206810 [debug] [Thread-2 (]: Re-using an available connection from the pool (formerly test.ingatlanmizu.not_empty_stg_zenga__listing_versions_listing_key.0aa242c5e3, now test.ingatlanmizu.not_null_stg_zenga__listing_versions_city.4a3002d577)
[0m22:11:23.207099 [debug] [Thread-3 (]: Finished running node test.ingatlanmizu.not_empty_stg_zenga__listing_versions_location_detail.8938ea0c2d
[0m22:11:23.207394 [debug] [Thread-4 (]: Finished running node test.ingatlanmizu.not_empty_stg_zenga__listing_versions_main_type.9b3692f555
[0m22:11:23.207714 [debug] [Thread-1 (]: Finished running node test.ingatlanmizu.not_null_stg_zenga__listing_versions_area_sqm.9319e521c4
[0m22:11:23.207947 [debug] [Thread-2 (]: Began compiling node test.ingatlanmizu.not_null_stg_zenga__listing_versions_city.4a3002d577
[0m22:11:23.208189 [debug] [Thread-3 (]: Began running node test.ingatlanmizu.not_null_stg_zenga__listing_versions_condition.2575d91fe4
[0m22:11:23.208482 [debug] [Thread-4 (]: Began running node test.ingatlanmizu.not_null_stg_zenga__listing_versions_listing_code.b87ae3642b
[0m22:11:23.208744 [debug] [Thread-1 (]: Began running node test.ingatlanmizu.not_null_stg_zenga__listing_versions_listing_key.2899abec39
[0m22:11:23.212828 [debug] [Thread-2 (]: Writing injected SQL for node "test.ingatlanmizu.not_null_stg_zenga__listing_versions_city.4a3002d577"
[0m22:11:23.213088 [info ] [Thread-3 (]: 31 of 102 START test not_null_stg_zenga__listing_versions_condition ............ [RUN]
[0m22:11:23.213342 [info ] [Thread-4 (]: 32 of 102 START test not_null_stg_zenga__listing_versions_listing_code ......... [RUN]
[0m22:11:23.213577 [info ] [Thread-1 (]: 33 of 102 START test not_null_stg_zenga__listing_versions_listing_key .......... [RUN]
[0m22:11:23.213887 [debug] [Thread-3 (]: Re-using an available connection from the pool (formerly test.ingatlanmizu.not_empty_stg_zenga__listing_versions_location_detail.8938ea0c2d, now test.ingatlanmizu.not_null_stg_zenga__listing_versions_condition.2575d91fe4)
[0m22:11:23.214121 [debug] [Thread-4 (]: Re-using an available connection from the pool (formerly test.ingatlanmizu.not_empty_stg_zenga__listing_versions_main_type.9b3692f555, now test.ingatlanmizu.not_null_stg_zenga__listing_versions_listing_code.b87ae3642b)
[0m22:11:23.214380 [debug] [Thread-1 (]: Re-using an available connection from the pool (formerly test.ingatlanmizu.not_null_stg_zenga__listing_versions_area_sqm.9319e521c4, now test.ingatlanmizu.not_null_stg_zenga__listing_versions_listing_key.2899abec39)
[0m22:11:23.214591 [debug] [Thread-2 (]: Began executing node test.ingatlanmizu.not_null_stg_zenga__listing_versions_city.4a3002d577
[0m22:11:23.214778 [debug] [Thread-3 (]: Began compiling node test.ingatlanmizu.not_null_stg_zenga__listing_versions_condition.2575d91fe4
[0m22:11:23.214971 [debug] [Thread-4 (]: Began compiling node test.ingatlanmizu.not_null_stg_zenga__listing_versions_listing_code.b87ae3642b
[0m22:11:23.215159 [debug] [Thread-1 (]: Began compiling node test.ingatlanmizu.not_null_stg_zenga__listing_versions_listing_key.2899abec39
[0m22:11:23.215885 [debug] [Thread-2 (]: Writing runtime sql for node "test.ingatlanmizu.not_null_stg_zenga__listing_versions_city.4a3002d577"
[0m22:11:23.219258 [debug] [Thread-3 (]: Writing injected SQL for node "test.ingatlanmizu.not_null_stg_zenga__listing_versions_condition.2575d91fe4"
[0m22:11:23.222480 [debug] [Thread-4 (]: Writing injected SQL for node "test.ingatlanmizu.not_null_stg_zenga__listing_versions_listing_code.b87ae3642b"
[0m22:11:23.226124 [debug] [Thread-1 (]: Writing injected SQL for node "test.ingatlanmizu.not_null_stg_zenga__listing_versions_listing_key.2899abec39"
[0m22:11:23.226771 [debug] [Thread-3 (]: Began executing node test.ingatlanmizu.not_null_stg_zenga__listing_versions_condition.2575d91fe4
[0m22:11:23.227032 [debug] [Thread-4 (]: Began executing node test.ingatlanmizu.not_null_stg_zenga__listing_versions_listing_code.b87ae3642b
[0m22:11:23.227269 [debug] [Thread-2 (]: Using postgres connection "test.ingatlanmizu.not_null_stg_zenga__listing_versions_city.4a3002d577"
[0m22:11:23.227491 [debug] [Thread-1 (]: Began executing node test.ingatlanmizu.not_null_stg_zenga__listing_versions_listing_key.2899abec39
[0m22:11:23.228288 [debug] [Thread-3 (]: Writing runtime sql for node "test.ingatlanmizu.not_null_stg_zenga__listing_versions_condition.2575d91fe4"
[0m22:11:23.229161 [debug] [Thread-4 (]: Writing runtime sql for node "test.ingatlanmizu.not_null_stg_zenga__listing_versions_listing_code.b87ae3642b"
[0m22:11:23.229435 [debug] [Thread-2 (]: On test.ingatlanmizu.not_null_stg_zenga__listing_versions_city.4a3002d577: /* {"app": "dbt", "dbt_version": "1.12.0", "profile_name": "ingatlanmizu", "target_name": "local", "node_id": "test.ingatlanmizu.not_null_stg_zenga__listing_versions_city.4a3002d577"} */

    
    select
      count(*) as failures,
      count(*) != 0 as should_warn,
      count(*) != 0 as should_error
    from (
      
    
  
    
    



select city
from "ingatlanmizu"."silver"."stg_zenga__listing_versions"
where city is null



  
  
      
    ) dbt_internal_test
[0m22:11:23.230234 [debug] [Thread-1 (]: Writing runtime sql for node "test.ingatlanmizu.not_null_stg_zenga__listing_versions_listing_key.2899abec39"
[0m22:11:23.230579 [debug] [Thread-2 (]: Opening a new connection, currently in state closed
[0m22:11:23.230818 [debug] [Thread-3 (]: Using postgres connection "test.ingatlanmizu.not_null_stg_zenga__listing_versions_condition.2575d91fe4"
[0m22:11:23.231116 [debug] [Thread-4 (]: Using postgres connection "test.ingatlanmizu.not_null_stg_zenga__listing_versions_listing_code.b87ae3642b"
[0m22:11:23.231448 [debug] [Thread-3 (]: On test.ingatlanmizu.not_null_stg_zenga__listing_versions_condition.2575d91fe4: /* {"app": "dbt", "dbt_version": "1.12.0", "profile_name": "ingatlanmizu", "target_name": "local", "node_id": "test.ingatlanmizu.not_null_stg_zenga__listing_versions_condition.2575d91fe4"} */

    
    select
      count(*) as failures,
      count(*) != 0 as should_warn,
      count(*) != 0 as should_error
    from (
      
    
  
    
    



select condition
from "ingatlanmizu"."silver"."stg_zenga__listing_versions"
where condition is null



  
  
      
    ) dbt_internal_test
[0m22:11:23.231688 [debug] [Thread-1 (]: Using postgres connection "test.ingatlanmizu.not_null_stg_zenga__listing_versions_listing_key.2899abec39"
[0m22:11:23.231936 [debug] [Thread-4 (]: On test.ingatlanmizu.not_null_stg_zenga__listing_versions_listing_code.b87ae3642b: /* {"app": "dbt", "dbt_version": "1.12.0", "profile_name": "ingatlanmizu", "target_name": "local", "node_id": "test.ingatlanmizu.not_null_stg_zenga__listing_versions_listing_code.b87ae3642b"} */

    
    select
      count(*) as failures,
      count(*) != 0 as should_warn,
      count(*) != 0 as should_error
    from (
      
    
  
    
    



select listing_code
from "ingatlanmizu"."silver"."stg_zenga__listing_versions"
where listing_code is null



  
  
      
    ) dbt_internal_test
[0m22:11:23.232190 [debug] [Thread-3 (]: Opening a new connection, currently in state closed
[0m22:11:23.232430 [debug] [Thread-1 (]: On test.ingatlanmizu.not_null_stg_zenga__listing_versions_listing_key.2899abec39: /* {"app": "dbt", "dbt_version": "1.12.0", "profile_name": "ingatlanmizu", "target_name": "local", "node_id": "test.ingatlanmizu.not_null_stg_zenga__listing_versions_listing_key.2899abec39"} */

    
    select
      count(*) as failures,
      count(*) != 0 as should_warn,
      count(*) != 0 as should_error
    from (
      
    
  
    
    



select listing_key
from "ingatlanmizu"."silver"."stg_zenga__listing_versions"
where listing_key is null



  
  
      
    ) dbt_internal_test
[0m22:11:23.232724 [debug] [Thread-4 (]: Opening a new connection, currently in state closed
[0m22:11:23.233040 [debug] [Thread-1 (]: Opening a new connection, currently in state closed
[0m22:11:23.242504 [debug] [Thread-2 (]: SQL status: SELECT 1 in 0.012 seconds
[0m22:11:23.243525 [debug] [Thread-2 (]: On test.ingatlanmizu.not_null_stg_zenga__listing_versions_city.4a3002d577: ROLLBACK
[0m22:11:23.243776 [debug] [Thread-4 (]: SQL status: SELECT 1 in 0.011 seconds
[0m22:11:23.244034 [debug] [Thread-3 (]: SQL status: SELECT 1 in 0.012 seconds
[0m22:11:23.244267 [debug] [Thread-1 (]: SQL status: SELECT 1 in 0.011 seconds
[0m22:11:23.245039 [debug] [Thread-4 (]: On test.ingatlanmizu.not_null_stg_zenga__listing_versions_listing_code.b87ae3642b: ROLLBACK
[0m22:11:23.245259 [debug] [Thread-2 (]: On test.ingatlanmizu.not_null_stg_zenga__listing_versions_city.4a3002d577: Close
[0m22:11:23.245956 [debug] [Thread-3 (]: On test.ingatlanmizu.not_null_stg_zenga__listing_versions_condition.2575d91fe4: ROLLBACK
[0m22:11:23.246613 [debug] [Thread-1 (]: On test.ingatlanmizu.not_null_stg_zenga__listing_versions_listing_key.2899abec39: ROLLBACK
[0m22:11:23.247328 [debug] [Thread-3 (]: On test.ingatlanmizu.not_null_stg_zenga__listing_versions_condition.2575d91fe4: Close
[0m22:11:23.247577 [debug] [Thread-1 (]: On test.ingatlanmizu.not_null_stg_zenga__listing_versions_listing_key.2899abec39: Close
[0m22:11:23.247110 [info ] [Thread-2 (]: 30 of 102 PASS not_null_stg_zenga__listing_versions_city ....................... [[32mPASS[0m in 0.04s]
[0m22:11:23.247881 [debug] [Thread-4 (]: On test.ingatlanmizu.not_null_stg_zenga__listing_versions_listing_code.b87ae3642b: Close
[0m22:11:23.248194 [info ] [Thread-3 (]: 31 of 102 PASS not_null_stg_zenga__listing_versions_condition .................. [[32mPASS[0m in 0.03s]
[0m22:11:23.248618 [debug] [Thread-2 (]: Finished running node test.ingatlanmizu.not_null_stg_zenga__listing_versions_city.4a3002d577
[0m22:11:23.248916 [info ] [Thread-1 (]: 33 of 102 PASS not_null_stg_zenga__listing_versions_listing_key ................ [[32mPASS[0m in 0.03s]
[0m22:11:23.249290 [debug] [Thread-3 (]: Finished running node test.ingatlanmizu.not_null_stg_zenga__listing_versions_condition.2575d91fe4
[0m22:11:23.249628 [info ] [Thread-4 (]: 32 of 102 PASS not_null_stg_zenga__listing_versions_listing_code ............... [[32mPASS[0m in 0.04s]
[0m22:11:23.249945 [debug] [Thread-2 (]: Began running node test.ingatlanmizu.not_null_stg_zenga__listing_versions_main_type.3e2c8e2ad8
[0m22:11:23.250295 [debug] [Thread-1 (]: Finished running node test.ingatlanmizu.not_null_stg_zenga__listing_versions_listing_key.2899abec39
[0m22:11:23.250530 [debug] [Thread-3 (]: Began running node test.ingatlanmizu.not_null_stg_zenga__listing_versions_price_huf.b9a90c0955
[0m22:11:23.250844 [debug] [Thread-4 (]: Finished running node test.ingatlanmizu.not_null_stg_zenga__listing_versions_listing_code.b87ae3642b
[0m22:11:23.251072 [info ] [Thread-2 (]: 34 of 102 START test not_null_stg_zenga__listing_versions_main_type ............ [RUN]
[0m22:11:23.251358 [debug] [Thread-1 (]: Began running node test.ingatlanmizu.not_null_stg_zenga__listing_versions_price_per_square_meter.af4ff9ea29
[0m22:11:23.251651 [info ] [Thread-3 (]: 35 of 102 START test not_null_stg_zenga__listing_versions_price_huf ............ [RUN]
[0m22:11:23.251924 [debug] [Thread-4 (]: Began running node test.ingatlanmizu.accepted_values_stg_zenga__observations_source__zenga.6ae9ea7eb1
[0m22:11:23.252214 [debug] [Thread-2 (]: Re-using an available connection from the pool (formerly test.ingatlanmizu.not_null_stg_zenga__listing_versions_city.4a3002d577, now test.ingatlanmizu.not_null_stg_zenga__listing_versions_main_type.3e2c8e2ad8)
[0m22:11:23.252479 [info ] [Thread-1 (]: 36 of 102 START test not_null_stg_zenga__listing_versions_price_per_square_meter  [RUN]
[0m22:11:23.252736 [debug] [Thread-3 (]: Re-using an available connection from the pool (formerly test.ingatlanmizu.not_null_stg_zenga__listing_versions_condition.2575d91fe4, now test.ingatlanmizu.not_null_stg_zenga__listing_versions_price_huf.b9a90c0955)
[0m22:11:23.252972 [info ] [Thread-4 (]: 37 of 102 START test accepted_values_stg_zenga__observations_source__zenga ..... [RUN]
[0m22:11:23.253195 [debug] [Thread-2 (]: Began compiling node test.ingatlanmizu.not_null_stg_zenga__listing_versions_main_type.3e2c8e2ad8
[0m22:11:23.253412 [debug] [Thread-1 (]: Re-using an available connection from the pool (formerly test.ingatlanmizu.not_null_stg_zenga__listing_versions_listing_key.2899abec39, now test.ingatlanmizu.not_null_stg_zenga__listing_versions_price_per_square_meter.af4ff9ea29)
[0m22:11:23.253628 [debug] [Thread-3 (]: Began compiling node test.ingatlanmizu.not_null_stg_zenga__listing_versions_price_huf.b9a90c0955
[0m22:11:23.253837 [debug] [Thread-4 (]: Re-using an available connection from the pool (formerly test.ingatlanmizu.not_null_stg_zenga__listing_versions_listing_code.b87ae3642b, now test.ingatlanmizu.accepted_values_stg_zenga__observations_source__zenga.6ae9ea7eb1)
[0m22:11:23.257486 [debug] [Thread-2 (]: Writing injected SQL for node "test.ingatlanmizu.not_null_stg_zenga__listing_versions_main_type.3e2c8e2ad8"
[0m22:11:23.257738 [debug] [Thread-1 (]: Began compiling node test.ingatlanmizu.not_null_stg_zenga__listing_versions_price_per_square_meter.af4ff9ea29
[0m22:11:23.261142 [debug] [Thread-3 (]: Writing injected SQL for node "test.ingatlanmizu.not_null_stg_zenga__listing_versions_price_huf.b9a90c0955"
[0m22:11:23.261406 [debug] [Thread-4 (]: Began compiling node test.ingatlanmizu.accepted_values_stg_zenga__observations_source__zenga.6ae9ea7eb1
[0m22:11:23.264919 [debug] [Thread-1 (]: Writing injected SQL for node "test.ingatlanmizu.not_null_stg_zenga__listing_versions_price_per_square_meter.af4ff9ea29"
[0m22:11:23.268374 [debug] [Thread-4 (]: Writing injected SQL for node "test.ingatlanmizu.accepted_values_stg_zenga__observations_source__zenga.6ae9ea7eb1"
[0m22:11:23.268615 [debug] [Thread-2 (]: Began executing node test.ingatlanmizu.not_null_stg_zenga__listing_versions_main_type.3e2c8e2ad8
[0m22:11:23.268932 [debug] [Thread-3 (]: Began executing node test.ingatlanmizu.not_null_stg_zenga__listing_versions_price_huf.b9a90c0955
[0m22:11:23.269738 [debug] [Thread-2 (]: Writing runtime sql for node "test.ingatlanmizu.not_null_stg_zenga__listing_versions_main_type.3e2c8e2ad8"
[0m22:11:23.269966 [debug] [Thread-1 (]: Began executing node test.ingatlanmizu.not_null_stg_zenga__listing_versions_price_per_square_meter.af4ff9ea29
[0m22:11:23.270720 [debug] [Thread-3 (]: Writing runtime sql for node "test.ingatlanmizu.not_null_stg_zenga__listing_versions_price_huf.b9a90c0955"
[0m22:11:23.270927 [debug] [Thread-4 (]: Began executing node test.ingatlanmizu.accepted_values_stg_zenga__observations_source__zenga.6ae9ea7eb1
[0m22:11:23.271784 [debug] [Thread-1 (]: Writing runtime sql for node "test.ingatlanmizu.not_null_stg_zenga__listing_versions_price_per_square_meter.af4ff9ea29"
[0m22:11:23.272102 [debug] [Thread-2 (]: Using postgres connection "test.ingatlanmizu.not_null_stg_zenga__listing_versions_main_type.3e2c8e2ad8"
[0m22:11:23.272800 [debug] [Thread-4 (]: Writing runtime sql for node "test.ingatlanmizu.accepted_values_stg_zenga__observations_source__zenga.6ae9ea7eb1"
[0m22:11:23.273082 [debug] [Thread-3 (]: Using postgres connection "test.ingatlanmizu.not_null_stg_zenga__listing_versions_price_huf.b9a90c0955"
[0m22:11:23.273316 [debug] [Thread-2 (]: On test.ingatlanmizu.not_null_stg_zenga__listing_versions_main_type.3e2c8e2ad8: /* {"app": "dbt", "dbt_version": "1.12.0", "profile_name": "ingatlanmizu", "target_name": "local", "node_id": "test.ingatlanmizu.not_null_stg_zenga__listing_versions_main_type.3e2c8e2ad8"} */

    
    select
      count(*) as failures,
      count(*) != 0 as should_warn,
      count(*) != 0 as should_error
    from (
      
    
  
    
    



select main_type
from "ingatlanmizu"."silver"."stg_zenga__listing_versions"
where main_type is null



  
  
      
    ) dbt_internal_test
[0m22:11:23.273604 [debug] [Thread-1 (]: Using postgres connection "test.ingatlanmizu.not_null_stg_zenga__listing_versions_price_per_square_meter.af4ff9ea29"
[0m22:11:23.273844 [debug] [Thread-3 (]: On test.ingatlanmizu.not_null_stg_zenga__listing_versions_price_huf.b9a90c0955: /* {"app": "dbt", "dbt_version": "1.12.0", "profile_name": "ingatlanmizu", "target_name": "local", "node_id": "test.ingatlanmizu.not_null_stg_zenga__listing_versions_price_huf.b9a90c0955"} */

    
    select
      count(*) as failures,
      count(*) != 0 as should_warn,
      count(*) != 0 as should_error
    from (
      
    
  
    
    



select price_huf
from "ingatlanmizu"."silver"."stg_zenga__listing_versions"
where price_huf is null



  
  
      
    ) dbt_internal_test
[0m22:11:23.274082 [debug] [Thread-4 (]: Using postgres connection "test.ingatlanmizu.accepted_values_stg_zenga__observations_source__zenga.6ae9ea7eb1"
[0m22:11:23.274285 [debug] [Thread-2 (]: Opening a new connection, currently in state closed
[0m22:11:23.274502 [debug] [Thread-1 (]: On test.ingatlanmizu.not_null_stg_zenga__listing_versions_price_per_square_meter.af4ff9ea29: /* {"app": "dbt", "dbt_version": "1.12.0", "profile_name": "ingatlanmizu", "target_name": "local", "node_id": "test.ingatlanmizu.not_null_stg_zenga__listing_versions_price_per_square_meter.af4ff9ea29"} */

    
    select
      count(*) as failures,
      count(*) != 0 as should_warn,
      count(*) != 0 as should_error
    from (
      
    
  
    
    



select price_per_square_meter
from "ingatlanmizu"."silver"."stg_zenga__listing_versions"
where price_per_square_meter is null



  
  
      
    ) dbt_internal_test
[0m22:11:23.274709 [debug] [Thread-3 (]: Opening a new connection, currently in state closed
[0m22:11:23.274922 [debug] [Thread-4 (]: On test.ingatlanmizu.accepted_values_stg_zenga__observations_source__zenga.6ae9ea7eb1: /* {"app": "dbt", "dbt_version": "1.12.0", "profile_name": "ingatlanmizu", "target_name": "local", "node_id": "test.ingatlanmizu.accepted_values_stg_zenga__observations_source__zenga.6ae9ea7eb1"} */

    
    select
      count(*) as failures,
      count(*) != 0 as should_warn,
      count(*) != 0 as should_error
    from (
      
    
  
    
    

with all_values as (

    select
        source as value_field,
        count(*) as n_records

    from "ingatlanmizu"."silver"."stg_zenga__observations"
    group by source

)

select *
from all_values
where value_field not in (
    'zenga'
)



  
  
      
    ) dbt_internal_test
[0m22:11:23.275198 [debug] [Thread-1 (]: Opening a new connection, currently in state closed
[0m22:11:23.275442 [debug] [Thread-4 (]: Opening a new connection, currently in state closed
[0m22:11:23.287856 [debug] [Thread-4 (]: SQL status: SELECT 1 in 0.012 seconds
[0m22:11:23.288141 [debug] [Thread-2 (]: SQL status: SELECT 1 in 0.014 seconds
[0m22:11:23.289023 [debug] [Thread-3 (]: SQL status: SELECT 1 in 0.014 seconds
[0m22:11:23.289281 [debug] [Thread-1 (]: SQL status: SELECT 1 in 0.014 seconds
[0m22:11:23.290112 [debug] [Thread-4 (]: On test.ingatlanmizu.accepted_values_stg_zenga__observations_source__zenga.6ae9ea7eb1: ROLLBACK
[0m22:11:23.290811 [debug] [Thread-2 (]: On test.ingatlanmizu.not_null_stg_zenga__listing_versions_main_type.3e2c8e2ad8: ROLLBACK
[0m22:11:23.291468 [debug] [Thread-3 (]: On test.ingatlanmizu.not_null_stg_zenga__listing_versions_price_huf.b9a90c0955: ROLLBACK
[0m22:11:23.292121 [debug] [Thread-1 (]: On test.ingatlanmizu.not_null_stg_zenga__listing_versions_price_per_square_meter.af4ff9ea29: ROLLBACK
[0m22:11:23.292624 [debug] [Thread-3 (]: On test.ingatlanmizu.not_null_stg_zenga__listing_versions_price_huf.b9a90c0955: Close
[0m22:11:23.292837 [debug] [Thread-4 (]: On test.ingatlanmizu.accepted_values_stg_zenga__observations_source__zenga.6ae9ea7eb1: Close
[0m22:11:23.293028 [debug] [Thread-1 (]: On test.ingatlanmizu.not_null_stg_zenga__listing_versions_price_per_square_meter.af4ff9ea29: Close
[0m22:11:23.293227 [debug] [Thread-2 (]: On test.ingatlanmizu.not_null_stg_zenga__listing_versions_main_type.3e2c8e2ad8: Close
[0m22:11:23.293595 [info ] [Thread-3 (]: 35 of 102 PASS not_null_stg_zenga__listing_versions_price_huf .................. [[32mPASS[0m in 0.04s]
[0m22:11:23.294039 [info ] [Thread-4 (]: 37 of 102 PASS accepted_values_stg_zenga__observations_source__zenga ........... [[32mPASS[0m in 0.04s]
[0m22:11:23.294407 [info ] [Thread-1 (]: 36 of 102 PASS not_null_stg_zenga__listing_versions_price_per_square_meter ..... [[32mPASS[0m in 0.04s]
[0m22:11:23.294825 [info ] [Thread-2 (]: 34 of 102 PASS not_null_stg_zenga__listing_versions_main_type .................. [[32mPASS[0m in 0.04s]
[0m22:11:23.295235 [debug] [Thread-3 (]: Finished running node test.ingatlanmizu.not_null_stg_zenga__listing_versions_price_huf.b9a90c0955
[0m22:11:23.295534 [debug] [Thread-4 (]: Finished running node test.ingatlanmizu.accepted_values_stg_zenga__observations_source__zenga.6ae9ea7eb1
[0m22:11:23.295846 [debug] [Thread-1 (]: Finished running node test.ingatlanmizu.not_null_stg_zenga__listing_versions_price_per_square_meter.af4ff9ea29
[0m22:11:23.296140 [debug] [Thread-2 (]: Finished running node test.ingatlanmizu.not_null_stg_zenga__listing_versions_main_type.3e2c8e2ad8
[0m22:11:23.296386 [debug] [Thread-3 (]: Began running node test.ingatlanmizu.dbt_expectations_expect_column_values_to_match_like_pattern_stg_zenga__observations_listing_key__zenga_.015ea176e5
[0m22:11:23.296663 [debug] [Thread-4 (]: Began running node test.ingatlanmizu.dbt_utils_unique_combination_of_columns_stg_zenga__observations_listing_code__observed_at.b75ef5b85d
[0m22:11:23.296968 [debug] [Thread-1 (]: Began running node test.ingatlanmizu.not_empty_stg_zenga__observations_listing_code.922f6021c1
[0m22:11:23.297230 [debug] [Thread-2 (]: Began running node test.ingatlanmizu.not_empty_stg_zenga__observations_listing_key.f2137beef3
[0m22:11:23.297543 [info ] [Thread-3 (]: 38 of 102 START test dbt_expectations_expect_column_values_to_match_like_pattern_stg_zenga__observations_listing_key__zenga_  [RUN]
[0m22:11:23.297817 [info ] [Thread-4 (]: 39 of 102 START test dbt_utils_unique_combination_of_columns_stg_zenga__observations_listing_code__observed_at  [RUN]
[0m22:11:23.298071 [info ] [Thread-1 (]: 40 of 102 START test not_empty_stg_zenga__observations_listing_code ............ [RUN]
[0m22:11:23.298311 [info ] [Thread-2 (]: 41 of 102 START test not_empty_stg_zenga__observations_listing_key ............. [RUN]
[0m22:11:23.298588 [debug] [Thread-3 (]: Re-using an available connection from the pool (formerly test.ingatlanmizu.not_null_stg_zenga__listing_versions_price_huf.b9a90c0955, now test.ingatlanmizu.dbt_expectations_expect_column_values_to_match_like_pattern_stg_zenga__observations_listing_key__zenga_.015ea176e5)
[0m22:11:23.298830 [debug] [Thread-4 (]: Re-using an available connection from the pool (formerly test.ingatlanmizu.accepted_values_stg_zenga__observations_source__zenga.6ae9ea7eb1, now test.ingatlanmizu.dbt_utils_unique_combination_of_columns_stg_zenga__observations_listing_code__observed_at.b75ef5b85d)
[0m22:11:23.299078 [debug] [Thread-1 (]: Re-using an available connection from the pool (formerly test.ingatlanmizu.not_null_stg_zenga__listing_versions_price_per_square_meter.af4ff9ea29, now test.ingatlanmizu.not_empty_stg_zenga__observations_listing_code.922f6021c1)
[0m22:11:23.299293 [debug] [Thread-2 (]: Re-using an available connection from the pool (formerly test.ingatlanmizu.not_null_stg_zenga__listing_versions_main_type.3e2c8e2ad8, now test.ingatlanmizu.not_empty_stg_zenga__observations_listing_key.f2137beef3)
[0m22:11:23.299500 [debug] [Thread-3 (]: Began compiling node test.ingatlanmizu.dbt_expectations_expect_column_values_to_match_like_pattern_stg_zenga__observations_listing_key__zenga_.015ea176e5
[0m22:11:23.299725 [debug] [Thread-4 (]: Began compiling node test.ingatlanmizu.dbt_utils_unique_combination_of_columns_stg_zenga__observations_listing_code__observed_at.b75ef5b85d
[0m22:11:23.299913 [debug] [Thread-1 (]: Began compiling node test.ingatlanmizu.not_empty_stg_zenga__observations_listing_code.922f6021c1
[0m22:11:23.300103 [debug] [Thread-2 (]: Began compiling node test.ingatlanmizu.not_empty_stg_zenga__observations_listing_key.f2137beef3
[0m22:11:23.303834 [debug] [Thread-3 (]: Writing injected SQL for node "test.ingatlanmizu.dbt_expectations_expect_column_values_to_match_like_pattern_stg_zenga__observations_listing_key__zenga_.015ea176e5"
[0m22:11:23.309265 [debug] [Thread-4 (]: Writing injected SQL for node "test.ingatlanmizu.dbt_utils_unique_combination_of_columns_stg_zenga__observations_listing_code__observed_at.b75ef5b85d"
[0m22:11:23.312352 [debug] [Thread-1 (]: Writing injected SQL for node "test.ingatlanmizu.not_empty_stg_zenga__observations_listing_code.922f6021c1"
[0m22:11:23.315537 [debug] [Thread-2 (]: Writing injected SQL for node "test.ingatlanmizu.not_empty_stg_zenga__observations_listing_key.f2137beef3"
[0m22:11:23.316193 [debug] [Thread-4 (]: Began executing node test.ingatlanmizu.dbt_utils_unique_combination_of_columns_stg_zenga__observations_listing_code__observed_at.b75ef5b85d
[0m22:11:23.316446 [debug] [Thread-3 (]: Began executing node test.ingatlanmizu.dbt_expectations_expect_column_values_to_match_like_pattern_stg_zenga__observations_listing_key__zenga_.015ea176e5
[0m22:11:23.317301 [debug] [Thread-4 (]: Writing runtime sql for node "test.ingatlanmizu.dbt_utils_unique_combination_of_columns_stg_zenga__observations_listing_code__observed_at.b75ef5b85d"
[0m22:11:23.317507 [debug] [Thread-1 (]: Began executing node test.ingatlanmizu.not_empty_stg_zenga__observations_listing_code.922f6021c1
[0m22:11:23.317705 [debug] [Thread-2 (]: Began executing node test.ingatlanmizu.not_empty_stg_zenga__observations_listing_key.f2137beef3
[0m22:11:23.318478 [debug] [Thread-3 (]: Writing runtime sql for node "test.ingatlanmizu.dbt_expectations_expect_column_values_to_match_like_pattern_stg_zenga__observations_listing_key__zenga_.015ea176e5"
[0m22:11:23.319343 [debug] [Thread-1 (]: Writing runtime sql for node "test.ingatlanmizu.not_empty_stg_zenga__observations_listing_code.922f6021c1"
[0m22:11:23.320081 [debug] [Thread-2 (]: Writing runtime sql for node "test.ingatlanmizu.not_empty_stg_zenga__observations_listing_key.f2137beef3"
[0m22:11:23.320381 [debug] [Thread-4 (]: Using postgres connection "test.ingatlanmizu.dbt_utils_unique_combination_of_columns_stg_zenga__observations_listing_code__observed_at.b75ef5b85d"
[0m22:11:23.320757 [debug] [Thread-4 (]: On test.ingatlanmizu.dbt_utils_unique_combination_of_columns_stg_zenga__observations_listing_code__observed_at.b75ef5b85d: /* {"app": "dbt", "dbt_version": "1.12.0", "profile_name": "ingatlanmizu", "target_name": "local", "node_id": "test.ingatlanmizu.dbt_utils_unique_combination_of_columns_stg_zenga__observations_listing_code__observed_at.b75ef5b85d"} */

    
    select
      count(*) as failures,
      count(*) != 0 as should_warn,
      count(*) != 0 as should_error
    from (
      
    
  





with validation_errors as (

    select
        listing_code, observed_at
    from "ingatlanmizu"."silver"."stg_zenga__observations"
    group by listing_code, observed_at
    having count(*) > 1

)

select *
from validation_errors



  
  
      
    ) dbt_internal_test
[0m22:11:23.321060 [debug] [Thread-3 (]: Using postgres connection "test.ingatlanmizu.dbt_expectations_expect_column_values_to_match_like_pattern_stg_zenga__observations_listing_key__zenga_.015ea176e5"
[0m22:11:23.321279 [debug] [Thread-1 (]: Using postgres connection "test.ingatlanmizu.not_empty_stg_zenga__observations_listing_code.922f6021c1"
[0m22:11:23.321478 [debug] [Thread-4 (]: Opening a new connection, currently in state closed
[0m22:11:23.321678 [debug] [Thread-2 (]: Using postgres connection "test.ingatlanmizu.not_empty_stg_zenga__observations_listing_key.f2137beef3"
[0m22:11:23.321911 [debug] [Thread-3 (]: On test.ingatlanmizu.dbt_expectations_expect_column_values_to_match_like_pattern_stg_zenga__observations_listing_key__zenga_.015ea176e5: /* {"app": "dbt", "dbt_version": "1.12.0", "profile_name": "ingatlanmizu", "target_name": "local", "node_id": "test.ingatlanmizu.dbt_expectations_expect_column_values_to_match_like_pattern_stg_zenga__observations_listing_key__zenga_.015ea176e5"} */

    
    select
      count(*) as failures,
      count(*) != 0 as should_warn,
      count(*) != 0 as should_error
    from (
      
    
  




    with grouped_expression as (
    select
        
        
    
  
listing_key  like 'zenga:%'
 as expression


    from "ingatlanmizu"."silver"."stg_zenga__observations"
    

),
validation_errors as (

    select
        *
    from
        grouped_expression
    where
        not(expression = true)

)

select *
from validation_errors





  
  
      
    ) dbt_internal_test
[0m22:11:23.322155 [debug] [Thread-1 (]: On test.ingatlanmizu.not_empty_stg_zenga__observations_listing_code.922f6021c1: /* {"app": "dbt", "dbt_version": "1.12.0", "profile_name": "ingatlanmizu", "target_name": "local", "node_id": "test.ingatlanmizu.not_empty_stg_zenga__observations_listing_code.922f6021c1"} */

    
    select
      count(*) as failures,
      count(*) != 0 as should_warn,
      count(*) != 0 as should_error
    from (
      
    
  

select *
from "ingatlanmizu"."silver"."stg_zenga__observations"
where trim(listing_code) = ''


  
  
      
    ) dbt_internal_test
[0m22:11:23.322453 [debug] [Thread-2 (]: On test.ingatlanmizu.not_empty_stg_zenga__observations_listing_key.f2137beef3: /* {"app": "dbt", "dbt_version": "1.12.0", "profile_name": "ingatlanmizu", "target_name": "local", "node_id": "test.ingatlanmizu.not_empty_stg_zenga__observations_listing_key.f2137beef3"} */

    
    select
      count(*) as failures,
      count(*) != 0 as should_warn,
      count(*) != 0 as should_error
    from (
      
    
  

select *
from "ingatlanmizu"."silver"."stg_zenga__observations"
where trim(listing_key) = ''


  
  
      
    ) dbt_internal_test
[0m22:11:23.322700 [debug] [Thread-3 (]: Opening a new connection, currently in state closed
[0m22:11:23.322958 [debug] [Thread-1 (]: Opening a new connection, currently in state closed
[0m22:11:23.323168 [debug] [Thread-2 (]: Opening a new connection, currently in state closed
[0m22:11:23.332264 [debug] [Thread-4 (]: SQL status: SELECT 1 in 0.011 seconds
[0m22:11:23.332524 [debug] [Thread-1 (]: SQL status: SELECT 1 in 0.010 seconds
[0m22:11:23.332772 [debug] [Thread-3 (]: SQL status: SELECT 1 in 0.010 seconds
[0m22:11:23.333006 [debug] [Thread-2 (]: SQL status: SELECT 1 in 0.010 seconds
[0m22:11:23.333932 [debug] [Thread-4 (]: On test.ingatlanmizu.dbt_utils_unique_combination_of_columns_stg_zenga__observations_listing_code__observed_at.b75ef5b85d: ROLLBACK
[0m22:11:23.334650 [debug] [Thread-1 (]: On test.ingatlanmizu.not_empty_stg_zenga__observations_listing_code.922f6021c1: ROLLBACK
[0m22:11:23.335371 [debug] [Thread-3 (]: On test.ingatlanmizu.dbt_expectations_expect_column_values_to_match_like_pattern_stg_zenga__observations_listing_key__zenga_.015ea176e5: ROLLBACK
[0m22:11:23.336063 [debug] [Thread-2 (]: On test.ingatlanmizu.not_empty_stg_zenga__observations_listing_key.f2137beef3: ROLLBACK
[0m22:11:23.336588 [debug] [Thread-1 (]: On test.ingatlanmizu.not_empty_stg_zenga__observations_listing_code.922f6021c1: Close
[0m22:11:23.336813 [debug] [Thread-2 (]: On test.ingatlanmizu.not_empty_stg_zenga__observations_listing_key.f2137beef3: Close
[0m22:11:23.337022 [debug] [Thread-3 (]: On test.ingatlanmizu.dbt_expectations_expect_column_values_to_match_like_pattern_stg_zenga__observations_listing_key__zenga_.015ea176e5: Close
[0m22:11:23.337212 [debug] [Thread-4 (]: On test.ingatlanmizu.dbt_utils_unique_combination_of_columns_stg_zenga__observations_listing_code__observed_at.b75ef5b85d: Close
[0m22:11:23.337603 [info ] [Thread-1 (]: 40 of 102 PASS not_empty_stg_zenga__observations_listing_code .................. [[32mPASS[0m in 0.04s]
[0m22:11:23.337921 [info ] [Thread-2 (]: 41 of 102 PASS not_empty_stg_zenga__observations_listing_key ................... [[32mPASS[0m in 0.04s]
[0m22:11:23.338352 [info ] [Thread-3 (]: 38 of 102 PASS dbt_expectations_expect_column_values_to_match_like_pattern_stg_zenga__observations_listing_key__zenga_  [[32mPASS[0m in 0.04s]
[0m22:11:23.338729 [debug] [Thread-1 (]: Finished running node test.ingatlanmizu.not_empty_stg_zenga__observations_listing_code.922f6021c1
[0m22:11:23.339050 [info ] [Thread-4 (]: 39 of 102 PASS dbt_utils_unique_combination_of_columns_stg_zenga__observations_listing_code__observed_at  [[32mPASS[0m in 0.04s]
[0m22:11:23.339459 [debug] [Thread-2 (]: Finished running node test.ingatlanmizu.not_empty_stg_zenga__observations_listing_key.f2137beef3
[0m22:11:23.339762 [debug] [Thread-3 (]: Finished running node test.ingatlanmizu.dbt_expectations_expect_column_values_to_match_like_pattern_stg_zenga__observations_listing_key__zenga_.015ea176e5
[0m22:11:23.340001 [debug] [Thread-1 (]: Began running node test.ingatlanmizu.not_null_stg_zenga__observations_bronze_id.2fd483376c
[0m22:11:23.340332 [debug] [Thread-4 (]: Finished running node test.ingatlanmizu.dbt_utils_unique_combination_of_columns_stg_zenga__observations_listing_code__observed_at.b75ef5b85d
[0m22:11:23.340589 [debug] [Thread-2 (]: Began running node test.ingatlanmizu.not_null_stg_zenga__observations_ingestion_run_id.ced996d52c
[0m22:11:23.340856 [debug] [Thread-3 (]: Began running node test.ingatlanmizu.not_null_stg_zenga__observations_listing_code.c911cddbcc
[0m22:11:23.341096 [info ] [Thread-1 (]: 42 of 102 START test not_null_stg_zenga__observations_bronze_id ................ [RUN]
[0m22:11:23.341349 [debug] [Thread-4 (]: Began running node test.ingatlanmizu.not_null_stg_zenga__observations_listing_key.aca095ea93
[0m22:11:23.341586 [info ] [Thread-2 (]: 43 of 102 START test not_null_stg_zenga__observations_ingestion_run_id ......... [RUN]
[0m22:11:23.341850 [info ] [Thread-3 (]: 44 of 102 START test not_null_stg_zenga__observations_listing_code ............. [RUN]
[0m22:11:23.342132 [debug] [Thread-1 (]: Re-using an available connection from the pool (formerly test.ingatlanmizu.not_empty_stg_zenga__observations_listing_code.922f6021c1, now test.ingatlanmizu.not_null_stg_zenga__observations_bronze_id.2fd483376c)
[0m22:11:23.342358 [info ] [Thread-4 (]: 45 of 102 START test not_null_stg_zenga__observations_listing_key .............. [RUN]
[0m22:11:23.342601 [debug] [Thread-2 (]: Re-using an available connection from the pool (formerly test.ingatlanmizu.not_empty_stg_zenga__observations_listing_key.f2137beef3, now test.ingatlanmizu.not_null_stg_zenga__observations_ingestion_run_id.ced996d52c)
[0m22:11:23.342833 [debug] [Thread-3 (]: Re-using an available connection from the pool (formerly test.ingatlanmizu.dbt_expectations_expect_column_values_to_match_like_pattern_stg_zenga__observations_listing_key__zenga_.015ea176e5, now test.ingatlanmizu.not_null_stg_zenga__observations_listing_code.c911cddbcc)
[0m22:11:23.343049 [debug] [Thread-1 (]: Began compiling node test.ingatlanmizu.not_null_stg_zenga__observations_bronze_id.2fd483376c
[0m22:11:23.343254 [debug] [Thread-4 (]: Re-using an available connection from the pool (formerly test.ingatlanmizu.dbt_utils_unique_combination_of_columns_stg_zenga__observations_listing_code__observed_at.b75ef5b85d, now test.ingatlanmizu.not_null_stg_zenga__observations_listing_key.aca095ea93)
[0m22:11:23.343459 [debug] [Thread-2 (]: Began compiling node test.ingatlanmizu.not_null_stg_zenga__observations_ingestion_run_id.ced996d52c
[0m22:11:23.343655 [debug] [Thread-3 (]: Began compiling node test.ingatlanmizu.not_null_stg_zenga__observations_listing_code.c911cddbcc
[0m22:11:23.347236 [debug] [Thread-1 (]: Writing injected SQL for node "test.ingatlanmizu.not_null_stg_zenga__observations_bronze_id.2fd483376c"
[0m22:11:23.347507 [debug] [Thread-4 (]: Began compiling node test.ingatlanmizu.not_null_stg_zenga__observations_listing_key.aca095ea93
[0m22:11:23.350908 [debug] [Thread-2 (]: Writing injected SQL for node "test.ingatlanmizu.not_null_stg_zenga__observations_ingestion_run_id.ced996d52c"
[0m22:11:23.354157 [debug] [Thread-3 (]: Writing injected SQL for node "test.ingatlanmizu.not_null_stg_zenga__observations_listing_code.c911cddbcc"
[0m22:11:23.357495 [debug] [Thread-4 (]: Writing injected SQL for node "test.ingatlanmizu.not_null_stg_zenga__observations_listing_key.aca095ea93"
[0m22:11:23.357875 [debug] [Thread-1 (]: Began executing node test.ingatlanmizu.not_null_stg_zenga__observations_bronze_id.2fd483376c
[0m22:11:23.358159 [debug] [Thread-2 (]: Began executing node test.ingatlanmizu.not_null_stg_zenga__observations_ingestion_run_id.ced996d52c
[0m22:11:23.358378 [debug] [Thread-3 (]: Began executing node test.ingatlanmizu.not_null_stg_zenga__observations_listing_code.c911cddbcc
[0m22:11:23.359174 [debug] [Thread-1 (]: Writing runtime sql for node "test.ingatlanmizu.not_null_stg_zenga__observations_bronze_id.2fd483376c"
[0m22:11:23.360506 [debug] [Thread-2 (]: Writing runtime sql for node "test.ingatlanmizu.not_null_stg_zenga__observations_ingestion_run_id.ced996d52c"
[0m22:11:23.360721 [debug] [Thread-4 (]: Began executing node test.ingatlanmizu.not_null_stg_zenga__observations_listing_key.aca095ea93
[0m22:11:23.361471 [debug] [Thread-3 (]: Writing runtime sql for node "test.ingatlanmizu.not_null_stg_zenga__observations_listing_code.c911cddbcc"
[0m22:11:23.362360 [debug] [Thread-4 (]: Writing runtime sql for node "test.ingatlanmizu.not_null_stg_zenga__observations_listing_key.aca095ea93"
[0m22:11:23.362654 [debug] [Thread-1 (]: Using postgres connection "test.ingatlanmizu.not_null_stg_zenga__observations_bronze_id.2fd483376c"
[0m22:11:23.362904 [debug] [Thread-2 (]: Using postgres connection "test.ingatlanmizu.not_null_stg_zenga__observations_ingestion_run_id.ced996d52c"
[0m22:11:23.363191 [debug] [Thread-1 (]: On test.ingatlanmizu.not_null_stg_zenga__observations_bronze_id.2fd483376c: /* {"app": "dbt", "dbt_version": "1.12.0", "profile_name": "ingatlanmizu", "target_name": "local", "node_id": "test.ingatlanmizu.not_null_stg_zenga__observations_bronze_id.2fd483376c"} */

    
    select
      count(*) as failures,
      count(*) != 0 as should_warn,
      count(*) != 0 as should_error
    from (
      
    
  
    
    



select bronze_id
from "ingatlanmizu"."silver"."stg_zenga__observations"
where bronze_id is null



  
  
      
    ) dbt_internal_test
[0m22:11:23.363555 [debug] [Thread-2 (]: On test.ingatlanmizu.not_null_stg_zenga__observations_ingestion_run_id.ced996d52c: /* {"app": "dbt", "dbt_version": "1.12.0", "profile_name": "ingatlanmizu", "target_name": "local", "node_id": "test.ingatlanmizu.not_null_stg_zenga__observations_ingestion_run_id.ced996d52c"} */

    
    select
      count(*) as failures,
      count(*) != 0 as should_warn,
      count(*) != 0 as should_error
    from (
      
    
  
    
    



select ingestion_run_id
from "ingatlanmizu"."silver"."stg_zenga__observations"
where ingestion_run_id is null



  
  
      
    ) dbt_internal_test
[0m22:11:23.363794 [debug] [Thread-3 (]: Using postgres connection "test.ingatlanmizu.not_null_stg_zenga__observations_listing_code.c911cddbcc"
[0m22:11:23.364014 [debug] [Thread-4 (]: Using postgres connection "test.ingatlanmizu.not_null_stg_zenga__observations_listing_key.aca095ea93"
[0m22:11:23.364235 [debug] [Thread-1 (]: Opening a new connection, currently in state closed
[0m22:11:23.364433 [debug] [Thread-2 (]: Opening a new connection, currently in state closed
[0m22:11:23.364645 [debug] [Thread-3 (]: On test.ingatlanmizu.not_null_stg_zenga__observations_listing_code.c911cddbcc: /* {"app": "dbt", "dbt_version": "1.12.0", "profile_name": "ingatlanmizu", "target_name": "local", "node_id": "test.ingatlanmizu.not_null_stg_zenga__observations_listing_code.c911cddbcc"} */

    
    select
      count(*) as failures,
      count(*) != 0 as should_warn,
      count(*) != 0 as should_error
    from (
      
    
  
    
    



select listing_code
from "ingatlanmizu"."silver"."stg_zenga__observations"
where listing_code is null



  
  
      
    ) dbt_internal_test
[0m22:11:23.364880 [debug] [Thread-4 (]: On test.ingatlanmizu.not_null_stg_zenga__observations_listing_key.aca095ea93: /* {"app": "dbt", "dbt_version": "1.12.0", "profile_name": "ingatlanmizu", "target_name": "local", "node_id": "test.ingatlanmizu.not_null_stg_zenga__observations_listing_key.aca095ea93"} */

    
    select
      count(*) as failures,
      count(*) != 0 as should_warn,
      count(*) != 0 as should_error
    from (
      
    
  
    
    



select listing_key
from "ingatlanmizu"."silver"."stg_zenga__observations"
where listing_key is null



  
  
      
    ) dbt_internal_test
[0m22:11:23.365227 [debug] [Thread-3 (]: Opening a new connection, currently in state closed
[0m22:11:23.365431 [debug] [Thread-4 (]: Opening a new connection, currently in state closed
[0m22:11:23.377373 [debug] [Thread-3 (]: SQL status: SELECT 1 in 0.012 seconds
[0m22:11:23.377675 [debug] [Thread-1 (]: SQL status: SELECT 1 in 0.013 seconds
[0m22:11:23.377917 [debug] [Thread-2 (]: SQL status: SELECT 1 in 0.013 seconds
[0m22:11:23.378160 [debug] [Thread-4 (]: SQL status: SELECT 1 in 0.013 seconds
[0m22:11:23.379058 [debug] [Thread-3 (]: On test.ingatlanmizu.not_null_stg_zenga__observations_listing_code.c911cddbcc: ROLLBACK
[0m22:11:23.379802 [debug] [Thread-1 (]: On test.ingatlanmizu.not_null_stg_zenga__observations_bronze_id.2fd483376c: ROLLBACK
[0m22:11:23.380504 [debug] [Thread-2 (]: On test.ingatlanmizu.not_null_stg_zenga__observations_ingestion_run_id.ced996d52c: ROLLBACK
[0m22:11:23.381206 [debug] [Thread-4 (]: On test.ingatlanmizu.not_null_stg_zenga__observations_listing_key.aca095ea93: ROLLBACK
[0m22:11:23.381720 [debug] [Thread-3 (]: On test.ingatlanmizu.not_null_stg_zenga__observations_listing_code.c911cddbcc: Close
[0m22:11:23.381940 [debug] [Thread-1 (]: On test.ingatlanmizu.not_null_stg_zenga__observations_bronze_id.2fd483376c: Close
[0m22:11:23.382154 [debug] [Thread-4 (]: On test.ingatlanmizu.not_null_stg_zenga__observations_listing_key.aca095ea93: Close
[0m22:11:23.382352 [debug] [Thread-2 (]: On test.ingatlanmizu.not_null_stg_zenga__observations_ingestion_run_id.ced996d52c: Close
[0m22:11:23.382759 [info ] [Thread-3 (]: 44 of 102 PASS not_null_stg_zenga__observations_listing_code ................... [[32mPASS[0m in 0.04s]
[0m22:11:23.383085 [info ] [Thread-1 (]: 42 of 102 PASS not_null_stg_zenga__observations_bronze_id ...................... [[32mPASS[0m in 0.04s]
[0m22:11:23.383574 [info ] [Thread-2 (]: 43 of 102 PASS not_null_stg_zenga__observations_ingestion_run_id ............... [[32mPASS[0m in 0.04s]
[0m22:11:23.383909 [info ] [Thread-4 (]: 45 of 102 PASS not_null_stg_zenga__observations_listing_key .................... [[32mPASS[0m in 0.04s]
[0m22:11:23.384218 [debug] [Thread-3 (]: Finished running node test.ingatlanmizu.not_null_stg_zenga__observations_listing_code.c911cddbcc
[0m22:11:23.384502 [debug] [Thread-1 (]: Finished running node test.ingatlanmizu.not_null_stg_zenga__observations_bronze_id.2fd483376c
[0m22:11:23.384803 [debug] [Thread-2 (]: Finished running node test.ingatlanmizu.not_null_stg_zenga__observations_ingestion_run_id.ced996d52c
[0m22:11:23.385095 [debug] [Thread-4 (]: Finished running node test.ingatlanmizu.not_null_stg_zenga__observations_listing_key.aca095ea93
[0m22:11:23.385349 [debug] [Thread-3 (]: Began running node model.ingatlanmizu.int_listing_versions__unioned
[0m22:11:23.385815 [debug] [Thread-1 (]: Began running node model.ingatlanmizu.int_observations__unioned
[0m22:11:23.386103 [info ] [Thread-3 (]: 46 of 102 START sql view model silver.int_listing_versions__unioned ............ [RUN]
[0m22:11:23.386436 [info ] [Thread-1 (]: 47 of 102 START sql view model silver.int_observations__unioned ................ [RUN]
[0m22:11:23.386764 [debug] [Thread-3 (]: Re-using an available connection from the pool (formerly test.ingatlanmizu.not_null_stg_zenga__observations_listing_code.c911cddbcc, now model.ingatlanmizu.int_listing_versions__unioned)
[0m22:11:23.387035 [debug] [Thread-1 (]: Re-using an available connection from the pool (formerly test.ingatlanmizu.not_null_stg_zenga__observations_bronze_id.2fd483376c, now model.ingatlanmizu.int_observations__unioned)
[0m22:11:23.387281 [debug] [Thread-3 (]: Began compiling node model.ingatlanmizu.int_listing_versions__unioned
[0m22:11:23.387492 [debug] [Thread-1 (]: Began compiling node model.ingatlanmizu.int_observations__unioned
[0m22:11:23.388613 [debug] [Thread-3 (]: Writing injected SQL for node "model.ingatlanmizu.int_listing_versions__unioned"
[0m22:11:23.389489 [debug] [Thread-1 (]: Writing injected SQL for node "model.ingatlanmizu.int_observations__unioned"
[0m22:11:23.390406 [debug] [Thread-3 (]: Began executing node model.ingatlanmizu.int_listing_versions__unioned
[0m22:11:23.392170 [debug] [Thread-3 (]: Writing runtime sql for node "model.ingatlanmizu.int_listing_versions__unioned"
[0m22:11:23.392414 [debug] [Thread-1 (]: Began executing node model.ingatlanmizu.int_observations__unioned
[0m22:11:23.394198 [debug] [Thread-1 (]: Writing runtime sql for node "model.ingatlanmizu.int_observations__unioned"
[0m22:11:23.394837 [debug] [Thread-3 (]: Using postgres connection "model.ingatlanmizu.int_listing_versions__unioned"
[0m22:11:23.395099 [debug] [Thread-1 (]: Using postgres connection "model.ingatlanmizu.int_observations__unioned"
[0m22:11:23.395361 [debug] [Thread-3 (]: On model.ingatlanmizu.int_listing_versions__unioned: /* {"app": "dbt", "dbt_version": "1.12.0", "profile_name": "ingatlanmizu", "target_name": "local", "node_id": "model.ingatlanmizu.int_listing_versions__unioned"} */

  create view "ingatlanmizu"."silver"."int_listing_versions__unioned__dbt_tmp"
    
    
  as (
    select 
    *
from "ingatlanmizu"."silver"."stg_zenga__listing_versions"
  );
[0m22:11:23.395615 [debug] [Thread-1 (]: On model.ingatlanmizu.int_observations__unioned: /* {"app": "dbt", "dbt_version": "1.12.0", "profile_name": "ingatlanmizu", "target_name": "local", "node_id": "model.ingatlanmizu.int_observations__unioned"} */

  create view "ingatlanmizu"."silver"."int_observations__unioned__dbt_tmp"
    
    
  as (
    select 
    *
from "ingatlanmizu"."silver"."stg_zenga__observations"
  );
[0m22:11:23.395848 [debug] [Thread-3 (]: Opening a new connection, currently in state closed
[0m22:11:23.396054 [debug] [Thread-1 (]: Opening a new connection, currently in state closed
[0m22:11:23.406489 [debug] [Thread-1 (]: SQL status: CREATE VIEW in 0.010 seconds
[0m22:11:23.407970 [debug] [Thread-1 (]: Using postgres connection "model.ingatlanmizu.int_observations__unioned"
[0m22:11:23.408229 [debug] [Thread-3 (]: SQL status: CREATE VIEW in 0.012 seconds
[0m22:11:23.408501 [debug] [Thread-1 (]: On model.ingatlanmizu.int_observations__unioned: /* {"app": "dbt", "dbt_version": "1.12.0", "profile_name": "ingatlanmizu", "target_name": "local", "node_id": "model.ingatlanmizu.int_observations__unioned"} */
alter table "ingatlanmizu"."silver"."int_observations__unioned__dbt_tmp" rename to "int_observations__unioned"
[0m22:11:23.409757 [debug] [Thread-3 (]: Using postgres connection "model.ingatlanmizu.int_listing_versions__unioned"
[0m22:11:23.410035 [debug] [Thread-3 (]: On model.ingatlanmizu.int_listing_versions__unioned: /* {"app": "dbt", "dbt_version": "1.12.0", "profile_name": "ingatlanmizu", "target_name": "local", "node_id": "model.ingatlanmizu.int_listing_versions__unioned"} */
alter table "ingatlanmizu"."silver"."int_listing_versions__unioned__dbt_tmp" rename to "int_listing_versions__unioned"
[0m22:11:23.410313 [debug] [Thread-1 (]: SQL status: ALTER TABLE in 0.000 seconds
[0m22:11:23.411118 [debug] [Thread-1 (]: On model.ingatlanmizu.int_observations__unioned: COMMIT
[0m22:11:23.411332 [debug] [Thread-3 (]: SQL status: ALTER TABLE in 0.001 seconds
[0m22:11:23.411608 [debug] [Thread-1 (]: Using postgres connection "model.ingatlanmizu.int_observations__unioned"
[0m22:11:23.412352 [debug] [Thread-3 (]: On model.ingatlanmizu.int_listing_versions__unioned: COMMIT
[0m22:11:23.412566 [debug] [Thread-1 (]: On model.ingatlanmizu.int_observations__unioned: COMMIT
[0m22:11:23.412772 [debug] [Thread-3 (]: Using postgres connection "model.ingatlanmizu.int_listing_versions__unioned"
[0m22:11:23.413009 [debug] [Thread-3 (]: On model.ingatlanmizu.int_listing_versions__unioned: COMMIT
[0m22:11:23.413447 [debug] [Thread-1 (]: SQL status: COMMIT in 0.000 seconds
[0m22:11:23.414176 [debug] [Thread-1 (]: Applying DROP to: "ingatlanmizu"."silver"."int_observations__unioned__dbt_backup"
[0m22:11:23.414389 [debug] [Thread-3 (]: SQL status: COMMIT in 0.001 seconds
[0m22:11:23.414751 [debug] [Thread-1 (]: Using postgres connection "model.ingatlanmizu.int_observations__unioned"
[0m22:11:23.415542 [debug] [Thread-3 (]: Applying DROP to: "ingatlanmizu"."silver"."int_listing_versions__unioned__dbt_backup"
[0m22:11:23.415764 [debug] [Thread-1 (]: On model.ingatlanmizu.int_observations__unioned: /* {"app": "dbt", "dbt_version": "1.12.0", "profile_name": "ingatlanmizu", "target_name": "local", "node_id": "model.ingatlanmizu.int_observations__unioned"} */
drop view if exists "ingatlanmizu"."silver"."int_observations__unioned__dbt_backup" cascade
[0m22:11:23.416090 [debug] [Thread-3 (]: Using postgres connection "model.ingatlanmizu.int_listing_versions__unioned"
[0m22:11:23.416369 [debug] [Thread-3 (]: On model.ingatlanmizu.int_listing_versions__unioned: /* {"app": "dbt", "dbt_version": "1.12.0", "profile_name": "ingatlanmizu", "target_name": "local", "node_id": "model.ingatlanmizu.int_listing_versions__unioned"} */
drop view if exists "ingatlanmizu"."silver"."int_listing_versions__unioned__dbt_backup" cascade
[0m22:11:23.416608 [debug] [Thread-1 (]: SQL status: DROP VIEW in 0.000 seconds
[0m22:11:23.417336 [debug] [Thread-1 (]: On model.ingatlanmizu.int_observations__unioned: Close
[0m22:11:23.417568 [debug] [Thread-3 (]: SQL status: DROP VIEW in 0.001 seconds
[0m22:11:23.417912 [debug] [Thread-1 (]: Sending event: {'category': 'dbt', 'action': 'run_model', 'label': '1145f10d-d488-48d9-ad78-2561d640988a', 'context': [<snowplow_tracker.self_describing_json.SelfDescribingJson object at 0x10db60ad0>]}
[0m22:11:23.418645 [debug] [Thread-3 (]: On model.ingatlanmizu.int_listing_versions__unioned: Close
[0m22:11:23.419472 [debug] [Thread-3 (]: Sending event: {'category': 'dbt', 'action': 'run_model', 'label': '1145f10d-d488-48d9-ad78-2561d640988a', 'context': [<snowplow_tracker.self_describing_json.SelfDescribingJson object at 0x10db601d0>]}
[0m22:11:23.419188 [info ] [Thread-1 (]: 47 of 102 OK created sql view model silver.int_observations__unioned ........... [[32mCREATE VIEW[0m in 0.03s]
[0m22:11:23.419915 [info ] [Thread-3 (]: 46 of 102 OK created sql view model silver.int_listing_versions__unioned ....... [[32mCREATE VIEW[0m in 0.03s]
[0m22:11:23.420271 [debug] [Thread-1 (]: Finished running node model.ingatlanmizu.int_observations__unioned
[0m22:11:23.420556 [debug] [Thread-3 (]: Finished running node model.ingatlanmizu.int_listing_versions__unioned
[0m22:11:23.420995 [debug] [Thread-4 (]: Began running node test.ingatlanmizu.dbt_utils_unique_combination_of_columns_int_observations__unioned_listing_key__observed_at.8a8e346e14
[0m22:11:23.421231 [debug] [Thread-2 (]: Began running node test.ingatlanmizu.not_empty_int_observations__unioned_listing_code.c41adba39b
[0m22:11:23.421614 [debug] [Thread-1 (]: Began running node test.ingatlanmizu.not_empty_int_observations__unioned_listing_key.f6a9ae74c2
[0m22:11:23.421438 [info ] [Thread-4 (]: 48 of 102 START test dbt_utils_unique_combination_of_columns_int_observations__unioned_listing_key__observed_at  [RUN]
[0m22:11:23.421881 [debug] [Thread-3 (]: Began running node test.ingatlanmizu.not_empty_int_observations__unioned_source.7e99c895d8
[0m22:11:23.422091 [info ] [Thread-2 (]: 49 of 102 START test not_empty_int_observations__unioned_listing_code .......... [RUN]
[0m22:11:23.422315 [info ] [Thread-1 (]: 50 of 102 START test not_empty_int_observations__unioned_listing_key ........... [RUN]
[0m22:11:23.422573 [debug] [Thread-4 (]: Re-using an available connection from the pool (formerly test.ingatlanmizu.not_null_stg_zenga__observations_listing_key.aca095ea93, now test.ingatlanmizu.dbt_utils_unique_combination_of_columns_int_observations__unioned_listing_key__observed_at.8a8e346e14)
[0m22:11:23.423002 [debug] [Thread-2 (]: Re-using an available connection from the pool (formerly test.ingatlanmizu.not_null_stg_zenga__observations_ingestion_run_id.ced996d52c, now test.ingatlanmizu.not_empty_int_observations__unioned_listing_code.c41adba39b)
[0m22:11:23.422801 [info ] [Thread-3 (]: 51 of 102 START test not_empty_int_observations__unioned_source ................ [RUN]
[0m22:11:23.423294 [debug] [Thread-1 (]: Re-using an available connection from the pool (formerly model.ingatlanmizu.int_observations__unioned, now test.ingatlanmizu.not_empty_int_observations__unioned_listing_key.f6a9ae74c2)
[0m22:11:23.423511 [debug] [Thread-4 (]: Began compiling node test.ingatlanmizu.dbt_utils_unique_combination_of_columns_int_observations__unioned_listing_key__observed_at.8a8e346e14
[0m22:11:23.423712 [debug] [Thread-2 (]: Began compiling node test.ingatlanmizu.not_empty_int_observations__unioned_listing_code.c41adba39b
[0m22:11:23.423933 [debug] [Thread-3 (]: Re-using an available connection from the pool (formerly model.ingatlanmizu.int_listing_versions__unioned, now test.ingatlanmizu.not_empty_int_observations__unioned_source.7e99c895d8)
[0m22:11:23.424150 [debug] [Thread-1 (]: Began compiling node test.ingatlanmizu.not_empty_int_observations__unioned_listing_key.f6a9ae74c2
[0m22:11:23.430514 [debug] [Thread-4 (]: Writing injected SQL for node "test.ingatlanmizu.dbt_utils_unique_combination_of_columns_int_observations__unioned_listing_key__observed_at.8a8e346e14"
[0m22:11:23.433983 [debug] [Thread-2 (]: Writing injected SQL for node "test.ingatlanmizu.not_empty_int_observations__unioned_listing_code.c41adba39b"
[0m22:11:23.434253 [debug] [Thread-3 (]: Began compiling node test.ingatlanmizu.not_empty_int_observations__unioned_source.7e99c895d8
[0m22:11:23.437411 [debug] [Thread-1 (]: Writing injected SQL for node "test.ingatlanmizu.not_empty_int_observations__unioned_listing_key.f6a9ae74c2"
[0m22:11:23.440764 [debug] [Thread-3 (]: Writing injected SQL for node "test.ingatlanmizu.not_empty_int_observations__unioned_source.7e99c895d8"
[0m22:11:23.441127 [debug] [Thread-2 (]: Began executing node test.ingatlanmizu.not_empty_int_observations__unioned_listing_code.c41adba39b
[0m22:11:23.441360 [debug] [Thread-4 (]: Began executing node test.ingatlanmizu.dbt_utils_unique_combination_of_columns_int_observations__unioned_listing_key__observed_at.8a8e346e14
[0m22:11:23.442198 [debug] [Thread-2 (]: Writing runtime sql for node "test.ingatlanmizu.not_empty_int_observations__unioned_listing_code.c41adba39b"
[0m22:11:23.442432 [debug] [Thread-1 (]: Began executing node test.ingatlanmizu.not_empty_int_observations__unioned_listing_key.f6a9ae74c2
[0m22:11:23.443831 [debug] [Thread-4 (]: Writing runtime sql for node "test.ingatlanmizu.dbt_utils_unique_combination_of_columns_int_observations__unioned_listing_key__observed_at.8a8e346e14"
[0m22:11:23.444051 [debug] [Thread-3 (]: Began executing node test.ingatlanmizu.not_empty_int_observations__unioned_source.7e99c895d8
[0m22:11:23.444842 [debug] [Thread-1 (]: Writing runtime sql for node "test.ingatlanmizu.not_empty_int_observations__unioned_listing_key.f6a9ae74c2"
[0m22:11:23.445633 [debug] [Thread-3 (]: Writing runtime sql for node "test.ingatlanmizu.not_empty_int_observations__unioned_source.7e99c895d8"
[0m22:11:23.445883 [debug] [Thread-2 (]: Using postgres connection "test.ingatlanmizu.not_empty_int_observations__unioned_listing_code.c41adba39b"
[0m22:11:23.446219 [debug] [Thread-4 (]: Using postgres connection "test.ingatlanmizu.dbt_utils_unique_combination_of_columns_int_observations__unioned_listing_key__observed_at.8a8e346e14"
[0m22:11:23.446488 [debug] [Thread-2 (]: On test.ingatlanmizu.not_empty_int_observations__unioned_listing_code.c41adba39b: /* {"app": "dbt", "dbt_version": "1.12.0", "profile_name": "ingatlanmizu", "target_name": "local", "node_id": "test.ingatlanmizu.not_empty_int_observations__unioned_listing_code.c41adba39b"} */

    
    select
      count(*) as failures,
      count(*) != 0 as should_warn,
      count(*) != 0 as should_error
    from (
      
    
  

select *
from "ingatlanmizu"."silver"."int_observations__unioned"
where trim(listing_code) = ''


  
  
      
    ) dbt_internal_test
[0m22:11:23.446725 [debug] [Thread-1 (]: Using postgres connection "test.ingatlanmizu.not_empty_int_observations__unioned_listing_key.f6a9ae74c2"
[0m22:11:23.446941 [debug] [Thread-3 (]: Using postgres connection "test.ingatlanmizu.not_empty_int_observations__unioned_source.7e99c895d8"
[0m22:11:23.447159 [debug] [Thread-4 (]: On test.ingatlanmizu.dbt_utils_unique_combination_of_columns_int_observations__unioned_listing_key__observed_at.8a8e346e14: /* {"app": "dbt", "dbt_version": "1.12.0", "profile_name": "ingatlanmizu", "target_name": "local", "node_id": "test.ingatlanmizu.dbt_utils_unique_combination_of_columns_int_observations__unioned_listing_key__observed_at.8a8e346e14"} */

    
    select
      count(*) as failures,
      count(*) != 0 as should_warn,
      count(*) != 0 as should_error
    from (
      
    
  





with validation_errors as (

    select
        listing_key, observed_at
    from "ingatlanmizu"."silver"."int_observations__unioned"
    group by listing_key, observed_at
    having count(*) > 1

)

select *
from validation_errors



  
  
      
    ) dbt_internal_test
[0m22:11:23.447392 [debug] [Thread-2 (]: Opening a new connection, currently in state closed
[0m22:11:23.447678 [debug] [Thread-1 (]: On test.ingatlanmizu.not_empty_int_observations__unioned_listing_key.f6a9ae74c2: /* {"app": "dbt", "dbt_version": "1.12.0", "profile_name": "ingatlanmizu", "target_name": "local", "node_id": "test.ingatlanmizu.not_empty_int_observations__unioned_listing_key.f6a9ae74c2"} */

    
    select
      count(*) as failures,
      count(*) != 0 as should_warn,
      count(*) != 0 as should_error
    from (
      
    
  

select *
from "ingatlanmizu"."silver"."int_observations__unioned"
where trim(listing_key) = ''


  
  
      
    ) dbt_internal_test
[0m22:11:23.447914 [debug] [Thread-3 (]: On test.ingatlanmizu.not_empty_int_observations__unioned_source.7e99c895d8: /* {"app": "dbt", "dbt_version": "1.12.0", "profile_name": "ingatlanmizu", "target_name": "local", "node_id": "test.ingatlanmizu.not_empty_int_observations__unioned_source.7e99c895d8"} */

    
    select
      count(*) as failures,
      count(*) != 0 as should_warn,
      count(*) != 0 as should_error
    from (
      
    
  

select *
from "ingatlanmizu"."silver"."int_observations__unioned"
where trim(source) = ''


  
  
      
    ) dbt_internal_test
[0m22:11:23.448131 [debug] [Thread-4 (]: Opening a new connection, currently in state closed
[0m22:11:23.448390 [debug] [Thread-1 (]: Opening a new connection, currently in state closed
[0m22:11:23.448587 [debug] [Thread-3 (]: Opening a new connection, currently in state closed
[0m22:11:23.465720 [debug] [Thread-3 (]: SQL status: SELECT 1 in 0.017 seconds
[0m22:11:23.465972 [debug] [Thread-2 (]: SQL status: SELECT 1 in 0.019 seconds
[0m22:11:23.466218 [debug] [Thread-1 (]: SQL status: SELECT 1 in 0.018 seconds
[0m22:11:23.466464 [debug] [Thread-4 (]: SQL status: SELECT 1 in 0.018 seconds
[0m22:11:23.467345 [debug] [Thread-3 (]: On test.ingatlanmizu.not_empty_int_observations__unioned_source.7e99c895d8: ROLLBACK
[0m22:11:23.468075 [debug] [Thread-2 (]: On test.ingatlanmizu.not_empty_int_observations__unioned_listing_code.c41adba39b: ROLLBACK
[0m22:11:23.468764 [debug] [Thread-1 (]: On test.ingatlanmizu.not_empty_int_observations__unioned_listing_key.f6a9ae74c2: ROLLBACK
[0m22:11:23.469462 [debug] [Thread-4 (]: On test.ingatlanmizu.dbt_utils_unique_combination_of_columns_int_observations__unioned_listing_key__observed_at.8a8e346e14: ROLLBACK
[0m22:11:23.470401 [debug] [Thread-2 (]: On test.ingatlanmizu.not_empty_int_observations__unioned_listing_code.c41adba39b: Close
[0m22:11:23.470634 [debug] [Thread-4 (]: On test.ingatlanmizu.dbt_utils_unique_combination_of_columns_int_observations__unioned_listing_key__observed_at.8a8e346e14: Close
[0m22:11:23.470830 [debug] [Thread-1 (]: On test.ingatlanmizu.not_empty_int_observations__unioned_listing_key.f6a9ae74c2: Close
[0m22:11:23.471032 [debug] [Thread-3 (]: On test.ingatlanmizu.not_empty_int_observations__unioned_source.7e99c895d8: Close
[0m22:11:23.471403 [info ] [Thread-2 (]: 49 of 102 PASS not_empty_int_observations__unioned_listing_code ................ [[32mPASS[0m in 0.05s]
[0m22:11:23.471828 [info ] [Thread-4 (]: 48 of 102 PASS dbt_utils_unique_combination_of_columns_int_observations__unioned_listing_key__observed_at  [[32mPASS[0m in 0.05s]
[0m22:11:23.472143 [info ] [Thread-1 (]: 50 of 102 PASS not_empty_int_observations__unioned_listing_key ................. [[32mPASS[0m in 0.05s]
[0m22:11:23.472469 [info ] [Thread-3 (]: 51 of 102 PASS not_empty_int_observations__unioned_source ...................... [[32mPASS[0m in 0.05s]
[0m22:11:23.472777 [debug] [Thread-2 (]: Finished running node test.ingatlanmizu.not_empty_int_observations__unioned_listing_code.c41adba39b
[0m22:11:23.473057 [debug] [Thread-4 (]: Finished running node test.ingatlanmizu.dbt_utils_unique_combination_of_columns_int_observations__unioned_listing_key__observed_at.8a8e346e14
[0m22:11:23.473319 [debug] [Thread-1 (]: Finished running node test.ingatlanmizu.not_empty_int_observations__unioned_listing_key.f6a9ae74c2
[0m22:11:23.473573 [debug] [Thread-3 (]: Finished running node test.ingatlanmizu.not_empty_int_observations__unioned_source.7e99c895d8
[0m22:11:23.473795 [debug] [Thread-2 (]: Began running node test.ingatlanmizu.not_null_int_observations__unioned_bronze_id.a73c8c7f51
[0m22:11:23.474065 [debug] [Thread-4 (]: Began running node test.ingatlanmizu.not_null_int_observations__unioned_ingestion_run_id.b9debcc6b2
[0m22:11:23.474326 [debug] [Thread-1 (]: Began running node test.ingatlanmizu.not_null_int_observations__unioned_listing_code.4848edf7d7
[0m22:11:23.474583 [debug] [Thread-3 (]: Began running node test.ingatlanmizu.not_null_int_observations__unioned_listing_key.3b505f918a
[0m22:11:23.474832 [info ] [Thread-2 (]: 52 of 102 START test not_null_int_observations__unioned_bronze_id .............. [RUN]
[0m22:11:23.475066 [info ] [Thread-4 (]: 53 of 102 START test not_null_int_observations__unioned_ingestion_run_id ....... [RUN]
[0m22:11:23.475330 [info ] [Thread-1 (]: 54 of 102 START test not_null_int_observations__unioned_listing_code ........... [RUN]
[0m22:11:23.475558 [info ] [Thread-3 (]: 55 of 102 START test not_null_int_observations__unioned_listing_key ............ [RUN]
[0m22:11:23.475819 [debug] [Thread-2 (]: Re-using an available connection from the pool (formerly test.ingatlanmizu.not_empty_int_observations__unioned_listing_code.c41adba39b, now test.ingatlanmizu.not_null_int_observations__unioned_bronze_id.a73c8c7f51)
[0m22:11:23.476056 [debug] [Thread-4 (]: Re-using an available connection from the pool (formerly test.ingatlanmizu.dbt_utils_unique_combination_of_columns_int_observations__unioned_listing_key__observed_at.8a8e346e14, now test.ingatlanmizu.not_null_int_observations__unioned_ingestion_run_id.b9debcc6b2)
[0m22:11:23.476285 [debug] [Thread-1 (]: Re-using an available connection from the pool (formerly test.ingatlanmizu.not_empty_int_observations__unioned_listing_key.f6a9ae74c2, now test.ingatlanmizu.not_null_int_observations__unioned_listing_code.4848edf7d7)
[0m22:11:23.476508 [debug] [Thread-3 (]: Re-using an available connection from the pool (formerly test.ingatlanmizu.not_empty_int_observations__unioned_source.7e99c895d8, now test.ingatlanmizu.not_null_int_observations__unioned_listing_key.3b505f918a)
[0m22:11:23.476721 [debug] [Thread-2 (]: Began compiling node test.ingatlanmizu.not_null_int_observations__unioned_bronze_id.a73c8c7f51
[0m22:11:23.476919 [debug] [Thread-4 (]: Began compiling node test.ingatlanmizu.not_null_int_observations__unioned_ingestion_run_id.b9debcc6b2
[0m22:11:23.477113 [debug] [Thread-1 (]: Began compiling node test.ingatlanmizu.not_null_int_observations__unioned_listing_code.4848edf7d7
[0m22:11:23.477303 [debug] [Thread-3 (]: Began compiling node test.ingatlanmizu.not_null_int_observations__unioned_listing_key.3b505f918a
[0m22:11:23.480939 [debug] [Thread-2 (]: Writing injected SQL for node "test.ingatlanmizu.not_null_int_observations__unioned_bronze_id.a73c8c7f51"
[0m22:11:23.484334 [debug] [Thread-4 (]: Writing injected SQL for node "test.ingatlanmizu.not_null_int_observations__unioned_ingestion_run_id.b9debcc6b2"
[0m22:11:23.487578 [debug] [Thread-1 (]: Writing injected SQL for node "test.ingatlanmizu.not_null_int_observations__unioned_listing_code.4848edf7d7"
[0m22:11:23.490746 [debug] [Thread-3 (]: Writing injected SQL for node "test.ingatlanmizu.not_null_int_observations__unioned_listing_key.3b505f918a"
[0m22:11:23.491952 [debug] [Thread-4 (]: Began executing node test.ingatlanmizu.not_null_int_observations__unioned_ingestion_run_id.b9debcc6b2
[0m22:11:23.492331 [debug] [Thread-2 (]: Began executing node test.ingatlanmizu.not_null_int_observations__unioned_bronze_id.a73c8c7f51
[0m22:11:23.492583 [debug] [Thread-1 (]: Began executing node test.ingatlanmizu.not_null_int_observations__unioned_listing_code.4848edf7d7
[0m22:11:23.493470 [debug] [Thread-4 (]: Writing runtime sql for node "test.ingatlanmizu.not_null_int_observations__unioned_ingestion_run_id.b9debcc6b2"
[0m22:11:23.493706 [debug] [Thread-3 (]: Began executing node test.ingatlanmizu.not_null_int_observations__unioned_listing_key.3b505f918a
[0m22:11:23.494565 [debug] [Thread-2 (]: Writing runtime sql for node "test.ingatlanmizu.not_null_int_observations__unioned_bronze_id.a73c8c7f51"
[0m22:11:23.495294 [debug] [Thread-1 (]: Writing runtime sql for node "test.ingatlanmizu.not_null_int_observations__unioned_listing_code.4848edf7d7"
[0m22:11:23.496096 [debug] [Thread-3 (]: Writing runtime sql for node "test.ingatlanmizu.not_null_int_observations__unioned_listing_key.3b505f918a"
[0m22:11:23.496429 [debug] [Thread-4 (]: Using postgres connection "test.ingatlanmizu.not_null_int_observations__unioned_ingestion_run_id.b9debcc6b2"
[0m22:11:23.496767 [debug] [Thread-4 (]: On test.ingatlanmizu.not_null_int_observations__unioned_ingestion_run_id.b9debcc6b2: /* {"app": "dbt", "dbt_version": "1.12.0", "profile_name": "ingatlanmizu", "target_name": "local", "node_id": "test.ingatlanmizu.not_null_int_observations__unioned_ingestion_run_id.b9debcc6b2"} */

    
    select
      count(*) as failures,
      count(*) != 0 as should_warn,
      count(*) != 0 as should_error
    from (
      
    
  
    
    



select ingestion_run_id
from "ingatlanmizu"."silver"."int_observations__unioned"
where ingestion_run_id is null



  
  
      
    ) dbt_internal_test
[0m22:11:23.497032 [debug] [Thread-2 (]: Using postgres connection "test.ingatlanmizu.not_null_int_observations__unioned_bronze_id.a73c8c7f51"
[0m22:11:23.497303 [debug] [Thread-4 (]: Opening a new connection, currently in state closed
[0m22:11:23.497520 [debug] [Thread-1 (]: Using postgres connection "test.ingatlanmizu.not_null_int_observations__unioned_listing_code.4848edf7d7"
[0m22:11:23.497797 [debug] [Thread-3 (]: Using postgres connection "test.ingatlanmizu.not_null_int_observations__unioned_listing_key.3b505f918a"
[0m22:11:23.498029 [debug] [Thread-2 (]: On test.ingatlanmizu.not_null_int_observations__unioned_bronze_id.a73c8c7f51: /* {"app": "dbt", "dbt_version": "1.12.0", "profile_name": "ingatlanmizu", "target_name": "local", "node_id": "test.ingatlanmizu.not_null_int_observations__unioned_bronze_id.a73c8c7f51"} */

    
    select
      count(*) as failures,
      count(*) != 0 as should_warn,
      count(*) != 0 as should_error
    from (
      
    
  
    
    



select bronze_id
from "ingatlanmizu"."silver"."int_observations__unioned"
where bronze_id is null



  
  
      
    ) dbt_internal_test
[0m22:11:23.498335 [debug] [Thread-1 (]: On test.ingatlanmizu.not_null_int_observations__unioned_listing_code.4848edf7d7: /* {"app": "dbt", "dbt_version": "1.12.0", "profile_name": "ingatlanmizu", "target_name": "local", "node_id": "test.ingatlanmizu.not_null_int_observations__unioned_listing_code.4848edf7d7"} */

    
    select
      count(*) as failures,
      count(*) != 0 as should_warn,
      count(*) != 0 as should_error
    from (
      
    
  
    
    



select listing_code
from "ingatlanmizu"."silver"."int_observations__unioned"
where listing_code is null



  
  
      
    ) dbt_internal_test
[0m22:11:23.498575 [debug] [Thread-3 (]: On test.ingatlanmizu.not_null_int_observations__unioned_listing_key.3b505f918a: /* {"app": "dbt", "dbt_version": "1.12.0", "profile_name": "ingatlanmizu", "target_name": "local", "node_id": "test.ingatlanmizu.not_null_int_observations__unioned_listing_key.3b505f918a"} */

    
    select
      count(*) as failures,
      count(*) != 0 as should_warn,
      count(*) != 0 as should_error
    from (
      
    
  
    
    



select listing_key
from "ingatlanmizu"."silver"."int_observations__unioned"
where listing_key is null



  
  
      
    ) dbt_internal_test
[0m22:11:23.498802 [debug] [Thread-2 (]: Opening a new connection, currently in state closed
[0m22:11:23.499006 [debug] [Thread-1 (]: Opening a new connection, currently in state closed
[0m22:11:23.499207 [debug] [Thread-3 (]: Opening a new connection, currently in state closed
[0m22:11:23.515862 [debug] [Thread-1 (]: SQL status: SELECT 1 in 0.017 seconds
[0m22:11:23.516112 [debug] [Thread-4 (]: SQL status: SELECT 1 in 0.019 seconds
[0m22:11:23.516327 [debug] [Thread-2 (]: SQL status: SELECT 1 in 0.018 seconds
[0m22:11:23.516523 [debug] [Thread-3 (]: SQL status: SELECT 1 in 0.017 seconds
[0m22:11:23.517387 [debug] [Thread-1 (]: On test.ingatlanmizu.not_null_int_observations__unioned_listing_code.4848edf7d7: ROLLBACK
[0m22:11:23.518109 [debug] [Thread-4 (]: On test.ingatlanmizu.not_null_int_observations__unioned_ingestion_run_id.b9debcc6b2: ROLLBACK
[0m22:11:23.518800 [debug] [Thread-2 (]: On test.ingatlanmizu.not_null_int_observations__unioned_bronze_id.a73c8c7f51: ROLLBACK
[0m22:11:23.519478 [debug] [Thread-3 (]: On test.ingatlanmizu.not_null_int_observations__unioned_listing_key.3b505f918a: ROLLBACK
[0m22:11:23.520249 [debug] [Thread-2 (]: On test.ingatlanmizu.not_null_int_observations__unioned_bronze_id.a73c8c7f51: Close
[0m22:11:23.520451 [debug] [Thread-4 (]: On test.ingatlanmizu.not_null_int_observations__unioned_ingestion_run_id.b9debcc6b2: Close
[0m22:11:23.520645 [debug] [Thread-1 (]: On test.ingatlanmizu.not_null_int_observations__unioned_listing_code.4848edf7d7: Close
[0m22:11:23.520845 [debug] [Thread-3 (]: On test.ingatlanmizu.not_null_int_observations__unioned_listing_key.3b505f918a: Close
[0m22:11:23.521178 [info ] [Thread-2 (]: 52 of 102 PASS not_null_int_observations__unioned_bronze_id .................... [[32mPASS[0m in 0.05s]
[0m22:11:23.521549 [info ] [Thread-1 (]: 54 of 102 PASS not_null_int_observations__unioned_listing_code ................. [[32mPASS[0m in 0.05s]
[0m22:11:23.521884 [info ] [Thread-4 (]: 53 of 102 PASS not_null_int_observations__unioned_ingestion_run_id ............. [[32mPASS[0m in 0.05s]
[0m22:11:23.522218 [info ] [Thread-3 (]: 55 of 102 PASS not_null_int_observations__unioned_listing_key .................. [[32mPASS[0m in 0.05s]
[0m22:11:23.522515 [debug] [Thread-2 (]: Finished running node test.ingatlanmizu.not_null_int_observations__unioned_bronze_id.a73c8c7f51
[0m22:11:23.522786 [debug] [Thread-1 (]: Finished running node test.ingatlanmizu.not_null_int_observations__unioned_listing_code.4848edf7d7
[0m22:11:23.523052 [debug] [Thread-4 (]: Finished running node test.ingatlanmizu.not_null_int_observations__unioned_ingestion_run_id.b9debcc6b2
[0m22:11:23.523358 [debug] [Thread-3 (]: Finished running node test.ingatlanmizu.not_null_int_observations__unioned_listing_key.3b505f918a
[0m22:11:23.523623 [debug] [Thread-2 (]: Began running node test.ingatlanmizu.not_null_int_observations__unioned_source.7b1725f5ca
[0m22:11:23.523893 [debug] [Thread-1 (]: Began running node test.ingatlanmizu.dbt_utils_unique_combination_of_columns_int_listing_versions__unioned_listing_key__payload_hash.c343765c93
[0m22:11:23.524142 [debug] [Thread-4 (]: Began running node test.ingatlanmizu.not_null_int_listing_versions__unioned_listing_key.2344813f8e
[0m22:11:23.524421 [debug] [Thread-3 (]: Began running node test.ingatlanmizu.not_null_int_listing_versions__unioned_source.4391e07ade
[0m22:11:23.524693 [info ] [Thread-2 (]: 56 of 102 START test not_null_int_observations__unioned_source ................. [RUN]
[0m22:11:23.524952 [info ] [Thread-1 (]: 57 of 102 START test dbt_utils_unique_combination_of_columns_int_listing_versions__unioned_listing_key__payload_hash  [RUN]
[0m22:11:23.525184 [info ] [Thread-4 (]: 58 of 102 START test not_null_int_listing_versions__unioned_listing_key ........ [RUN]
[0m22:11:23.525422 [info ] [Thread-3 (]: 59 of 102 START test not_null_int_listing_versions__unioned_source ............. [RUN]
[0m22:11:23.525698 [debug] [Thread-2 (]: Re-using an available connection from the pool (formerly test.ingatlanmizu.not_null_int_observations__unioned_bronze_id.a73c8c7f51, now test.ingatlanmizu.not_null_int_observations__unioned_source.7b1725f5ca)
[0m22:11:23.525939 [debug] [Thread-1 (]: Re-using an available connection from the pool (formerly test.ingatlanmizu.not_null_int_observations__unioned_listing_code.4848edf7d7, now test.ingatlanmizu.dbt_utils_unique_combination_of_columns_int_listing_versions__unioned_listing_key__payload_hash.c343765c93)
[0m22:11:23.526165 [debug] [Thread-4 (]: Re-using an available connection from the pool (formerly test.ingatlanmizu.not_null_int_observations__unioned_ingestion_run_id.b9debcc6b2, now test.ingatlanmizu.not_null_int_listing_versions__unioned_listing_key.2344813f8e)
[0m22:11:23.526393 [debug] [Thread-3 (]: Re-using an available connection from the pool (formerly test.ingatlanmizu.not_null_int_observations__unioned_listing_key.3b505f918a, now test.ingatlanmizu.not_null_int_listing_versions__unioned_source.4391e07ade)
[0m22:11:23.526601 [debug] [Thread-2 (]: Began compiling node test.ingatlanmizu.not_null_int_observations__unioned_source.7b1725f5ca
[0m22:11:23.526804 [debug] [Thread-1 (]: Began compiling node test.ingatlanmizu.dbt_utils_unique_combination_of_columns_int_listing_versions__unioned_listing_key__payload_hash.c343765c93
[0m22:11:23.527005 [debug] [Thread-4 (]: Began compiling node test.ingatlanmizu.not_null_int_listing_versions__unioned_listing_key.2344813f8e
[0m22:11:23.527201 [debug] [Thread-3 (]: Began compiling node test.ingatlanmizu.not_null_int_listing_versions__unioned_source.4391e07ade
[0m22:11:23.530775 [debug] [Thread-2 (]: Writing injected SQL for node "test.ingatlanmizu.not_null_int_observations__unioned_source.7b1725f5ca"
[0m22:11:23.534302 [debug] [Thread-1 (]: Writing injected SQL for node "test.ingatlanmizu.dbt_utils_unique_combination_of_columns_int_listing_versions__unioned_listing_key__payload_hash.c343765c93"
[0m22:11:23.538043 [debug] [Thread-4 (]: Writing injected SQL for node "test.ingatlanmizu.not_null_int_listing_versions__unioned_listing_key.2344813f8e"
[0m22:11:23.541325 [debug] [Thread-3 (]: Writing injected SQL for node "test.ingatlanmizu.not_null_int_listing_versions__unioned_source.4391e07ade"
[0m22:11:23.541994 [debug] [Thread-1 (]: Began executing node test.ingatlanmizu.dbt_utils_unique_combination_of_columns_int_listing_versions__unioned_listing_key__payload_hash.c343765c93
[0m22:11:23.542243 [debug] [Thread-2 (]: Began executing node test.ingatlanmizu.not_null_int_observations__unioned_source.7b1725f5ca
[0m22:11:23.543090 [debug] [Thread-1 (]: Writing runtime sql for node "test.ingatlanmizu.dbt_utils_unique_combination_of_columns_int_listing_versions__unioned_listing_key__payload_hash.c343765c93"
[0m22:11:23.543326 [debug] [Thread-3 (]: Began executing node test.ingatlanmizu.not_null_int_listing_versions__unioned_source.4391e07ade
[0m22:11:23.543538 [debug] [Thread-4 (]: Began executing node test.ingatlanmizu.not_null_int_listing_versions__unioned_listing_key.2344813f8e
[0m22:11:23.544998 [debug] [Thread-2 (]: Writing runtime sql for node "test.ingatlanmizu.not_null_int_observations__unioned_source.7b1725f5ca"
[0m22:11:23.545801 [debug] [Thread-3 (]: Writing runtime sql for node "test.ingatlanmizu.not_null_int_listing_versions__unioned_source.4391e07ade"
[0m22:11:23.546544 [debug] [Thread-4 (]: Writing runtime sql for node "test.ingatlanmizu.not_null_int_listing_versions__unioned_listing_key.2344813f8e"
[0m22:11:23.546845 [debug] [Thread-1 (]: Using postgres connection "test.ingatlanmizu.dbt_utils_unique_combination_of_columns_int_listing_versions__unioned_listing_key__payload_hash.c343765c93"
[0m22:11:23.547226 [debug] [Thread-2 (]: Using postgres connection "test.ingatlanmizu.not_null_int_observations__unioned_source.7b1725f5ca"
[0m22:11:23.547470 [debug] [Thread-1 (]: On test.ingatlanmizu.dbt_utils_unique_combination_of_columns_int_listing_versions__unioned_listing_key__payload_hash.c343765c93: /* {"app": "dbt", "dbt_version": "1.12.0", "profile_name": "ingatlanmizu", "target_name": "local", "node_id": "test.ingatlanmizu.dbt_utils_unique_combination_of_columns_int_listing_versions__unioned_listing_key__payload_hash.c343765c93"} */

    
    select
      count(*) as failures,
      count(*) != 0 as should_warn,
      count(*) != 0 as should_error
    from (
      
    
  





with validation_errors as (

    select
        listing_key, payload_hash
    from "ingatlanmizu"."silver"."int_listing_versions__unioned"
    group by listing_key, payload_hash
    having count(*) > 1

)

select *
from validation_errors



  
  
      
    ) dbt_internal_test
[0m22:11:23.547730 [debug] [Thread-3 (]: Using postgres connection "test.ingatlanmizu.not_null_int_listing_versions__unioned_source.4391e07ade"
[0m22:11:23.547961 [debug] [Thread-2 (]: On test.ingatlanmizu.not_null_int_observations__unioned_source.7b1725f5ca: /* {"app": "dbt", "dbt_version": "1.12.0", "profile_name": "ingatlanmizu", "target_name": "local", "node_id": "test.ingatlanmizu.not_null_int_observations__unioned_source.7b1725f5ca"} */

    
    select
      count(*) as failures,
      count(*) != 0 as should_warn,
      count(*) != 0 as should_error
    from (
      
    
  
    
    



select source
from "ingatlanmizu"."silver"."int_observations__unioned"
where source is null



  
  
      
    ) dbt_internal_test
[0m22:11:23.548262 [debug] [Thread-4 (]: Using postgres connection "test.ingatlanmizu.not_null_int_listing_versions__unioned_listing_key.2344813f8e"
[0m22:11:23.548473 [debug] [Thread-1 (]: Opening a new connection, currently in state closed
[0m22:11:23.548692 [debug] [Thread-3 (]: On test.ingatlanmizu.not_null_int_listing_versions__unioned_source.4391e07ade: /* {"app": "dbt", "dbt_version": "1.12.0", "profile_name": "ingatlanmizu", "target_name": "local", "node_id": "test.ingatlanmizu.not_null_int_listing_versions__unioned_source.4391e07ade"} */

    
    select
      count(*) as failures,
      count(*) != 0 as should_warn,
      count(*) != 0 as should_error
    from (
      
    
  
    
    



select source
from "ingatlanmizu"."silver"."int_listing_versions__unioned"
where source is null



  
  
      
    ) dbt_internal_test
[0m22:11:23.548905 [debug] [Thread-2 (]: Opening a new connection, currently in state closed
[0m22:11:23.549125 [debug] [Thread-4 (]: On test.ingatlanmizu.not_null_int_listing_versions__unioned_listing_key.2344813f8e: /* {"app": "dbt", "dbt_version": "1.12.0", "profile_name": "ingatlanmizu", "target_name": "local", "node_id": "test.ingatlanmizu.not_null_int_listing_versions__unioned_listing_key.2344813f8e"} */

    
    select
      count(*) as failures,
      count(*) != 0 as should_warn,
      count(*) != 0 as should_error
    from (
      
    
  
    
    



select listing_key
from "ingatlanmizu"."silver"."int_listing_versions__unioned"
where listing_key is null



  
  
      
    ) dbt_internal_test
[0m22:11:23.549413 [debug] [Thread-3 (]: Opening a new connection, currently in state closed
[0m22:11:23.549658 [debug] [Thread-4 (]: Opening a new connection, currently in state closed
[0m22:11:23.569022 [debug] [Thread-2 (]: SQL status: SELECT 1 in 0.020 seconds
[0m22:11:23.569286 [debug] [Thread-3 (]: SQL status: SELECT 1 in 0.020 seconds
[0m22:11:23.569544 [debug] [Thread-4 (]: SQL status: SELECT 1 in 0.020 seconds
[0m22:11:23.569780 [debug] [Thread-1 (]: SQL status: SELECT 1 in 0.021 seconds
[0m22:11:23.570581 [debug] [Thread-2 (]: On test.ingatlanmizu.not_null_int_observations__unioned_source.7b1725f5ca: ROLLBACK
[0m22:11:23.571303 [debug] [Thread-3 (]: On test.ingatlanmizu.not_null_int_listing_versions__unioned_source.4391e07ade: ROLLBACK
[0m22:11:23.571974 [debug] [Thread-4 (]: On test.ingatlanmizu.not_null_int_listing_versions__unioned_listing_key.2344813f8e: ROLLBACK
[0m22:11:23.572652 [debug] [Thread-1 (]: On test.ingatlanmizu.dbt_utils_unique_combination_of_columns_int_listing_versions__unioned_listing_key__payload_hash.c343765c93: ROLLBACK
[0m22:11:23.573174 [debug] [Thread-1 (]: On test.ingatlanmizu.dbt_utils_unique_combination_of_columns_int_listing_versions__unioned_listing_key__payload_hash.c343765c93: Close
[0m22:11:23.573384 [debug] [Thread-2 (]: On test.ingatlanmizu.not_null_int_observations__unioned_source.7b1725f5ca: Close
[0m22:11:23.573585 [debug] [Thread-3 (]: On test.ingatlanmizu.not_null_int_listing_versions__unioned_source.4391e07ade: Close
[0m22:11:23.573784 [debug] [Thread-4 (]: On test.ingatlanmizu.not_null_int_listing_versions__unioned_listing_key.2344813f8e: Close
[0m22:11:23.574124 [info ] [Thread-1 (]: 57 of 102 PASS dbt_utils_unique_combination_of_columns_int_listing_versions__unioned_listing_key__payload_hash  [[32mPASS[0m in 0.05s]
[0m22:11:23.574503 [info ] [Thread-2 (]: 56 of 102 PASS not_null_int_observations__unioned_source ....................... [[32mPASS[0m in 0.05s]
[0m22:11:23.574830 [info ] [Thread-3 (]: 59 of 102 PASS not_null_int_listing_versions__unioned_source ................... [[32mPASS[0m in 0.05s]
[0m22:11:23.575276 [info ] [Thread-4 (]: 58 of 102 PASS not_null_int_listing_versions__unioned_listing_key .............. [[32mPASS[0m in 0.05s]
[0m22:11:23.575632 [debug] [Thread-1 (]: Finished running node test.ingatlanmizu.dbt_utils_unique_combination_of_columns_int_listing_versions__unioned_listing_key__payload_hash.c343765c93
[0m22:11:23.575943 [debug] [Thread-2 (]: Finished running node test.ingatlanmizu.not_null_int_observations__unioned_source.7b1725f5ca
[0m22:11:23.576239 [debug] [Thread-3 (]: Finished running node test.ingatlanmizu.not_null_int_listing_versions__unioned_source.4391e07ade
[0m22:11:23.576520 [debug] [Thread-4 (]: Finished running node test.ingatlanmizu.not_null_int_listing_versions__unioned_listing_key.2344813f8e
[0m22:11:23.576918 [debug] [Thread-1 (]: Began running node model.ingatlanmizu.int_listings__time_on_market
[0m22:11:23.577274 [debug] [Thread-3 (]: Began running node model.ingatlanmizu.int_listings__current
[0m22:11:23.577517 [debug] [Thread-2 (]: Began running node model.ingatlanmizu.int_listings__monthly
[0m22:11:23.577796 [info ] [Thread-1 (]: 60 of 102 START sql view model silver.int_listings__time_on_market ............. [RUN]
[0m22:11:23.578037 [debug] [Thread-4 (]: Began running node model.ingatlanmizu.int_listings__price_changes
[0m22:11:23.578295 [info ] [Thread-3 (]: 61 of 102 START sql view model silver.int_listings__current .................... [RUN]
[0m22:11:23.578580 [info ] [Thread-2 (]: 62 of 102 START sql view model silver.int_listings__monthly .................... [RUN]
[0m22:11:23.578872 [debug] [Thread-1 (]: Re-using an available connection from the pool (formerly test.ingatlanmizu.dbt_utils_unique_combination_of_columns_int_listing_versions__unioned_listing_key__payload_hash.c343765c93, now model.ingatlanmizu.int_listings__time_on_market)
[0m22:11:23.579161 [info ] [Thread-4 (]: 63 of 102 START sql view model silver.int_listings__price_changes .............. [RUN]
[0m22:11:23.579461 [debug] [Thread-3 (]: Re-using an available connection from the pool (formerly test.ingatlanmizu.not_null_int_listing_versions__unioned_source.4391e07ade, now model.ingatlanmizu.int_listings__current)
[0m22:11:23.579708 [debug] [Thread-2 (]: Re-using an available connection from the pool (formerly test.ingatlanmizu.not_null_int_observations__unioned_source.7b1725f5ca, now model.ingatlanmizu.int_listings__monthly)
[0m22:11:23.579926 [debug] [Thread-1 (]: Began compiling node model.ingatlanmizu.int_listings__time_on_market
[0m22:11:23.580142 [debug] [Thread-4 (]: Re-using an available connection from the pool (formerly test.ingatlanmizu.not_null_int_listing_versions__unioned_listing_key.2344813f8e, now model.ingatlanmizu.int_listings__price_changes)
[0m22:11:23.580345 [debug] [Thread-3 (]: Began compiling node model.ingatlanmizu.int_listings__current
[0m22:11:23.580532 [debug] [Thread-2 (]: Began compiling node model.ingatlanmizu.int_listings__monthly
[0m22:11:23.581674 [debug] [Thread-1 (]: Writing injected SQL for node "model.ingatlanmizu.int_listings__time_on_market"
[0m22:11:23.581899 [debug] [Thread-4 (]: Began compiling node model.ingatlanmizu.int_listings__price_changes
[0m22:11:23.582699 [debug] [Thread-3 (]: Writing injected SQL for node "model.ingatlanmizu.int_listings__current"
[0m22:11:23.583808 [debug] [Thread-2 (]: Writing injected SQL for node "model.ingatlanmizu.int_listings__monthly"
[0m22:11:23.584798 [debug] [Thread-4 (]: Writing injected SQL for node "model.ingatlanmizu.int_listings__price_changes"
[0m22:11:23.585088 [debug] [Thread-1 (]: Began executing node model.ingatlanmizu.int_listings__time_on_market
[0m22:11:23.586534 [debug] [Thread-1 (]: Writing runtime sql for node "model.ingatlanmizu.int_listings__time_on_market"
[0m22:11:23.586849 [debug] [Thread-3 (]: Began executing node model.ingatlanmizu.int_listings__current
[0m22:11:23.587063 [debug] [Thread-4 (]: Began executing node model.ingatlanmizu.int_listings__price_changes
[0m22:11:23.588298 [debug] [Thread-3 (]: Writing runtime sql for node "model.ingatlanmizu.int_listings__current"
[0m22:11:23.588537 [debug] [Thread-2 (]: Began executing node model.ingatlanmizu.int_listings__monthly
[0m22:11:23.589811 [debug] [Thread-4 (]: Writing runtime sql for node "model.ingatlanmizu.int_listings__price_changes"
[0m22:11:23.590047 [debug] [Thread-1 (]: Using postgres connection "model.ingatlanmizu.int_listings__time_on_market"
[0m22:11:23.591320 [debug] [Thread-2 (]: Writing runtime sql for node "model.ingatlanmizu.int_listings__monthly"
[0m22:11:23.591666 [debug] [Thread-1 (]: On model.ingatlanmizu.int_listings__time_on_market: /* {"app": "dbt", "dbt_version": "1.12.0", "profile_name": "ingatlanmizu", "target_name": "local", "node_id": "model.ingatlanmizu.int_listings__time_on_market"} */

  create view "ingatlanmizu"."silver"."int_listings__time_on_market__dbt_tmp"
    
    
  as (
    with 
	observations as (
		select * from "ingatlanmizu"."silver"."int_observations__unioned"
	),
	
	source_observations as (
		select 
			source,
			min(observed_at)::date as source_first_observed_at, 
			max(observed_at)::date as source_last_observed_at
		from observations
		group by source
	),
	
	times_seen as (
		select
			listing_key,
			source,
			min(observed_at)::date as first_seen_at, 
			max(observed_at)::date as last_seen_at,
			count(ingestion_run_id) times_observed
		from observations
		group by listing_key, source
	)
	
select
    times_seen.listing_key,
    times_seen.source,
    times_seen.first_seen_at,
	times_seen.last_seen_at,
    times_seen.times_observed,
	(times_seen.last_seen_at - times_seen.first_seen_at) + 1 as days_on_market,
	times_seen.last_seen_at >= source_observations.source_last_observed_at - 3 as is_active
from times_seen
join source_observations 
on times_seen.source = source_observations.source
  );
[0m22:11:23.591948 [debug] [Thread-3 (]: Using postgres connection "model.ingatlanmizu.int_listings__current"
[0m22:11:23.592249 [debug] [Thread-4 (]: Using postgres connection "model.ingatlanmizu.int_listings__price_changes"
[0m22:11:23.592444 [debug] [Thread-1 (]: Opening a new connection, currently in state closed
[0m22:11:23.592697 [debug] [Thread-3 (]: On model.ingatlanmizu.int_listings__current: /* {"app": "dbt", "dbt_version": "1.12.0", "profile_name": "ingatlanmizu", "target_name": "local", "node_id": "model.ingatlanmizu.int_listings__current"} */

  create view "ingatlanmizu"."silver"."int_listings__current__dbt_tmp"
    
    
  as (
    with 
    source as (
        select * from "ingatlanmizu"."silver"."int_listing_versions__unioned"
    ),

    versioned as (
        select 
            *,
            row_number() over (
                partition by listing_key
                order by observed_at desc, bronze_id desc
            ) as version_rank
        from source
    )

select * from versioned where version_rank = 1
  );
[0m22:11:23.592939 [debug] [Thread-2 (]: Using postgres connection "model.ingatlanmizu.int_listings__monthly"
[0m22:11:23.593205 [debug] [Thread-4 (]: On model.ingatlanmizu.int_listings__price_changes: /* {"app": "dbt", "dbt_version": "1.12.0", "profile_name": "ingatlanmizu", "target_name": "local", "node_id": "model.ingatlanmizu.int_listings__price_changes"} */

  create view "ingatlanmizu"."silver"."int_listings__price_changes__dbt_tmp"
    
    
  as (
    with versions as (
    select * from "ingatlanmizu"."silver"."int_listing_versions__unioned"
),

with_previous as (
    select
        listing_key,
        observed_at,
        price_huf,
        lag(price_huf) over (
            partition by listing_key
            order by observed_at, bronze_id
        ) as previous_price_huf
    from versions
)

select
    listing_key,
    observed_at,
    previous_price_huf,
    price_huf as new_price_huf,
    price_huf - previous_price_huf as price_delta_huf,
    round(
        ((price_huf - previous_price_huf)::numeric / previous_price_huf) * 100,
        2
    ) as price_change_pct
from with_previous
where previous_price_huf is not null
and price_huf is distinct from previous_price_huf
  );
[0m22:11:23.593526 [debug] [Thread-3 (]: Opening a new connection, currently in state closed
[0m22:11:23.593768 [debug] [Thread-2 (]: On model.ingatlanmizu.int_listings__monthly: /* {"app": "dbt", "dbt_version": "1.12.0", "profile_name": "ingatlanmizu", "target_name": "local", "node_id": "model.ingatlanmizu.int_listings__monthly"} */

  create view "ingatlanmizu"."silver"."int_listings__monthly__dbt_tmp"
    
    
  as (
    with listing_months as (
    select distinct
        listing_key,
        date_trunc('month', observed_at)::date as month_start
    from "ingatlanmizu"."silver"."int_observations__unioned"
)

select distinct on (listing_months.listing_key, listing_months.month_start)
    listing_months.month_start,
    listing_months.listing_key,
    versions.city,
    versions.main_type,
    versions.sub_type,
    versions.price_huf,
    versions.area_sqm
from listing_months
join "ingatlanmizu"."silver"."int_listing_versions__unioned" as versions
    on versions.listing_key = listing_months.listing_key
    and versions.observed_at < listing_months.month_start + interval '1 month'
order by
    listing_months.listing_key,
    listing_months.month_start,
    versions.observed_at desc,
    versions.bronze_id desc
  );
[0m22:11:23.594027 [debug] [Thread-4 (]: Opening a new connection, currently in state closed
[0m22:11:23.594508 [debug] [Thread-2 (]: Opening a new connection, currently in state closed
[0m22:11:23.680472 [debug] [Thread-1 (]: SQL status: CREATE VIEW in 0.088 seconds
[0m22:11:23.682397 [debug] [Thread-1 (]: Using postgres connection "model.ingatlanmizu.int_listings__time_on_market"
[0m22:11:23.682686 [debug] [Thread-2 (]: SQL status: CREATE VIEW in 0.088 seconds
[0m22:11:23.682927 [debug] [Thread-3 (]: SQL status: CREATE VIEW in 0.089 seconds
[0m22:11:23.683142 [debug] [Thread-4 (]: SQL status: CREATE VIEW in 0.089 seconds
[0m22:11:23.683411 [debug] [Thread-1 (]: On model.ingatlanmizu.int_listings__time_on_market: /* {"app": "dbt", "dbt_version": "1.12.0", "profile_name": "ingatlanmizu", "target_name": "local", "node_id": "model.ingatlanmizu.int_listings__time_on_market"} */
alter table "ingatlanmizu"."silver"."int_listings__time_on_market__dbt_tmp" rename to "int_listings__time_on_market"
[0m22:11:23.684920 [debug] [Thread-2 (]: Using postgres connection "model.ingatlanmizu.int_listings__monthly"
[0m22:11:23.692230 [debug] [Thread-3 (]: Using postgres connection "model.ingatlanmizu.int_listings__current"
[0m22:11:23.699721 [debug] [Thread-3 (]: On model.ingatlanmizu.int_listings__current: /* {"app": "dbt", "dbt_version": "1.12.0", "profile_name": "ingatlanmizu", "target_name": "local", "node_id": "model.ingatlanmizu.int_listings__current"} */
alter table "ingatlanmizu"."silver"."int_listings__current__dbt_tmp" rename to "int_listings__current"
[0m22:11:23.699458 [debug] [Thread-2 (]: On model.ingatlanmizu.int_listings__monthly: /* {"app": "dbt", "dbt_version": "1.12.0", "profile_name": "ingatlanmizu", "target_name": "local", "node_id": "model.ingatlanmizu.int_listings__monthly"} */
alter table "ingatlanmizu"."silver"."int_listings__monthly__dbt_tmp" rename to "int_listings__monthly"
[0m22:11:23.699125 [debug] [Thread-4 (]: Using postgres connection "model.ingatlanmizu.int_listings__price_changes"
[0m22:11:23.700062 [debug] [Thread-1 (]: SQL status: ALTER TABLE in 0.001 seconds
[0m22:11:23.700435 [debug] [Thread-4 (]: On model.ingatlanmizu.int_listings__price_changes: /* {"app": "dbt", "dbt_version": "1.12.0", "profile_name": "ingatlanmizu", "target_name": "local", "node_id": "model.ingatlanmizu.int_listings__price_changes"} */
alter table "ingatlanmizu"."silver"."int_listings__price_changes__dbt_tmp" rename to "int_listings__price_changes"
[0m22:11:23.700658 [debug] [Thread-3 (]: SQL status: ALTER TABLE in 0.001 seconds
[0m22:11:23.700848 [debug] [Thread-2 (]: SQL status: ALTER TABLE in 0.001 seconds
[0m22:11:23.701678 [debug] [Thread-1 (]: On model.ingatlanmizu.int_listings__time_on_market: COMMIT
[0m22:11:23.702755 [debug] [Thread-3 (]: On model.ingatlanmizu.int_listings__current: COMMIT
[0m22:11:23.702982 [debug] [Thread-4 (]: SQL status: ALTER TABLE in 0.001 seconds
[0m22:11:23.703737 [debug] [Thread-2 (]: On model.ingatlanmizu.int_listings__monthly: COMMIT
[0m22:11:23.703975 [debug] [Thread-1 (]: Using postgres connection "model.ingatlanmizu.int_listings__time_on_market"
[0m22:11:23.704190 [debug] [Thread-3 (]: Using postgres connection "model.ingatlanmizu.int_listings__current"
[0m22:11:23.704891 [debug] [Thread-4 (]: On model.ingatlanmizu.int_listings__price_changes: COMMIT
[0m22:11:23.705135 [debug] [Thread-2 (]: Using postgres connection "model.ingatlanmizu.int_listings__monthly"
[0m22:11:23.705361 [debug] [Thread-1 (]: On model.ingatlanmizu.int_listings__time_on_market: COMMIT
[0m22:11:23.705581 [debug] [Thread-3 (]: On model.ingatlanmizu.int_listings__current: COMMIT
[0m22:11:23.705802 [debug] [Thread-4 (]: Using postgres connection "model.ingatlanmizu.int_listings__price_changes"
[0m22:11:23.706027 [debug] [Thread-2 (]: On model.ingatlanmizu.int_listings__monthly: COMMIT
[0m22:11:23.706320 [debug] [Thread-4 (]: On model.ingatlanmizu.int_listings__price_changes: COMMIT
[0m22:11:23.707205 [debug] [Thread-1 (]: SQL status: COMMIT in 0.001 seconds
[0m22:11:23.708182 [debug] [Thread-1 (]: Applying DROP to: "ingatlanmizu"."silver"."int_listings__time_on_market__dbt_backup"
[0m22:11:23.708417 [debug] [Thread-4 (]: SQL status: COMMIT in 0.002 seconds
[0m22:11:23.708621 [debug] [Thread-3 (]: SQL status: COMMIT in 0.002 seconds
[0m22:11:23.708816 [debug] [Thread-2 (]: SQL status: COMMIT in 0.002 seconds
[0m22:11:23.709170 [debug] [Thread-1 (]: Using postgres connection "model.ingatlanmizu.int_listings__time_on_market"
[0m22:11:23.709931 [debug] [Thread-4 (]: Applying DROP to: "ingatlanmizu"."silver"."int_listings__price_changes__dbt_backup"
[0m22:11:23.710723 [debug] [Thread-3 (]: Applying DROP to: "ingatlanmizu"."silver"."int_listings__current__dbt_backup"
[0m22:11:23.711489 [debug] [Thread-2 (]: Applying DROP to: "ingatlanmizu"."silver"."int_listings__monthly__dbt_backup"
[0m22:11:23.711738 [debug] [Thread-1 (]: On model.ingatlanmizu.int_listings__time_on_market: /* {"app": "dbt", "dbt_version": "1.12.0", "profile_name": "ingatlanmizu", "target_name": "local", "node_id": "model.ingatlanmizu.int_listings__time_on_market"} */
drop view if exists "ingatlanmizu"."silver"."int_listings__time_on_market__dbt_backup" cascade
[0m22:11:23.712104 [debug] [Thread-4 (]: Using postgres connection "model.ingatlanmizu.int_listings__price_changes"
[0m22:11:23.712444 [debug] [Thread-3 (]: Using postgres connection "model.ingatlanmizu.int_listings__current"
[0m22:11:23.712771 [debug] [Thread-2 (]: Using postgres connection "model.ingatlanmizu.int_listings__monthly"
[0m22:11:23.713025 [debug] [Thread-4 (]: On model.ingatlanmizu.int_listings__price_changes: /* {"app": "dbt", "dbt_version": "1.12.0", "profile_name": "ingatlanmizu", "target_name": "local", "node_id": "model.ingatlanmizu.int_listings__price_changes"} */
drop view if exists "ingatlanmizu"."silver"."int_listings__price_changes__dbt_backup" cascade
[0m22:11:23.713245 [debug] [Thread-1 (]: SQL status: DROP VIEW in 0.000 seconds
[0m22:11:23.713470 [debug] [Thread-3 (]: On model.ingatlanmizu.int_listings__current: /* {"app": "dbt", "dbt_version": "1.12.0", "profile_name": "ingatlanmizu", "target_name": "local", "node_id": "model.ingatlanmizu.int_listings__current"} */
drop view if exists "ingatlanmizu"."silver"."int_listings__current__dbt_backup" cascade
[0m22:11:23.713705 [debug] [Thread-2 (]: On model.ingatlanmizu.int_listings__monthly: /* {"app": "dbt", "dbt_version": "1.12.0", "profile_name": "ingatlanmizu", "target_name": "local", "node_id": "model.ingatlanmizu.int_listings__monthly"} */
drop view if exists "ingatlanmizu"."silver"."int_listings__monthly__dbt_backup" cascade
[0m22:11:23.714471 [debug] [Thread-1 (]: On model.ingatlanmizu.int_listings__time_on_market: Close
[0m22:11:23.714689 [debug] [Thread-4 (]: SQL status: DROP VIEW in 0.001 seconds
[0m22:11:23.715468 [debug] [Thread-4 (]: On model.ingatlanmizu.int_listings__price_changes: Close
[0m22:11:23.715811 [debug] [Thread-1 (]: Sending event: {'category': 'dbt', 'action': 'run_model', 'label': '1145f10d-d488-48d9-ad78-2561d640988a', 'context': [<snowplow_tracker.self_describing_json.SelfDescribingJson object at 0x10db9fd10>]}
[0m22:11:23.716080 [debug] [Thread-3 (]: SQL status: DROP VIEW in 0.001 seconds
[0m22:11:23.716319 [debug] [Thread-2 (]: SQL status: DROP VIEW in 0.001 seconds
[0m22:11:23.716667 [debug] [Thread-4 (]: Sending event: {'category': 'dbt', 'action': 'run_model', 'label': '1145f10d-d488-48d9-ad78-2561d640988a', 'context': [<snowplow_tracker.self_describing_json.SelfDescribingJson object at 0x10db9d100>]}
[0m22:11:23.717062 [info ] [Thread-1 (]: 60 of 102 OK created sql view model silver.int_listings__time_on_market ........ [[32mCREATE VIEW[0m in 0.14s]
[0m22:11:23.717863 [debug] [Thread-3 (]: On model.ingatlanmizu.int_listings__current: Close
[0m22:11:23.718545 [debug] [Thread-2 (]: On model.ingatlanmizu.int_listings__monthly: Close
[0m22:11:23.718879 [info ] [Thread-4 (]: 63 of 102 OK created sql view model silver.int_listings__price_changes ......... [[32mCREATE VIEW[0m in 0.14s]
[0m22:11:23.719211 [debug] [Thread-1 (]: Finished running node model.ingatlanmizu.int_listings__time_on_market
[0m22:11:23.719519 [debug] [Thread-3 (]: Sending event: {'category': 'dbt', 'action': 'run_model', 'label': '1145f10d-d488-48d9-ad78-2561d640988a', 'context': [<snowplow_tracker.self_describing_json.SelfDescribingJson object at 0x10db9dd00>]}
[0m22:11:23.719800 [debug] [Thread-2 (]: Sending event: {'category': 'dbt', 'action': 'run_model', 'label': '1145f10d-d488-48d9-ad78-2561d640988a', 'context': [<snowplow_tracker.self_describing_json.SelfDescribingJson object at 0x10dba0680>]}
[0m22:11:23.720107 [debug] [Thread-4 (]: Finished running node model.ingatlanmizu.int_listings__price_changes
[0m22:11:23.720546 [info ] [Thread-3 (]: 61 of 102 OK created sql view model silver.int_listings__current ............... [[32mCREATE VIEW[0m in 0.14s]
[0m22:11:23.720918 [debug] [Thread-1 (]: Began running node test.ingatlanmizu.dbt_utils_accepted_range_int_listings__time_on_market_days_on_market__1000__1.68670884e3
[0m22:11:23.721256 [info ] [Thread-2 (]: 62 of 102 OK created sql view model silver.int_listings__monthly ............... [[32mCREATE VIEW[0m in 0.14s]
[0m22:11:23.721519 [debug] [Thread-4 (]: Began running node test.ingatlanmizu.dbt_utils_accepted_range_int_listings__time_on_market_times_observed__1000__1.ec76e71ad8
[0m22:11:23.721907 [debug] [Thread-3 (]: Finished running node model.ingatlanmizu.int_listings__current
[0m22:11:23.722141 [info ] [Thread-1 (]: 64 of 102 START test dbt_utils_accepted_range_int_listings__time_on_market_days_on_market__1000__1  [RUN]
[0m22:11:23.722439 [debug] [Thread-2 (]: Finished running node model.ingatlanmizu.int_listings__monthly
[0m22:11:23.722657 [info ] [Thread-4 (]: 65 of 102 START test dbt_utils_accepted_range_int_listings__time_on_market_times_observed__1000__1  [RUN]
[0m22:11:23.722902 [debug] [Thread-3 (]: Began running node test.ingatlanmizu.dbt_utils_expression_is_true_int_listings__time_on_market_first_seen_at_last_seen_at.25f1b7951e
[0m22:11:23.723213 [debug] [Thread-1 (]: Re-using an available connection from the pool (formerly model.ingatlanmizu.int_listings__time_on_market, now test.ingatlanmizu.dbt_utils_accepted_range_int_listings__time_on_market_days_on_market__1000__1.68670884e3)
[0m22:11:23.723451 [debug] [Thread-2 (]: Began running node test.ingatlanmizu.dbt_utils_unique_combination_of_columns_int_listings__time_on_market_listing_key.4a4d3b49fd
[0m22:11:23.723721 [debug] [Thread-4 (]: Re-using an available connection from the pool (formerly model.ingatlanmizu.int_listings__price_changes, now test.ingatlanmizu.dbt_utils_accepted_range_int_listings__time_on_market_times_observed__1000__1.ec76e71ad8)
[0m22:11:23.723949 [info ] [Thread-3 (]: 66 of 102 START test dbt_utils_expression_is_true_int_listings__time_on_market_first_seen_at_last_seen_at  [RUN]
[0m22:11:23.724164 [debug] [Thread-1 (]: Began compiling node test.ingatlanmizu.dbt_utils_accepted_range_int_listings__time_on_market_days_on_market__1000__1.68670884e3
[0m22:11:23.724370 [info ] [Thread-2 (]: 67 of 102 START test dbt_utils_unique_combination_of_columns_int_listings__time_on_market_listing_key  [RUN]
[0m22:11:23.724579 [debug] [Thread-4 (]: Began compiling node test.ingatlanmizu.dbt_utils_accepted_range_int_listings__time_on_market_times_observed__1000__1.ec76e71ad8
[0m22:11:23.724797 [debug] [Thread-3 (]: Re-using an available connection from the pool (formerly model.ingatlanmizu.int_listings__current, now test.ingatlanmizu.dbt_utils_expression_is_true_int_listings__time_on_market_first_seen_at_last_seen_at.25f1b7951e)
[0m22:11:23.729239 [debug] [Thread-1 (]: Writing injected SQL for node "test.ingatlanmizu.dbt_utils_accepted_range_int_listings__time_on_market_days_on_market__1000__1.68670884e3"
[0m22:11:23.729511 [debug] [Thread-2 (]: Re-using an available connection from the pool (formerly model.ingatlanmizu.int_listings__monthly, now test.ingatlanmizu.dbt_utils_unique_combination_of_columns_int_listings__time_on_market_listing_key.4a4d3b49fd)
[0m22:11:23.732989 [debug] [Thread-4 (]: Writing injected SQL for node "test.ingatlanmizu.dbt_utils_accepted_range_int_listings__time_on_market_times_observed__1000__1.ec76e71ad8"
[0m22:11:23.733270 [debug] [Thread-3 (]: Began compiling node test.ingatlanmizu.dbt_utils_expression_is_true_int_listings__time_on_market_first_seen_at_last_seen_at.25f1b7951e
[0m22:11:23.733599 [debug] [Thread-2 (]: Began compiling node test.ingatlanmizu.dbt_utils_unique_combination_of_columns_int_listings__time_on_market_listing_key.4a4d3b49fd
[0m22:11:23.741245 [debug] [Thread-3 (]: Writing injected SQL for node "test.ingatlanmizu.dbt_utils_expression_is_true_int_listings__time_on_market_first_seen_at_last_seen_at.25f1b7951e"
[0m22:11:23.745043 [debug] [Thread-2 (]: Writing injected SQL for node "test.ingatlanmizu.dbt_utils_unique_combination_of_columns_int_listings__time_on_market_listing_key.4a4d3b49fd"
[0m22:11:23.745303 [debug] [Thread-4 (]: Began executing node test.ingatlanmizu.dbt_utils_accepted_range_int_listings__time_on_market_times_observed__1000__1.ec76e71ad8
[0m22:11:23.745536 [debug] [Thread-1 (]: Began executing node test.ingatlanmizu.dbt_utils_accepted_range_int_listings__time_on_market_days_on_market__1000__1.68670884e3
[0m22:11:23.747212 [debug] [Thread-4 (]: Writing runtime sql for node "test.ingatlanmizu.dbt_utils_accepted_range_int_listings__time_on_market_times_observed__1000__1.ec76e71ad8"
[0m22:11:23.748358 [debug] [Thread-1 (]: Writing runtime sql for node "test.ingatlanmizu.dbt_utils_accepted_range_int_listings__time_on_market_days_on_market__1000__1.68670884e3"
[0m22:11:23.748728 [debug] [Thread-3 (]: Began executing node test.ingatlanmizu.dbt_utils_expression_is_true_int_listings__time_on_market_first_seen_at_last_seen_at.25f1b7951e
[0m22:11:23.749077 [debug] [Thread-2 (]: Began executing node test.ingatlanmizu.dbt_utils_unique_combination_of_columns_int_listings__time_on_market_listing_key.4a4d3b49fd
[0m22:11:23.749941 [debug] [Thread-3 (]: Writing runtime sql for node "test.ingatlanmizu.dbt_utils_expression_is_true_int_listings__time_on_market_first_seen_at_last_seen_at.25f1b7951e"
[0m22:11:23.750710 [debug] [Thread-2 (]: Writing runtime sql for node "test.ingatlanmizu.dbt_utils_unique_combination_of_columns_int_listings__time_on_market_listing_key.4a4d3b49fd"
[0m22:11:23.750960 [debug] [Thread-4 (]: Using postgres connection "test.ingatlanmizu.dbt_utils_accepted_range_int_listings__time_on_market_times_observed__1000__1.ec76e71ad8"
[0m22:11:23.751193 [debug] [Thread-1 (]: Using postgres connection "test.ingatlanmizu.dbt_utils_accepted_range_int_listings__time_on_market_days_on_market__1000__1.68670884e3"
[0m22:11:23.751567 [debug] [Thread-4 (]: On test.ingatlanmizu.dbt_utils_accepted_range_int_listings__time_on_market_times_observed__1000__1.ec76e71ad8: /* {"app": "dbt", "dbt_version": "1.12.0", "profile_name": "ingatlanmizu", "target_name": "local", "node_id": "test.ingatlanmizu.dbt_utils_accepted_range_int_listings__time_on_market_times_observed__1000__1.ec76e71ad8"} */

    
    select
      count(*) as failures,
      count(*) != 0 as should_warn,
      count(*) != 0 as should_error
    from (
      
    
  

with meet_condition as(
  select *
  from "ingatlanmizu"."silver"."int_listings__time_on_market"
),

validation_errors as (
  select *
  from meet_condition
  where
    -- never true, defaults to an empty result set. Exists to ensure any combo of the `or` clauses below succeeds
    1 = 2
    -- records with a value >= min_value are permitted. The `not` flips this to find records that don't meet the rule.
    or not times_observed >= 1
    -- records with a value <= max_value are permitted. The `not` flips this to find records that don't meet the rule.
    or not times_observed <= 1000
)

select *
from validation_errors


  
  
      
    ) dbt_internal_test
[0m22:11:23.751909 [debug] [Thread-1 (]: On test.ingatlanmizu.dbt_utils_accepted_range_int_listings__time_on_market_days_on_market__1000__1.68670884e3: /* {"app": "dbt", "dbt_version": "1.12.0", "profile_name": "ingatlanmizu", "target_name": "local", "node_id": "test.ingatlanmizu.dbt_utils_accepted_range_int_listings__time_on_market_days_on_market__1000__1.68670884e3"} */

    
    select
      count(*) as failures,
      count(*) != 0 as should_warn,
      count(*) != 0 as should_error
    from (
      
    
  

with meet_condition as(
  select *
  from "ingatlanmizu"."silver"."int_listings__time_on_market"
),

validation_errors as (
  select *
  from meet_condition
  where
    -- never true, defaults to an empty result set. Exists to ensure any combo of the `or` clauses below succeeds
    1 = 2
    -- records with a value >= min_value are permitted. The `not` flips this to find records that don't meet the rule.
    or not days_on_market >= 1
    -- records with a value <= max_value are permitted. The `not` flips this to find records that don't meet the rule.
    or not days_on_market <= 1000
)

select *
from validation_errors


  
  
      
    ) dbt_internal_test
[0m22:11:23.752172 [debug] [Thread-3 (]: Using postgres connection "test.ingatlanmizu.dbt_utils_expression_is_true_int_listings__time_on_market_first_seen_at_last_seen_at.25f1b7951e"
[0m22:11:23.752464 [debug] [Thread-2 (]: Using postgres connection "test.ingatlanmizu.dbt_utils_unique_combination_of_columns_int_listings__time_on_market_listing_key.4a4d3b49fd"
[0m22:11:23.752682 [debug] [Thread-4 (]: Opening a new connection, currently in state closed
[0m22:11:23.752893 [debug] [Thread-1 (]: Opening a new connection, currently in state closed
[0m22:11:23.753110 [debug] [Thread-3 (]: On test.ingatlanmizu.dbt_utils_expression_is_true_int_listings__time_on_market_first_seen_at_last_seen_at.25f1b7951e: /* {"app": "dbt", "dbt_version": "1.12.0", "profile_name": "ingatlanmizu", "target_name": "local", "node_id": "test.ingatlanmizu.dbt_utils_expression_is_true_int_listings__time_on_market_first_seen_at_last_seen_at.25f1b7951e"} */

    
    select
      count(*) as failures,
      count(*) != 0 as should_warn,
      count(*) != 0 as should_error
    from (
      
    
  



select
    1
from "ingatlanmizu"."silver"."int_listings__time_on_market"

where not(first_seen_at <= last_seen_at)


  
  
      
    ) dbt_internal_test
[0m22:11:23.753350 [debug] [Thread-2 (]: On test.ingatlanmizu.dbt_utils_unique_combination_of_columns_int_listings__time_on_market_listing_key.4a4d3b49fd: /* {"app": "dbt", "dbt_version": "1.12.0", "profile_name": "ingatlanmizu", "target_name": "local", "node_id": "test.ingatlanmizu.dbt_utils_unique_combination_of_columns_int_listings__time_on_market_listing_key.4a4d3b49fd"} */

    
    select
      count(*) as failures,
      count(*) != 0 as should_warn,
      count(*) != 0 as should_error
    from (
      
    
  





with validation_errors as (

    select
        listing_key
    from "ingatlanmizu"."silver"."int_listings__time_on_market"
    group by listing_key
    having count(*) > 1

)

select *
from validation_errors



  
  
      
    ) dbt_internal_test
[0m22:11:23.753698 [debug] [Thread-3 (]: Opening a new connection, currently in state closed
[0m22:11:23.753909 [debug] [Thread-2 (]: Opening a new connection, currently in state closed
[0m22:11:23.766153 [debug] [Thread-2 (]: SQL status: SELECT 1 in 0.012 seconds
[0m22:11:23.766420 [debug] [Thread-1 (]: SQL status: SELECT 1 in 0.013 seconds
[0m22:11:23.766651 [debug] [Thread-3 (]: SQL status: SELECT 1 in 0.013 seconds
[0m22:11:23.766854 [debug] [Thread-4 (]: SQL status: SELECT 1 in 0.014 seconds
[0m22:11:23.767712 [debug] [Thread-2 (]: On test.ingatlanmizu.dbt_utils_unique_combination_of_columns_int_listings__time_on_market_listing_key.4a4d3b49fd: ROLLBACK
[0m22:11:23.768418 [debug] [Thread-1 (]: On test.ingatlanmizu.dbt_utils_accepted_range_int_listings__time_on_market_days_on_market__1000__1.68670884e3: ROLLBACK
[0m22:11:23.769122 [debug] [Thread-3 (]: On test.ingatlanmizu.dbt_utils_expression_is_true_int_listings__time_on_market_first_seen_at_last_seen_at.25f1b7951e: ROLLBACK
[0m22:11:23.769795 [debug] [Thread-4 (]: On test.ingatlanmizu.dbt_utils_accepted_range_int_listings__time_on_market_times_observed__1000__1.ec76e71ad8: ROLLBACK
[0m22:11:23.770289 [debug] [Thread-2 (]: On test.ingatlanmizu.dbt_utils_unique_combination_of_columns_int_listings__time_on_market_listing_key.4a4d3b49fd: Close
[0m22:11:23.770511 [debug] [Thread-4 (]: On test.ingatlanmizu.dbt_utils_accepted_range_int_listings__time_on_market_times_observed__1000__1.ec76e71ad8: Close
[0m22:11:23.770704 [debug] [Thread-1 (]: On test.ingatlanmizu.dbt_utils_accepted_range_int_listings__time_on_market_days_on_market__1000__1.68670884e3: Close
[0m22:11:23.770902 [debug] [Thread-3 (]: On test.ingatlanmizu.dbt_utils_expression_is_true_int_listings__time_on_market_first_seen_at_last_seen_at.25f1b7951e: Close
[0m22:11:23.771258 [info ] [Thread-2 (]: 67 of 102 PASS dbt_utils_unique_combination_of_columns_int_listings__time_on_market_listing_key  [[32mPASS[0m in 0.04s]
[0m22:11:23.771679 [info ] [Thread-4 (]: 65 of 102 PASS dbt_utils_accepted_range_int_listings__time_on_market_times_observed__1000__1  [[32mPASS[0m in 0.05s]
[0m22:11:23.772048 [info ] [Thread-1 (]: 64 of 102 PASS dbt_utils_accepted_range_int_listings__time_on_market_days_on_market__1000__1  [[32mPASS[0m in 0.05s]
[0m22:11:23.772451 [info ] [Thread-3 (]: 66 of 102 PASS dbt_utils_expression_is_true_int_listings__time_on_market_first_seen_at_last_seen_at  [[32mPASS[0m in 0.05s]
[0m22:11:23.772838 [debug] [Thread-2 (]: Finished running node test.ingatlanmizu.dbt_utils_unique_combination_of_columns_int_listings__time_on_market_listing_key.4a4d3b49fd
[0m22:11:23.773146 [debug] [Thread-4 (]: Finished running node test.ingatlanmizu.dbt_utils_accepted_range_int_listings__time_on_market_times_observed__1000__1.ec76e71ad8
[0m22:11:23.773457 [debug] [Thread-1 (]: Finished running node test.ingatlanmizu.dbt_utils_accepted_range_int_listings__time_on_market_days_on_market__1000__1.68670884e3
[0m22:11:23.773745 [debug] [Thread-3 (]: Finished running node test.ingatlanmizu.dbt_utils_expression_is_true_int_listings__time_on_market_first_seen_at_last_seen_at.25f1b7951e
[0m22:11:23.773981 [debug] [Thread-2 (]: Began running node test.ingatlanmizu.not_empty_int_listings__time_on_market_listing_key.c68831c381
[0m22:11:23.774229 [debug] [Thread-4 (]: Began running node test.ingatlanmizu.not_empty_int_listings__time_on_market_source.ee66b7ce04
[0m22:11:23.774504 [debug] [Thread-1 (]: Began running node test.ingatlanmizu.not_null_int_listings__time_on_market_first_seen_at.92fa524faa
[0m22:11:23.774758 [debug] [Thread-3 (]: Began running node test.ingatlanmizu.not_null_int_listings__time_on_market_is_active.b285fdcc05
[0m22:11:23.774986 [info ] [Thread-2 (]: 68 of 102 START test not_empty_int_listings__time_on_market_listing_key ........ [RUN]
[0m22:11:23.775238 [info ] [Thread-4 (]: 69 of 102 START test not_empty_int_listings__time_on_market_source ............. [RUN]
[0m22:11:23.775467 [info ] [Thread-1 (]: 70 of 102 START test not_null_int_listings__time_on_market_first_seen_at ....... [RUN]
[0m22:11:23.775692 [info ] [Thread-3 (]: 71 of 102 START test not_null_int_listings__time_on_market_is_active ........... [RUN]
[0m22:11:23.775948 [debug] [Thread-2 (]: Re-using an available connection from the pool (formerly test.ingatlanmizu.dbt_utils_unique_combination_of_columns_int_listings__time_on_market_listing_key.4a4d3b49fd, now test.ingatlanmizu.not_empty_int_listings__time_on_market_listing_key.c68831c381)
[0m22:11:23.776172 [debug] [Thread-4 (]: Re-using an available connection from the pool (formerly test.ingatlanmizu.dbt_utils_accepted_range_int_listings__time_on_market_times_observed__1000__1.ec76e71ad8, now test.ingatlanmizu.not_empty_int_listings__time_on_market_source.ee66b7ce04)
[0m22:11:23.776385 [debug] [Thread-1 (]: Re-using an available connection from the pool (formerly test.ingatlanmizu.dbt_utils_accepted_range_int_listings__time_on_market_days_on_market__1000__1.68670884e3, now test.ingatlanmizu.not_null_int_listings__time_on_market_first_seen_at.92fa524faa)
[0m22:11:23.776613 [debug] [Thread-3 (]: Re-using an available connection from the pool (formerly test.ingatlanmizu.dbt_utils_expression_is_true_int_listings__time_on_market_first_seen_at_last_seen_at.25f1b7951e, now test.ingatlanmizu.not_null_int_listings__time_on_market_is_active.b285fdcc05)
[0m22:11:23.776811 [debug] [Thread-2 (]: Began compiling node test.ingatlanmizu.not_empty_int_listings__time_on_market_listing_key.c68831c381
[0m22:11:23.776999 [debug] [Thread-4 (]: Began compiling node test.ingatlanmizu.not_empty_int_listings__time_on_market_source.ee66b7ce04
[0m22:11:23.777205 [debug] [Thread-1 (]: Began compiling node test.ingatlanmizu.not_null_int_listings__time_on_market_first_seen_at.92fa524faa
[0m22:11:23.777405 [debug] [Thread-3 (]: Began compiling node test.ingatlanmizu.not_null_int_listings__time_on_market_is_active.b285fdcc05
[0m22:11:23.780716 [debug] [Thread-2 (]: Writing injected SQL for node "test.ingatlanmizu.not_empty_int_listings__time_on_market_listing_key.c68831c381"
[0m22:11:23.783780 [debug] [Thread-4 (]: Writing injected SQL for node "test.ingatlanmizu.not_empty_int_listings__time_on_market_source.ee66b7ce04"
[0m22:11:23.786979 [debug] [Thread-1 (]: Writing injected SQL for node "test.ingatlanmizu.not_null_int_listings__time_on_market_first_seen_at.92fa524faa"
[0m22:11:23.790142 [debug] [Thread-3 (]: Writing injected SQL for node "test.ingatlanmizu.not_null_int_listings__time_on_market_is_active.b285fdcc05"
[0m22:11:23.791194 [debug] [Thread-4 (]: Began executing node test.ingatlanmizu.not_empty_int_listings__time_on_market_source.ee66b7ce04
[0m22:11:23.791479 [debug] [Thread-1 (]: Began executing node test.ingatlanmizu.not_null_int_listings__time_on_market_first_seen_at.92fa524faa
[0m22:11:23.792248 [debug] [Thread-4 (]: Writing runtime sql for node "test.ingatlanmizu.not_empty_int_listings__time_on_market_source.ee66b7ce04"
[0m22:11:23.792471 [debug] [Thread-2 (]: Began executing node test.ingatlanmizu.not_empty_int_listings__time_on_market_listing_key.c68831c381
[0m22:11:23.792664 [debug] [Thread-3 (]: Began executing node test.ingatlanmizu.not_null_int_listings__time_on_market_is_active.b285fdcc05
[0m22:11:23.793444 [debug] [Thread-1 (]: Writing runtime sql for node "test.ingatlanmizu.not_null_int_listings__time_on_market_first_seen_at.92fa524faa"
[0m22:11:23.794215 [debug] [Thread-2 (]: Writing runtime sql for node "test.ingatlanmizu.not_empty_int_listings__time_on_market_listing_key.c68831c381"
[0m22:11:23.794987 [debug] [Thread-3 (]: Writing runtime sql for node "test.ingatlanmizu.not_null_int_listings__time_on_market_is_active.b285fdcc05"
[0m22:11:23.795288 [debug] [Thread-4 (]: Using postgres connection "test.ingatlanmizu.not_empty_int_listings__time_on_market_source.ee66b7ce04"
[0m22:11:23.795649 [debug] [Thread-4 (]: On test.ingatlanmizu.not_empty_int_listings__time_on_market_source.ee66b7ce04: /* {"app": "dbt", "dbt_version": "1.12.0", "profile_name": "ingatlanmizu", "target_name": "local", "node_id": "test.ingatlanmizu.not_empty_int_listings__time_on_market_source.ee66b7ce04"} */

    
    select
      count(*) as failures,
      count(*) != 0 as should_warn,
      count(*) != 0 as should_error
    from (
      
    
  

select *
from "ingatlanmizu"."silver"."int_listings__time_on_market"
where trim(source) = ''


  
  
      
    ) dbt_internal_test
[0m22:11:23.795930 [debug] [Thread-1 (]: Using postgres connection "test.ingatlanmizu.not_null_int_listings__time_on_market_first_seen_at.92fa524faa"
[0m22:11:23.796137 [debug] [Thread-4 (]: Opening a new connection, currently in state closed
[0m22:11:23.796987 [debug] [Thread-2 (]: Using postgres connection "test.ingatlanmizu.not_empty_int_listings__time_on_market_listing_key.c68831c381"
[0m22:11:23.797228 [debug] [Thread-1 (]: On test.ingatlanmizu.not_null_int_listings__time_on_market_first_seen_at.92fa524faa: /* {"app": "dbt", "dbt_version": "1.12.0", "profile_name": "ingatlanmizu", "target_name": "local", "node_id": "test.ingatlanmizu.not_null_int_listings__time_on_market_first_seen_at.92fa524faa"} */

    
    select
      count(*) as failures,
      count(*) != 0 as should_warn,
      count(*) != 0 as should_error
    from (
      
    
  
    
    



select first_seen_at
from "ingatlanmizu"."silver"."int_listings__time_on_market"
where first_seen_at is null



  
  
      
    ) dbt_internal_test
[0m22:11:23.797454 [debug] [Thread-3 (]: Using postgres connection "test.ingatlanmizu.not_null_int_listings__time_on_market_is_active.b285fdcc05"
[0m22:11:23.797735 [debug] [Thread-2 (]: On test.ingatlanmizu.not_empty_int_listings__time_on_market_listing_key.c68831c381: /* {"app": "dbt", "dbt_version": "1.12.0", "profile_name": "ingatlanmizu", "target_name": "local", "node_id": "test.ingatlanmizu.not_empty_int_listings__time_on_market_listing_key.c68831c381"} */

    
    select
      count(*) as failures,
      count(*) != 0 as should_warn,
      count(*) != 0 as should_error
    from (
      
    
  

select *
from "ingatlanmizu"."silver"."int_listings__time_on_market"
where trim(listing_key) = ''


  
  
      
    ) dbt_internal_test
[0m22:11:23.797958 [debug] [Thread-1 (]: Opening a new connection, currently in state closed
[0m22:11:23.798190 [debug] [Thread-3 (]: On test.ingatlanmizu.not_null_int_listings__time_on_market_is_active.b285fdcc05: /* {"app": "dbt", "dbt_version": "1.12.0", "profile_name": "ingatlanmizu", "target_name": "local", "node_id": "test.ingatlanmizu.not_null_int_listings__time_on_market_is_active.b285fdcc05"} */

    
    select
      count(*) as failures,
      count(*) != 0 as should_warn,
      count(*) != 0 as should_error
    from (
      
    
  
    
    



select is_active
from "ingatlanmizu"."silver"."int_listings__time_on_market"
where is_active is null



  
  
      
    ) dbt_internal_test
[0m22:11:23.798411 [debug] [Thread-2 (]: Opening a new connection, currently in state closed
[0m22:11:23.798659 [debug] [Thread-3 (]: Opening a new connection, currently in state closed
[0m22:11:23.813811 [debug] [Thread-2 (]: SQL status: SELECT 1 in 0.015 seconds
[0m22:11:23.814074 [debug] [Thread-4 (]: SQL status: SELECT 1 in 0.018 seconds
[0m22:11:23.814300 [debug] [Thread-1 (]: SQL status: SELECT 1 in 0.016 seconds
[0m22:11:23.814501 [debug] [Thread-3 (]: SQL status: SELECT 1 in 0.016 seconds
[0m22:11:23.815356 [debug] [Thread-2 (]: On test.ingatlanmizu.not_empty_int_listings__time_on_market_listing_key.c68831c381: ROLLBACK
[0m22:11:23.816056 [debug] [Thread-4 (]: On test.ingatlanmizu.not_empty_int_listings__time_on_market_source.ee66b7ce04: ROLLBACK
[0m22:11:23.816755 [debug] [Thread-1 (]: On test.ingatlanmizu.not_null_int_listings__time_on_market_first_seen_at.92fa524faa: ROLLBACK
[0m22:11:23.817569 [debug] [Thread-3 (]: On test.ingatlanmizu.not_null_int_listings__time_on_market_is_active.b285fdcc05: ROLLBACK
[0m22:11:23.818062 [debug] [Thread-1 (]: On test.ingatlanmizu.not_null_int_listings__time_on_market_first_seen_at.92fa524faa: Close
[0m22:11:23.818272 [debug] [Thread-2 (]: On test.ingatlanmizu.not_empty_int_listings__time_on_market_listing_key.c68831c381: Close
[0m22:11:23.818500 [debug] [Thread-3 (]: On test.ingatlanmizu.not_null_int_listings__time_on_market_is_active.b285fdcc05: Close
[0m22:11:23.818700 [debug] [Thread-4 (]: On test.ingatlanmizu.not_empty_int_listings__time_on_market_source.ee66b7ce04: Close
[0m22:11:23.819032 [info ] [Thread-1 (]: 70 of 102 PASS not_null_int_listings__time_on_market_first_seen_at ............. [[32mPASS[0m in 0.04s]
[0m22:11:23.819372 [info ] [Thread-2 (]: 68 of 102 PASS not_empty_int_listings__time_on_market_listing_key .............. [[32mPASS[0m in 0.04s]
[0m22:11:23.819754 [info ] [Thread-3 (]: 71 of 102 PASS not_null_int_listings__time_on_market_is_active ................. [[32mPASS[0m in 0.04s]
[0m22:11:23.820098 [debug] [Thread-1 (]: Finished running node test.ingatlanmizu.not_null_int_listings__time_on_market_first_seen_at.92fa524faa
[0m22:11:23.820445 [info ] [Thread-4 (]: 69 of 102 PASS not_empty_int_listings__time_on_market_source ................... [[32mPASS[0m in 0.04s]
[0m22:11:23.820809 [debug] [Thread-2 (]: Finished running node test.ingatlanmizu.not_empty_int_listings__time_on_market_listing_key.c68831c381
[0m22:11:23.821095 [debug] [Thread-3 (]: Finished running node test.ingatlanmizu.not_null_int_listings__time_on_market_is_active.b285fdcc05
[0m22:11:23.821334 [debug] [Thread-1 (]: Began running node test.ingatlanmizu.not_null_int_listings__time_on_market_last_seen_at.15cdb3c0c1
[0m22:11:23.821659 [debug] [Thread-4 (]: Finished running node test.ingatlanmizu.not_empty_int_listings__time_on_market_source.ee66b7ce04
[0m22:11:23.821897 [debug] [Thread-2 (]: Began running node test.ingatlanmizu.not_null_int_listings__time_on_market_listing_key.2c4fd4fb7b
[0m22:11:23.822154 [debug] [Thread-3 (]: Began running node test.ingatlanmizu.not_null_int_listings__time_on_market_source.27f58358d1
[0m22:11:23.822414 [info ] [Thread-1 (]: 72 of 102 START test not_null_int_listings__time_on_market_last_seen_at ........ [RUN]
[0m22:11:23.822660 [debug] [Thread-4 (]: Began running node test.ingatlanmizu.unique_int_listings__time_on_market_listing_key.71b7d4696d
[0m22:11:23.822890 [info ] [Thread-2 (]: 73 of 102 START test not_null_int_listings__time_on_market_listing_key ......... [RUN]
[0m22:11:23.823127 [info ] [Thread-3 (]: 74 of 102 START test not_null_int_listings__time_on_market_source .............. [RUN]
[0m22:11:23.823403 [debug] [Thread-1 (]: Re-using an available connection from the pool (formerly test.ingatlanmizu.not_null_int_listings__time_on_market_first_seen_at.92fa524faa, now test.ingatlanmizu.not_null_int_listings__time_on_market_last_seen_at.15cdb3c0c1)
[0m22:11:23.823645 [info ] [Thread-4 (]: 75 of 102 START test unique_int_listings__time_on_market_listing_key ........... [RUN]
[0m22:11:23.823890 [debug] [Thread-2 (]: Re-using an available connection from the pool (formerly test.ingatlanmizu.not_empty_int_listings__time_on_market_listing_key.c68831c381, now test.ingatlanmizu.not_null_int_listings__time_on_market_listing_key.2c4fd4fb7b)
[0m22:11:23.824130 [debug] [Thread-3 (]: Re-using an available connection from the pool (formerly test.ingatlanmizu.not_null_int_listings__time_on_market_is_active.b285fdcc05, now test.ingatlanmizu.not_null_int_listings__time_on_market_source.27f58358d1)
[0m22:11:23.824347 [debug] [Thread-1 (]: Began compiling node test.ingatlanmizu.not_null_int_listings__time_on_market_last_seen_at.15cdb3c0c1
[0m22:11:23.824606 [debug] [Thread-4 (]: Re-using an available connection from the pool (formerly test.ingatlanmizu.not_empty_int_listings__time_on_market_source.ee66b7ce04, now test.ingatlanmizu.unique_int_listings__time_on_market_listing_key.71b7d4696d)
[0m22:11:23.824837 [debug] [Thread-2 (]: Began compiling node test.ingatlanmizu.not_null_int_listings__time_on_market_listing_key.2c4fd4fb7b
[0m22:11:23.825039 [debug] [Thread-3 (]: Began compiling node test.ingatlanmizu.not_null_int_listings__time_on_market_source.27f58358d1
[0m22:11:23.828649 [debug] [Thread-1 (]: Writing injected SQL for node "test.ingatlanmizu.not_null_int_listings__time_on_market_last_seen_at.15cdb3c0c1"
[0m22:11:23.828918 [debug] [Thread-4 (]: Began compiling node test.ingatlanmizu.unique_int_listings__time_on_market_listing_key.71b7d4696d
[0m22:11:23.832186 [debug] [Thread-2 (]: Writing injected SQL for node "test.ingatlanmizu.not_null_int_listings__time_on_market_listing_key.2c4fd4fb7b"
[0m22:11:23.835459 [debug] [Thread-3 (]: Writing injected SQL for node "test.ingatlanmizu.not_null_int_listings__time_on_market_source.27f58358d1"
[0m22:11:23.839976 [debug] [Thread-4 (]: Writing injected SQL for node "test.ingatlanmizu.unique_int_listings__time_on_market_listing_key.71b7d4696d"
[0m22:11:23.840409 [debug] [Thread-1 (]: Began executing node test.ingatlanmizu.not_null_int_listings__time_on_market_last_seen_at.15cdb3c0c1
[0m22:11:23.840719 [debug] [Thread-2 (]: Began executing node test.ingatlanmizu.not_null_int_listings__time_on_market_listing_key.2c4fd4fb7b
[0m22:11:23.840978 [debug] [Thread-3 (]: Began executing node test.ingatlanmizu.not_null_int_listings__time_on_market_source.27f58358d1
[0m22:11:23.841736 [debug] [Thread-1 (]: Writing runtime sql for node "test.ingatlanmizu.not_null_int_listings__time_on_market_last_seen_at.15cdb3c0c1"
[0m22:11:23.842591 [debug] [Thread-2 (]: Writing runtime sql for node "test.ingatlanmizu.not_null_int_listings__time_on_market_listing_key.2c4fd4fb7b"
[0m22:11:23.842807 [debug] [Thread-4 (]: Began executing node test.ingatlanmizu.unique_int_listings__time_on_market_listing_key.71b7d4696d
[0m22:11:23.843469 [debug] [Thread-3 (]: Writing runtime sql for node "test.ingatlanmizu.not_null_int_listings__time_on_market_source.27f58358d1"
[0m22:11:23.844271 [debug] [Thread-4 (]: Writing runtime sql for node "test.ingatlanmizu.unique_int_listings__time_on_market_listing_key.71b7d4696d"
[0m22:11:23.844592 [debug] [Thread-1 (]: Using postgres connection "test.ingatlanmizu.not_null_int_listings__time_on_market_last_seen_at.15cdb3c0c1"
[0m22:11:23.844807 [debug] [Thread-2 (]: Using postgres connection "test.ingatlanmizu.not_null_int_listings__time_on_market_listing_key.2c4fd4fb7b"
[0m22:11:23.845060 [debug] [Thread-3 (]: Using postgres connection "test.ingatlanmizu.not_null_int_listings__time_on_market_source.27f58358d1"
[0m22:11:23.845285 [debug] [Thread-1 (]: On test.ingatlanmizu.not_null_int_listings__time_on_market_last_seen_at.15cdb3c0c1: /* {"app": "dbt", "dbt_version": "1.12.0", "profile_name": "ingatlanmizu", "target_name": "local", "node_id": "test.ingatlanmizu.not_null_int_listings__time_on_market_last_seen_at.15cdb3c0c1"} */

    
    select
      count(*) as failures,
      count(*) != 0 as should_warn,
      count(*) != 0 as should_error
    from (
      
    
  
    
    



select last_seen_at
from "ingatlanmizu"."silver"."int_listings__time_on_market"
where last_seen_at is null



  
  
      
    ) dbt_internal_test
[0m22:11:23.845605 [debug] [Thread-2 (]: On test.ingatlanmizu.not_null_int_listings__time_on_market_listing_key.2c4fd4fb7b: /* {"app": "dbt", "dbt_version": "1.12.0", "profile_name": "ingatlanmizu", "target_name": "local", "node_id": "test.ingatlanmizu.not_null_int_listings__time_on_market_listing_key.2c4fd4fb7b"} */

    
    select
      count(*) as failures,
      count(*) != 0 as should_warn,
      count(*) != 0 as should_error
    from (
      
    
  
    
    



select listing_key
from "ingatlanmizu"."silver"."int_listings__time_on_market"
where listing_key is null



  
  
      
    ) dbt_internal_test
[0m22:11:23.845826 [debug] [Thread-4 (]: Using postgres connection "test.ingatlanmizu.unique_int_listings__time_on_market_listing_key.71b7d4696d"
[0m22:11:23.846038 [debug] [Thread-3 (]: On test.ingatlanmizu.not_null_int_listings__time_on_market_source.27f58358d1: /* {"app": "dbt", "dbt_version": "1.12.0", "profile_name": "ingatlanmizu", "target_name": "local", "node_id": "test.ingatlanmizu.not_null_int_listings__time_on_market_source.27f58358d1"} */

    
    select
      count(*) as failures,
      count(*) != 0 as should_warn,
      count(*) != 0 as should_error
    from (
      
    
  
    
    



select source
from "ingatlanmizu"."silver"."int_listings__time_on_market"
where source is null



  
  
      
    ) dbt_internal_test
[0m22:11:23.846256 [debug] [Thread-1 (]: Opening a new connection, currently in state closed
[0m22:11:23.846442 [debug] [Thread-2 (]: Opening a new connection, currently in state closed
[0m22:11:23.846655 [debug] [Thread-4 (]: On test.ingatlanmizu.unique_int_listings__time_on_market_listing_key.71b7d4696d: /* {"app": "dbt", "dbt_version": "1.12.0", "profile_name": "ingatlanmizu", "target_name": "local", "node_id": "test.ingatlanmizu.unique_int_listings__time_on_market_listing_key.71b7d4696d"} */

    
    select
      count(*) as failures,
      count(*) != 0 as should_warn,
      count(*) != 0 as should_error
    from (
      
    
  
    
    

select
    listing_key as unique_field,
    count(*) as n_records

from "ingatlanmizu"."silver"."int_listings__time_on_market"
where listing_key is not null
group by listing_key
having count(*) > 1



  
  
      
    ) dbt_internal_test
[0m22:11:23.846860 [debug] [Thread-3 (]: Opening a new connection, currently in state closed
[0m22:11:23.847173 [debug] [Thread-4 (]: Opening a new connection, currently in state closed
[0m22:11:23.863196 [debug] [Thread-2 (]: SQL status: SELECT 1 in 0.017 seconds
[0m22:11:23.863455 [debug] [Thread-3 (]: SQL status: SELECT 1 in 0.017 seconds
[0m22:11:23.863699 [debug] [Thread-4 (]: SQL status: SELECT 1 in 0.017 seconds
[0m22:11:23.863941 [debug] [Thread-1 (]: SQL status: SELECT 1 in 0.018 seconds
[0m22:11:23.864752 [debug] [Thread-2 (]: On test.ingatlanmizu.not_null_int_listings__time_on_market_listing_key.2c4fd4fb7b: ROLLBACK
[0m22:11:23.865475 [debug] [Thread-3 (]: On test.ingatlanmizu.not_null_int_listings__time_on_market_source.27f58358d1: ROLLBACK
[0m22:11:23.866131 [debug] [Thread-4 (]: On test.ingatlanmizu.unique_int_listings__time_on_market_listing_key.71b7d4696d: ROLLBACK
[0m22:11:23.866779 [debug] [Thread-1 (]: On test.ingatlanmizu.not_null_int_listings__time_on_market_last_seen_at.15cdb3c0c1: ROLLBACK
[0m22:11:23.867278 [debug] [Thread-3 (]: On test.ingatlanmizu.not_null_int_listings__time_on_market_source.27f58358d1: Close
[0m22:11:23.867484 [debug] [Thread-2 (]: On test.ingatlanmizu.not_null_int_listings__time_on_market_listing_key.2c4fd4fb7b: Close
[0m22:11:23.867678 [debug] [Thread-4 (]: On test.ingatlanmizu.unique_int_listings__time_on_market_listing_key.71b7d4696d: Close
[0m22:11:23.867869 [debug] [Thread-1 (]: On test.ingatlanmizu.not_null_int_listings__time_on_market_last_seen_at.15cdb3c0c1: Close
[0m22:11:23.868212 [info ] [Thread-3 (]: 74 of 102 PASS not_null_int_listings__time_on_market_source .................... [[32mPASS[0m in 0.04s]
[0m22:11:23.868651 [info ] [Thread-2 (]: 73 of 102 PASS not_null_int_listings__time_on_market_listing_key ............... [[32mPASS[0m in 0.04s]
[0m22:11:23.869055 [info ] [Thread-4 (]: 75 of 102 PASS unique_int_listings__time_on_market_listing_key ................. [[32mPASS[0m in 0.04s]
[0m22:11:23.869371 [info ] [Thread-1 (]: 72 of 102 PASS not_null_int_listings__time_on_market_last_seen_at .............. [[32mPASS[0m in 0.05s]
[0m22:11:23.869683 [debug] [Thread-3 (]: Finished running node test.ingatlanmizu.not_null_int_listings__time_on_market_source.27f58358d1
[0m22:11:23.869967 [debug] [Thread-2 (]: Finished running node test.ingatlanmizu.not_null_int_listings__time_on_market_listing_key.2c4fd4fb7b
[0m22:11:23.870237 [debug] [Thread-4 (]: Finished running node test.ingatlanmizu.unique_int_listings__time_on_market_listing_key.71b7d4696d
[0m22:11:23.870529 [debug] [Thread-1 (]: Finished running node test.ingatlanmizu.not_null_int_listings__time_on_market_last_seen_at.15cdb3c0c1
[0m22:11:23.870790 [debug] [Thread-3 (]: Began running node test.ingatlanmizu.dbt_utils_accepted_range_int_listings__price_changes_new_price_huf__False__0.7e9fb7eed1
[0m22:11:23.871073 [debug] [Thread-2 (]: Began running node test.ingatlanmizu.dbt_utils_accepted_range_int_listings__price_changes_previous_price_huf__False__0.bafbe0136e
[0m22:11:23.871326 [debug] [Thread-4 (]: Began running node test.ingatlanmizu.dbt_utils_unique_combination_of_columns_int_listings__price_changes_listing_key__previous_price_huf__new_price_huf.cfc8495a17
[0m22:11:23.871554 [debug] [Thread-1 (]: Began running node test.ingatlanmizu.not_null_int_listings__price_changes_listing_key.758d0ea57b
[0m22:11:23.871885 [info ] [Thread-3 (]: 76 of 102 START test dbt_utils_accepted_range_int_listings__price_changes_new_price_huf__False__0  [RUN]
[0m22:11:23.872166 [info ] [Thread-2 (]: 77 of 102 START test dbt_utils_accepted_range_int_listings__price_changes_previous_price_huf__False__0  [RUN]
[0m22:11:23.872631 [info ] [Thread-4 (]: 78 of 102 START test dbt_utils_unique_combination_of_columns_int_listings__price_changes_listing_key__previous_price_huf__new_price_huf  [RUN]
[0m22:11:23.872875 [info ] [Thread-1 (]: 79 of 102 START test not_null_int_listings__price_changes_listing_key .......... [RUN]
[0m22:11:23.873132 [debug] [Thread-3 (]: Re-using an available connection from the pool (formerly test.ingatlanmizu.not_null_int_listings__time_on_market_source.27f58358d1, now test.ingatlanmizu.dbt_utils_accepted_range_int_listings__price_changes_new_price_huf__False__0.7e9fb7eed1)
[0m22:11:23.873357 [debug] [Thread-2 (]: Re-using an available connection from the pool (formerly test.ingatlanmizu.not_null_int_listings__time_on_market_listing_key.2c4fd4fb7b, now test.ingatlanmizu.dbt_utils_accepted_range_int_listings__price_changes_previous_price_huf__False__0.bafbe0136e)
[0m22:11:23.873579 [debug] [Thread-4 (]: Re-using an available connection from the pool (formerly test.ingatlanmizu.unique_int_listings__time_on_market_listing_key.71b7d4696d, now test.ingatlanmizu.dbt_utils_unique_combination_of_columns_int_listings__price_changes_listing_key__previous_price_huf__new_price_huf.cfc8495a17)
[0m22:11:23.873788 [debug] [Thread-1 (]: Re-using an available connection from the pool (formerly test.ingatlanmizu.not_null_int_listings__time_on_market_last_seen_at.15cdb3c0c1, now test.ingatlanmizu.not_null_int_listings__price_changes_listing_key.758d0ea57b)
[0m22:11:23.873990 [debug] [Thread-3 (]: Began compiling node test.ingatlanmizu.dbt_utils_accepted_range_int_listings__price_changes_new_price_huf__False__0.7e9fb7eed1
[0m22:11:23.874183 [debug] [Thread-2 (]: Began compiling node test.ingatlanmizu.dbt_utils_accepted_range_int_listings__price_changes_previous_price_huf__False__0.bafbe0136e
[0m22:11:23.874378 [debug] [Thread-4 (]: Began compiling node test.ingatlanmizu.dbt_utils_unique_combination_of_columns_int_listings__price_changes_listing_key__previous_price_huf__new_price_huf.cfc8495a17
[0m22:11:23.874570 [debug] [Thread-1 (]: Began compiling node test.ingatlanmizu.not_null_int_listings__price_changes_listing_key.758d0ea57b
[0m22:11:23.878112 [debug] [Thread-3 (]: Writing injected SQL for node "test.ingatlanmizu.dbt_utils_accepted_range_int_listings__price_changes_new_price_huf__False__0.7e9fb7eed1"
[0m22:11:23.881404 [debug] [Thread-2 (]: Writing injected SQL for node "test.ingatlanmizu.dbt_utils_accepted_range_int_listings__price_changes_previous_price_huf__False__0.bafbe0136e"
[0m22:11:23.888672 [debug] [Thread-4 (]: Writing injected SQL for node "test.ingatlanmizu.dbt_utils_unique_combination_of_columns_int_listings__price_changes_listing_key__previous_price_huf__new_price_huf.cfc8495a17"
[0m22:11:23.892351 [debug] [Thread-1 (]: Writing injected SQL for node "test.ingatlanmizu.not_null_int_listings__price_changes_listing_key.758d0ea57b"
[0m22:11:23.893232 [debug] [Thread-3 (]: Began executing node test.ingatlanmizu.dbt_utils_accepted_range_int_listings__price_changes_new_price_huf__False__0.7e9fb7eed1
[0m22:11:23.893466 [debug] [Thread-2 (]: Began executing node test.ingatlanmizu.dbt_utils_accepted_range_int_listings__price_changes_previous_price_huf__False__0.bafbe0136e
[0m22:11:23.893760 [debug] [Thread-4 (]: Began executing node test.ingatlanmizu.dbt_utils_unique_combination_of_columns_int_listings__price_changes_listing_key__previous_price_huf__new_price_huf.cfc8495a17
[0m22:11:23.894578 [debug] [Thread-3 (]: Writing runtime sql for node "test.ingatlanmizu.dbt_utils_accepted_range_int_listings__price_changes_new_price_huf__False__0.7e9fb7eed1"
[0m22:11:23.895448 [debug] [Thread-2 (]: Writing runtime sql for node "test.ingatlanmizu.dbt_utils_accepted_range_int_listings__price_changes_previous_price_huf__False__0.bafbe0136e"
[0m22:11:23.895659 [debug] [Thread-1 (]: Began executing node test.ingatlanmizu.not_null_int_listings__price_changes_listing_key.758d0ea57b
[0m22:11:23.896419 [debug] [Thread-4 (]: Writing runtime sql for node "test.ingatlanmizu.dbt_utils_unique_combination_of_columns_int_listings__price_changes_listing_key__previous_price_huf__new_price_huf.cfc8495a17"
[0m22:11:23.897262 [debug] [Thread-1 (]: Writing runtime sql for node "test.ingatlanmizu.not_null_int_listings__price_changes_listing_key.758d0ea57b"
[0m22:11:23.897594 [debug] [Thread-2 (]: Using postgres connection "test.ingatlanmizu.dbt_utils_accepted_range_int_listings__price_changes_previous_price_huf__False__0.bafbe0136e"
[0m22:11:23.897852 [debug] [Thread-3 (]: Using postgres connection "test.ingatlanmizu.dbt_utils_accepted_range_int_listings__price_changes_new_price_huf__False__0.7e9fb7eed1"
[0m22:11:23.898177 [debug] [Thread-2 (]: On test.ingatlanmizu.dbt_utils_accepted_range_int_listings__price_changes_previous_price_huf__False__0.bafbe0136e: /* {"app": "dbt", "dbt_version": "1.12.0", "profile_name": "ingatlanmizu", "target_name": "local", "node_id": "test.ingatlanmizu.dbt_utils_accepted_range_int_listings__price_changes_previous_price_huf__False__0.bafbe0136e"} */

    
    select
      count(*) as failures,
      count(*) != 0 as should_warn,
      count(*) != 0 as should_error
    from (
      
    
  

with meet_condition as(
  select *
  from "ingatlanmizu"."silver"."int_listings__price_changes"
),

validation_errors as (
  select *
  from meet_condition
  where
    -- never true, defaults to an empty result set. Exists to ensure any combo of the `or` clauses below succeeds
    1 = 2
    -- records with a value >= min_value are permitted. The `not` flips this to find records that don't meet the rule.
    or not previous_price_huf > 0
)

select *
from validation_errors


  
  
      
    ) dbt_internal_test
[0m22:11:23.898437 [debug] [Thread-4 (]: Using postgres connection "test.ingatlanmizu.dbt_utils_unique_combination_of_columns_int_listings__price_changes_listing_key__previous_price_huf__new_price_huf.cfc8495a17"
[0m22:11:23.902581 [debug] [Thread-3 (]: On test.ingatlanmizu.dbt_utils_accepted_range_int_listings__price_changes_new_price_huf__False__0.7e9fb7eed1: /* {"app": "dbt", "dbt_version": "1.12.0", "profile_name": "ingatlanmizu", "target_name": "local", "node_id": "test.ingatlanmizu.dbt_utils_accepted_range_int_listings__price_changes_new_price_huf__False__0.7e9fb7eed1"} */

    
    select
      count(*) as failures,
      count(*) != 0 as should_warn,
      count(*) != 0 as should_error
    from (
      
    
  

with meet_condition as(
  select *
  from "ingatlanmizu"."silver"."int_listings__price_changes"
),

validation_errors as (
  select *
  from meet_condition
  where
    -- never true, defaults to an empty result set. Exists to ensure any combo of the `or` clauses below succeeds
    1 = 2
    -- records with a value >= min_value are permitted. The `not` flips this to find records that don't meet the rule.
    or not new_price_huf > 0
)

select *
from validation_errors


  
  
      
    ) dbt_internal_test
[0m22:11:23.902842 [debug] [Thread-2 (]: Opening a new connection, currently in state closed
[0m22:11:23.903158 [debug] [Thread-4 (]: On test.ingatlanmizu.dbt_utils_unique_combination_of_columns_int_listings__price_changes_listing_key__previous_price_huf__new_price_huf.cfc8495a17: /* {"app": "dbt", "dbt_version": "1.12.0", "profile_name": "ingatlanmizu", "target_name": "local", "node_id": "test.ingatlanmizu.dbt_utils_unique_combination_of_columns_int_listings__price_changes_listing_key__previous_price_huf__new_price_huf.cfc8495a17"} */

    
    select
      count(*) as failures,
      count(*) != 0 as should_warn,
      count(*) != 0 as should_error
    from (
      
    
  





with validation_errors as (

    select
        listing_key, previous_price_huf, new_price_huf
    from "ingatlanmizu"."silver"."int_listings__price_changes"
    group by listing_key, previous_price_huf, new_price_huf
    having count(*) > 1

)

select *
from validation_errors



  
  
      
    ) dbt_internal_test
[0m22:11:23.903400 [debug] [Thread-3 (]: Opening a new connection, currently in state closed
[0m22:11:23.903678 [debug] [Thread-4 (]: Opening a new connection, currently in state closed
[0m22:11:23.904081 [debug] [Thread-1 (]: Using postgres connection "test.ingatlanmizu.not_null_int_listings__price_changes_listing_key.758d0ea57b"
[0m22:11:23.904335 [debug] [Thread-1 (]: On test.ingatlanmizu.not_null_int_listings__price_changes_listing_key.758d0ea57b: /* {"app": "dbt", "dbt_version": "1.12.0", "profile_name": "ingatlanmizu", "target_name": "local", "node_id": "test.ingatlanmizu.not_null_int_listings__price_changes_listing_key.758d0ea57b"} */

    
    select
      count(*) as failures,
      count(*) != 0 as should_warn,
      count(*) != 0 as should_error
    from (
      
    
  
    
    



select listing_key
from "ingatlanmizu"."silver"."int_listings__price_changes"
where listing_key is null



  
  
      
    ) dbt_internal_test
[0m22:11:23.904570 [debug] [Thread-1 (]: Opening a new connection, currently in state closed
[0m22:11:23.921610 [debug] [Thread-1 (]: SQL status: SELECT 1 in 0.017 seconds
[0m22:11:23.922518 [debug] [Thread-1 (]: On test.ingatlanmizu.not_null_int_listings__price_changes_listing_key.758d0ea57b: ROLLBACK
[0m22:11:23.922794 [debug] [Thread-3 (]: SQL status: SELECT 1 in 0.019 seconds
[0m22:11:23.922998 [debug] [Thread-2 (]: SQL status: SELECT 1 in 0.020 seconds
[0m22:11:23.923226 [debug] [Thread-4 (]: SQL status: SELECT 1 in 0.020 seconds
[0m22:11:23.923476 [debug] [Thread-1 (]: On test.ingatlanmizu.not_null_int_listings__price_changes_listing_key.758d0ea57b: Close
[0m22:11:23.924179 [debug] [Thread-3 (]: On test.ingatlanmizu.dbt_utils_accepted_range_int_listings__price_changes_new_price_huf__False__0.7e9fb7eed1: ROLLBACK
[0m22:11:23.924887 [debug] [Thread-2 (]: On test.ingatlanmizu.dbt_utils_accepted_range_int_listings__price_changes_previous_price_huf__False__0.bafbe0136e: ROLLBACK
[0m22:11:23.925548 [debug] [Thread-4 (]: On test.ingatlanmizu.dbt_utils_unique_combination_of_columns_int_listings__price_changes_listing_key__previous_price_huf__new_price_huf.cfc8495a17: ROLLBACK
[0m22:11:23.925919 [info ] [Thread-1 (]: 79 of 102 PASS not_null_int_listings__price_changes_listing_key ................ [[32mPASS[0m in 0.05s]
[0m22:11:23.926411 [debug] [Thread-1 (]: Finished running node test.ingatlanmizu.not_null_int_listings__price_changes_listing_key.758d0ea57b
[0m22:11:23.926648 [debug] [Thread-3 (]: On test.ingatlanmizu.dbt_utils_accepted_range_int_listings__price_changes_new_price_huf__False__0.7e9fb7eed1: Close
[0m22:11:23.926911 [debug] [Thread-2 (]: On test.ingatlanmizu.dbt_utils_accepted_range_int_listings__price_changes_previous_price_huf__False__0.bafbe0136e: Close
[0m22:11:23.928245 [info ] [Thread-2 (]: 77 of 102 PASS dbt_utils_accepted_range_int_listings__price_changes_previous_price_huf__False__0  [[32mPASS[0m in 0.05s]
[0m22:11:23.927120 [debug] [Thread-4 (]: On test.ingatlanmizu.dbt_utils_unique_combination_of_columns_int_listings__price_changes_listing_key__previous_price_huf__new_price_huf.cfc8495a17: Close
[0m22:11:23.927752 [info ] [Thread-3 (]: 76 of 102 PASS dbt_utils_accepted_range_int_listings__price_changes_new_price_huf__False__0  [[32mPASS[0m in 0.05s]
[0m22:11:23.928666 [debug] [Thread-2 (]: Finished running node test.ingatlanmizu.dbt_utils_accepted_range_int_listings__price_changes_previous_price_huf__False__0.bafbe0136e
[0m22:11:23.927361 [debug] [Thread-1 (]: Began running node test.ingatlanmizu.not_null_int_listings__price_changes_new_price_huf.fe9d374c7e
[0m22:11:23.929003 [debug] [Thread-3 (]: Finished running node test.ingatlanmizu.dbt_utils_accepted_range_int_listings__price_changes_new_price_huf__False__0.7e9fb7eed1
[0m22:11:23.929255 [debug] [Thread-2 (]: Began running node test.ingatlanmizu.not_null_int_listings__price_changes_previous_price_huf.e352144212
[0m22:11:23.929545 [info ] [Thread-4 (]: 78 of 102 PASS dbt_utils_unique_combination_of_columns_int_listings__price_changes_listing_key__previous_price_huf__new_price_huf  [[32mPASS[0m in 0.06s]
[0m22:11:23.929847 [info ] [Thread-1 (]: 80 of 102 START test not_null_int_listings__price_changes_new_price_huf ........ [RUN]
[0m22:11:23.930211 [debug] [Thread-3 (]: Began running node test.ingatlanmizu.not_null_int_listings__price_changes_price_change_pct.ef6faa40a5
[0m22:11:23.930493 [info ] [Thread-2 (]: 81 of 102 START test not_null_int_listings__price_changes_previous_price_huf ... [RUN]
[0m22:11:23.930816 [debug] [Thread-4 (]: Finished running node test.ingatlanmizu.dbt_utils_unique_combination_of_columns_int_listings__price_changes_listing_key__previous_price_huf__new_price_huf.cfc8495a17
[0m22:11:23.931074 [debug] [Thread-1 (]: Re-using an available connection from the pool (formerly test.ingatlanmizu.not_null_int_listings__price_changes_listing_key.758d0ea57b, now test.ingatlanmizu.not_null_int_listings__price_changes_new_price_huf.fe9d374c7e)
[0m22:11:23.931311 [info ] [Thread-3 (]: 82 of 102 START test not_null_int_listings__price_changes_price_change_pct ..... [RUN]
[0m22:11:23.931583 [debug] [Thread-2 (]: Re-using an available connection from the pool (formerly test.ingatlanmizu.dbt_utils_accepted_range_int_listings__price_changes_previous_price_huf__False__0.bafbe0136e, now test.ingatlanmizu.not_null_int_listings__price_changes_previous_price_huf.e352144212)
[0m22:11:23.931829 [debug] [Thread-4 (]: Began running node test.ingatlanmizu.not_null_int_listings__price_changes_price_delta_huf.56ccf3bb12
[0m22:11:23.932057 [debug] [Thread-1 (]: Began compiling node test.ingatlanmizu.not_null_int_listings__price_changes_new_price_huf.fe9d374c7e
[0m22:11:23.932298 [debug] [Thread-3 (]: Re-using an available connection from the pool (formerly test.ingatlanmizu.dbt_utils_accepted_range_int_listings__price_changes_new_price_huf__False__0.7e9fb7eed1, now test.ingatlanmizu.not_null_int_listings__price_changes_price_change_pct.ef6faa40a5)
[0m22:11:23.932502 [debug] [Thread-2 (]: Began compiling node test.ingatlanmizu.not_null_int_listings__price_changes_previous_price_huf.e352144212
[0m22:11:23.932723 [info ] [Thread-4 (]: 83 of 102 START test not_null_int_listings__price_changes_price_delta_huf ...... [RUN]
[0m22:11:23.936371 [debug] [Thread-1 (]: Writing injected SQL for node "test.ingatlanmizu.not_null_int_listings__price_changes_new_price_huf.fe9d374c7e"
[0m22:11:23.936901 [debug] [Thread-3 (]: Began compiling node test.ingatlanmizu.not_null_int_listings__price_changes_price_change_pct.ef6faa40a5
[0m22:11:23.940442 [debug] [Thread-2 (]: Writing injected SQL for node "test.ingatlanmizu.not_null_int_listings__price_changes_previous_price_huf.e352144212"
[0m22:11:23.941216 [debug] [Thread-4 (]: Re-using an available connection from the pool (formerly test.ingatlanmizu.dbt_utils_unique_combination_of_columns_int_listings__price_changes_listing_key__previous_price_huf__new_price_huf.cfc8495a17, now test.ingatlanmizu.not_null_int_listings__price_changes_price_delta_huf.56ccf3bb12)
[0m22:11:23.945305 [debug] [Thread-3 (]: Writing injected SQL for node "test.ingatlanmizu.not_null_int_listings__price_changes_price_change_pct.ef6faa40a5"
[0m22:11:23.956540 [debug] [Thread-4 (]: Began compiling node test.ingatlanmizu.not_null_int_listings__price_changes_price_delta_huf.56ccf3bb12
[0m22:11:23.956798 [debug] [Thread-1 (]: Began executing node test.ingatlanmizu.not_null_int_listings__price_changes_new_price_huf.fe9d374c7e
[0m22:11:23.957111 [debug] [Thread-2 (]: Began executing node test.ingatlanmizu.not_null_int_listings__price_changes_previous_price_huf.e352144212
[0m22:11:23.960346 [debug] [Thread-4 (]: Writing injected SQL for node "test.ingatlanmizu.not_null_int_listings__price_changes_price_delta_huf.56ccf3bb12"
[0m22:11:23.961196 [debug] [Thread-1 (]: Writing runtime sql for node "test.ingatlanmizu.not_null_int_listings__price_changes_new_price_huf.fe9d374c7e"
[0m22:11:23.963800 [debug] [Thread-2 (]: Writing runtime sql for node "test.ingatlanmizu.not_null_int_listings__price_changes_previous_price_huf.e352144212"
[0m22:11:23.964026 [debug] [Thread-3 (]: Began executing node test.ingatlanmizu.not_null_int_listings__price_changes_price_change_pct.ef6faa40a5
[0m22:11:23.964915 [debug] [Thread-3 (]: Writing runtime sql for node "test.ingatlanmizu.not_null_int_listings__price_changes_price_change_pct.ef6faa40a5"
[0m22:11:23.965239 [debug] [Thread-4 (]: Began executing node test.ingatlanmizu.not_null_int_listings__price_changes_price_delta_huf.56ccf3bb12
[0m22:11:23.966067 [debug] [Thread-4 (]: Writing runtime sql for node "test.ingatlanmizu.not_null_int_listings__price_changes_price_delta_huf.56ccf3bb12"
[0m22:11:23.966323 [debug] [Thread-1 (]: Using postgres connection "test.ingatlanmizu.not_null_int_listings__price_changes_new_price_huf.fe9d374c7e"
[0m22:11:23.966562 [debug] [Thread-2 (]: Using postgres connection "test.ingatlanmizu.not_null_int_listings__price_changes_previous_price_huf.e352144212"
[0m22:11:23.966767 [debug] [Thread-3 (]: Using postgres connection "test.ingatlanmizu.not_null_int_listings__price_changes_price_change_pct.ef6faa40a5"
[0m22:11:23.967031 [debug] [Thread-1 (]: On test.ingatlanmizu.not_null_int_listings__price_changes_new_price_huf.fe9d374c7e: /* {"app": "dbt", "dbt_version": "1.12.0", "profile_name": "ingatlanmizu", "target_name": "local", "node_id": "test.ingatlanmizu.not_null_int_listings__price_changes_new_price_huf.fe9d374c7e"} */

    
    select
      count(*) as failures,
      count(*) != 0 as should_warn,
      count(*) != 0 as should_error
    from (
      
    
  
    
    



select new_price_huf
from "ingatlanmizu"."silver"."int_listings__price_changes"
where new_price_huf is null



  
  
      
    ) dbt_internal_test
[0m22:11:23.967290 [debug] [Thread-2 (]: On test.ingatlanmizu.not_null_int_listings__price_changes_previous_price_huf.e352144212: /* {"app": "dbt", "dbt_version": "1.12.0", "profile_name": "ingatlanmizu", "target_name": "local", "node_id": "test.ingatlanmizu.not_null_int_listings__price_changes_previous_price_huf.e352144212"} */

    
    select
      count(*) as failures,
      count(*) != 0 as should_warn,
      count(*) != 0 as should_error
    from (
      
    
  
    
    



select previous_price_huf
from "ingatlanmizu"."silver"."int_listings__price_changes"
where previous_price_huf is null



  
  
      
    ) dbt_internal_test
[0m22:11:23.967512 [debug] [Thread-4 (]: Using postgres connection "test.ingatlanmizu.not_null_int_listings__price_changes_price_delta_huf.56ccf3bb12"
[0m22:11:23.967737 [debug] [Thread-3 (]: On test.ingatlanmizu.not_null_int_listings__price_changes_price_change_pct.ef6faa40a5: /* {"app": "dbt", "dbt_version": "1.12.0", "profile_name": "ingatlanmizu", "target_name": "local", "node_id": "test.ingatlanmizu.not_null_int_listings__price_changes_price_change_pct.ef6faa40a5"} */

    
    select
      count(*) as failures,
      count(*) != 0 as should_warn,
      count(*) != 0 as should_error
    from (
      
    
  
    
    



select price_change_pct
from "ingatlanmizu"."silver"."int_listings__price_changes"
where price_change_pct is null



  
  
      
    ) dbt_internal_test
[0m22:11:23.967970 [debug] [Thread-1 (]: Opening a new connection, currently in state closed
[0m22:11:23.968166 [debug] [Thread-2 (]: Opening a new connection, currently in state closed
[0m22:11:23.968385 [debug] [Thread-4 (]: On test.ingatlanmizu.not_null_int_listings__price_changes_price_delta_huf.56ccf3bb12: /* {"app": "dbt", "dbt_version": "1.12.0", "profile_name": "ingatlanmizu", "target_name": "local", "node_id": "test.ingatlanmizu.not_null_int_listings__price_changes_price_delta_huf.56ccf3bb12"} */

    
    select
      count(*) as failures,
      count(*) != 0 as should_warn,
      count(*) != 0 as should_error
    from (
      
    
  
    
    



select price_delta_huf
from "ingatlanmizu"."silver"."int_listings__price_changes"
where price_delta_huf is null



  
  
      
    ) dbt_internal_test
[0m22:11:23.968592 [debug] [Thread-3 (]: Opening a new connection, currently in state closed
[0m22:11:23.968931 [debug] [Thread-4 (]: Opening a new connection, currently in state closed
[0m22:11:23.983411 [debug] [Thread-1 (]: SQL status: SELECT 1 in 0.015 seconds
[0m22:11:23.983688 [debug] [Thread-4 (]: SQL status: SELECT 1 in 0.015 seconds
[0m22:11:23.983914 [debug] [Thread-3 (]: SQL status: SELECT 1 in 0.015 seconds
[0m22:11:23.984127 [debug] [Thread-2 (]: SQL status: SELECT 1 in 0.016 seconds
[0m22:11:23.984985 [debug] [Thread-1 (]: On test.ingatlanmizu.not_null_int_listings__price_changes_new_price_huf.fe9d374c7e: ROLLBACK
[0m22:11:23.985697 [debug] [Thread-4 (]: On test.ingatlanmizu.not_null_int_listings__price_changes_price_delta_huf.56ccf3bb12: ROLLBACK
[0m22:11:23.986389 [debug] [Thread-3 (]: On test.ingatlanmizu.not_null_int_listings__price_changes_price_change_pct.ef6faa40a5: ROLLBACK
[0m22:11:23.987060 [debug] [Thread-2 (]: On test.ingatlanmizu.not_null_int_listings__price_changes_previous_price_huf.e352144212: ROLLBACK
[0m22:11:23.987554 [debug] [Thread-4 (]: On test.ingatlanmizu.not_null_int_listings__price_changes_price_delta_huf.56ccf3bb12: Close
[0m22:11:23.987839 [debug] [Thread-3 (]: On test.ingatlanmizu.not_null_int_listings__price_changes_price_change_pct.ef6faa40a5: Close
[0m22:11:23.988080 [debug] [Thread-1 (]: On test.ingatlanmizu.not_null_int_listings__price_changes_new_price_huf.fe9d374c7e: Close
[0m22:11:23.988297 [debug] [Thread-2 (]: On test.ingatlanmizu.not_null_int_listings__price_changes_previous_price_huf.e352144212: Close
[0m22:11:23.989752 [info ] [Thread-2 (]: 81 of 102 PASS not_null_int_listings__price_changes_previous_price_huf ......... [[32mPASS[0m in 0.06s]
[0m22:11:23.989053 [info ] [Thread-3 (]: 82 of 102 PASS not_null_int_listings__price_changes_price_change_pct ........... [[32mPASS[0m in 0.06s]
[0m22:11:23.989385 [info ] [Thread-1 (]: 80 of 102 PASS not_null_int_listings__price_changes_new_price_huf .............. [[32mPASS[0m in 0.06s]
[0m22:11:23.988652 [info ] [Thread-4 (]: 83 of 102 PASS not_null_int_listings__price_changes_price_delta_huf ............ [[32mPASS[0m in 0.05s]
[0m22:11:23.990112 [debug] [Thread-2 (]: Finished running node test.ingatlanmizu.not_null_int_listings__price_changes_previous_price_huf.e352144212
[0m22:11:23.990415 [debug] [Thread-3 (]: Finished running node test.ingatlanmizu.not_null_int_listings__price_changes_price_change_pct.ef6faa40a5
[0m22:11:23.990707 [debug] [Thread-1 (]: Finished running node test.ingatlanmizu.not_null_int_listings__price_changes_new_price_huf.fe9d374c7e
[0m22:11:23.991031 [debug] [Thread-4 (]: Finished running node test.ingatlanmizu.not_null_int_listings__price_changes_price_delta_huf.56ccf3bb12
[0m22:11:23.991298 [debug] [Thread-2 (]: Began running node test.ingatlanmizu.dbt_utils_unique_combination_of_columns_int_listings__current_listing_key.43e9b83b9e
[0m22:11:23.991563 [debug] [Thread-3 (]: Began running node test.ingatlanmizu.not_null_int_listings__current_listing_key.ad61725a0d
[0m22:11:23.991833 [debug] [Thread-1 (]: Began running node test.ingatlanmizu.not_null_int_listings__current_source.0e111ad576
[0m22:11:23.992095 [debug] [Thread-4 (]: Began running node test.ingatlanmizu.unique_int_listings__current_listing_key.d6ebb9d6ca
[0m22:11:23.992349 [info ] [Thread-2 (]: 84 of 102 START test dbt_utils_unique_combination_of_columns_int_listings__current_listing_key  [RUN]
[0m22:11:23.992627 [info ] [Thread-3 (]: 85 of 102 START test not_null_int_listings__current_listing_key ................ [RUN]
[0m22:11:23.992876 [info ] [Thread-1 (]: 86 of 102 START test not_null_int_listings__current_source ..................... [RUN]
[0m22:11:23.993110 [info ] [Thread-4 (]: 87 of 102 START test unique_int_listings__current_listing_key .................. [RUN]
[0m22:11:23.993403 [debug] [Thread-2 (]: Re-using an available connection from the pool (formerly test.ingatlanmizu.not_null_int_listings__price_changes_previous_price_huf.e352144212, now test.ingatlanmizu.dbt_utils_unique_combination_of_columns_int_listings__current_listing_key.43e9b83b9e)
[0m22:11:23.993646 [debug] [Thread-3 (]: Re-using an available connection from the pool (formerly test.ingatlanmizu.not_null_int_listings__price_changes_price_change_pct.ef6faa40a5, now test.ingatlanmizu.not_null_int_listings__current_listing_key.ad61725a0d)
[0m22:11:23.993883 [debug] [Thread-1 (]: Re-using an available connection from the pool (formerly test.ingatlanmizu.not_null_int_listings__price_changes_new_price_huf.fe9d374c7e, now test.ingatlanmizu.not_null_int_listings__current_source.0e111ad576)
[0m22:11:23.994113 [debug] [Thread-4 (]: Re-using an available connection from the pool (formerly test.ingatlanmizu.not_null_int_listings__price_changes_price_delta_huf.56ccf3bb12, now test.ingatlanmizu.unique_int_listings__current_listing_key.d6ebb9d6ca)
[0m22:11:23.994331 [debug] [Thread-2 (]: Began compiling node test.ingatlanmizu.dbt_utils_unique_combination_of_columns_int_listings__current_listing_key.43e9b83b9e
[0m22:11:23.994547 [debug] [Thread-3 (]: Began compiling node test.ingatlanmizu.not_null_int_listings__current_listing_key.ad61725a0d
[0m22:11:23.994745 [debug] [Thread-1 (]: Began compiling node test.ingatlanmizu.not_null_int_listings__current_source.0e111ad576
[0m22:11:23.994935 [debug] [Thread-4 (]: Began compiling node test.ingatlanmizu.unique_int_listings__current_listing_key.d6ebb9d6ca
[0m22:11:23.998716 [debug] [Thread-2 (]: Writing injected SQL for node "test.ingatlanmizu.dbt_utils_unique_combination_of_columns_int_listings__current_listing_key.43e9b83b9e"
[0m22:11:24.002156 [debug] [Thread-3 (]: Writing injected SQL for node "test.ingatlanmizu.not_null_int_listings__current_listing_key.ad61725a0d"
[0m22:11:24.005459 [debug] [Thread-1 (]: Writing injected SQL for node "test.ingatlanmizu.not_null_int_listings__current_source.0e111ad576"
[0m22:11:24.009372 [debug] [Thread-4 (]: Writing injected SQL for node "test.ingatlanmizu.unique_int_listings__current_listing_key.d6ebb9d6ca"
[0m22:11:24.009955 [debug] [Thread-3 (]: Began executing node test.ingatlanmizu.not_null_int_listings__current_listing_key.ad61725a0d
[0m22:11:24.010188 [debug] [Thread-2 (]: Began executing node test.ingatlanmizu.dbt_utils_unique_combination_of_columns_int_listings__current_listing_key.43e9b83b9e
[0m22:11:24.010456 [debug] [Thread-1 (]: Began executing node test.ingatlanmizu.not_null_int_listings__current_source.0e111ad576
[0m22:11:24.011239 [debug] [Thread-3 (]: Writing runtime sql for node "test.ingatlanmizu.not_null_int_listings__current_listing_key.ad61725a0d"
[0m22:11:24.011460 [debug] [Thread-4 (]: Began executing node test.ingatlanmizu.unique_int_listings__current_listing_key.d6ebb9d6ca
[0m22:11:24.012207 [debug] [Thread-2 (]: Writing runtime sql for node "test.ingatlanmizu.dbt_utils_unique_combination_of_columns_int_listings__current_listing_key.43e9b83b9e"
[0m22:11:24.013011 [debug] [Thread-1 (]: Writing runtime sql for node "test.ingatlanmizu.not_null_int_listings__current_source.0e111ad576"
[0m22:11:24.013787 [debug] [Thread-4 (]: Writing runtime sql for node "test.ingatlanmizu.unique_int_listings__current_listing_key.d6ebb9d6ca"
[0m22:11:24.014141 [debug] [Thread-3 (]: Using postgres connection "test.ingatlanmizu.not_null_int_listings__current_listing_key.ad61725a0d"
[0m22:11:24.014465 [debug] [Thread-2 (]: Using postgres connection "test.ingatlanmizu.dbt_utils_unique_combination_of_columns_int_listings__current_listing_key.43e9b83b9e"
[0m22:11:24.014729 [debug] [Thread-3 (]: On test.ingatlanmizu.not_null_int_listings__current_listing_key.ad61725a0d: /* {"app": "dbt", "dbt_version": "1.12.0", "profile_name": "ingatlanmizu", "target_name": "local", "node_id": "test.ingatlanmizu.not_null_int_listings__current_listing_key.ad61725a0d"} */

    
    select
      count(*) as failures,
      count(*) != 0 as should_warn,
      count(*) != 0 as should_error
    from (
      
    
  
    
    



select listing_key
from "ingatlanmizu"."silver"."int_listings__current"
where listing_key is null



  
  
      
    ) dbt_internal_test
[0m22:11:24.014985 [debug] [Thread-1 (]: Using postgres connection "test.ingatlanmizu.not_null_int_listings__current_source.0e111ad576"
[0m22:11:24.015235 [debug] [Thread-2 (]: On test.ingatlanmizu.dbt_utils_unique_combination_of_columns_int_listings__current_listing_key.43e9b83b9e: /* {"app": "dbt", "dbt_version": "1.12.0", "profile_name": "ingatlanmizu", "target_name": "local", "node_id": "test.ingatlanmizu.dbt_utils_unique_combination_of_columns_int_listings__current_listing_key.43e9b83b9e"} */

    
    select
      count(*) as failures,
      count(*) != 0 as should_warn,
      count(*) != 0 as should_error
    from (
      
    
  





with validation_errors as (

    select
        listing_key
    from "ingatlanmizu"."silver"."int_listings__current"
    group by listing_key
    having count(*) > 1

)

select *
from validation_errors



  
  
      
    ) dbt_internal_test
[0m22:11:24.015470 [debug] [Thread-4 (]: Using postgres connection "test.ingatlanmizu.unique_int_listings__current_listing_key.d6ebb9d6ca"
[0m22:11:24.015692 [debug] [Thread-3 (]: Opening a new connection, currently in state closed
[0m22:11:24.015919 [debug] [Thread-1 (]: On test.ingatlanmizu.not_null_int_listings__current_source.0e111ad576: /* {"app": "dbt", "dbt_version": "1.12.0", "profile_name": "ingatlanmizu", "target_name": "local", "node_id": "test.ingatlanmizu.not_null_int_listings__current_source.0e111ad576"} */

    
    select
      count(*) as failures,
      count(*) != 0 as should_warn,
      count(*) != 0 as should_error
    from (
      
    
  
    
    



select source
from "ingatlanmizu"."silver"."int_listings__current"
where source is null



  
  
      
    ) dbt_internal_test
[0m22:11:24.016137 [debug] [Thread-2 (]: Opening a new connection, currently in state closed
[0m22:11:24.016359 [debug] [Thread-4 (]: On test.ingatlanmizu.unique_int_listings__current_listing_key.d6ebb9d6ca: /* {"app": "dbt", "dbt_version": "1.12.0", "profile_name": "ingatlanmizu", "target_name": "local", "node_id": "test.ingatlanmizu.unique_int_listings__current_listing_key.d6ebb9d6ca"} */

    
    select
      count(*) as failures,
      count(*) != 0 as should_warn,
      count(*) != 0 as should_error
    from (
      
    
  
    
    

select
    listing_key as unique_field,
    count(*) as n_records

from "ingatlanmizu"."silver"."int_listings__current"
where listing_key is not null
group by listing_key
having count(*) > 1



  
  
      
    ) dbt_internal_test
[0m22:11:24.016639 [debug] [Thread-1 (]: Opening a new connection, currently in state closed
[0m22:11:24.016910 [debug] [Thread-4 (]: Opening a new connection, currently in state closed
[0m22:11:24.030695 [debug] [Thread-3 (]: SQL status: SELECT 1 in 0.015 seconds
[0m22:11:24.031010 [debug] [Thread-2 (]: SQL status: SELECT 1 in 0.015 seconds
[0m22:11:24.031259 [debug] [Thread-4 (]: SQL status: SELECT 1 in 0.014 seconds
[0m22:11:24.031557 [debug] [Thread-1 (]: SQL status: SELECT 1 in 0.015 seconds
[0m22:11:24.032686 [debug] [Thread-3 (]: On test.ingatlanmizu.not_null_int_listings__current_listing_key.ad61725a0d: ROLLBACK
[0m22:11:24.033549 [debug] [Thread-2 (]: On test.ingatlanmizu.dbt_utils_unique_combination_of_columns_int_listings__current_listing_key.43e9b83b9e: ROLLBACK
[0m22:11:24.034329 [debug] [Thread-4 (]: On test.ingatlanmizu.unique_int_listings__current_listing_key.d6ebb9d6ca: ROLLBACK
[0m22:11:24.035055 [debug] [Thread-1 (]: On test.ingatlanmizu.not_null_int_listings__current_source.0e111ad576: ROLLBACK
[0m22:11:24.035800 [debug] [Thread-2 (]: On test.ingatlanmizu.dbt_utils_unique_combination_of_columns_int_listings__current_listing_key.43e9b83b9e: Close
[0m22:11:24.036013 [debug] [Thread-1 (]: On test.ingatlanmizu.not_null_int_listings__current_source.0e111ad576: Close
[0m22:11:24.036231 [debug] [Thread-4 (]: On test.ingatlanmizu.unique_int_listings__current_listing_key.d6ebb9d6ca: Close
[0m22:11:24.036439 [debug] [Thread-3 (]: On test.ingatlanmizu.not_null_int_listings__current_listing_key.ad61725a0d: Close
[0m22:11:24.036818 [info ] [Thread-2 (]: 84 of 102 PASS dbt_utils_unique_combination_of_columns_int_listings__current_listing_key  [[32mPASS[0m in 0.04s]
[0m22:11:24.037290 [info ] [Thread-3 (]: 85 of 102 PASS not_null_int_listings__current_listing_key ...................... [[32mPASS[0m in 0.04s]
[0m22:11:24.037873 [info ] [Thread-1 (]: 86 of 102 PASS not_null_int_listings__current_source ........................... [[32mPASS[0m in 0.04s]
[0m22:11:24.038233 [info ] [Thread-4 (]: 87 of 102 PASS unique_int_listings__current_listing_key ........................ [[32mPASS[0m in 0.04s]
[0m22:11:24.038667 [debug] [Thread-2 (]: Finished running node test.ingatlanmizu.dbt_utils_unique_combination_of_columns_int_listings__current_listing_key.43e9b83b9e
[0m22:11:24.038952 [debug] [Thread-3 (]: Finished running node test.ingatlanmizu.not_null_int_listings__current_listing_key.ad61725a0d
[0m22:11:24.039232 [debug] [Thread-1 (]: Finished running node test.ingatlanmizu.not_null_int_listings__current_source.0e111ad576
[0m22:11:24.039539 [debug] [Thread-4 (]: Finished running node test.ingatlanmizu.unique_int_listings__current_listing_key.d6ebb9d6ca
[0m22:11:24.039783 [debug] [Thread-2 (]: Began running node model.ingatlanmizu.mart_market_monthly
[0m22:11:24.040075 [debug] [Thread-3 (]: Began running node model.ingatlanmizu.mart_average_time_on_market
[0m22:11:24.040468 [debug] [Thread-1 (]: Began running node model.ingatlanmizu.mart_listings_current
[0m22:11:24.040791 [info ] [Thread-2 (]: 88 of 102 START sql table model gold.mart_market_monthly ....................... [RUN]
[0m22:11:24.041091 [info ] [Thread-3 (]: 89 of 102 START sql table model gold.mart_average_time_on_market ............... [RUN]
[0m22:11:24.041367 [info ] [Thread-1 (]: 90 of 102 START sql table model gold.mart_listings_current ..................... [RUN]
[0m22:11:24.041639 [debug] [Thread-2 (]: Re-using an available connection from the pool (formerly test.ingatlanmizu.dbt_utils_unique_combination_of_columns_int_listings__current_listing_key.43e9b83b9e, now model.ingatlanmizu.mart_market_monthly)
[0m22:11:24.041866 [debug] [Thread-3 (]: Re-using an available connection from the pool (formerly test.ingatlanmizu.not_null_int_listings__current_listing_key.ad61725a0d, now model.ingatlanmizu.mart_average_time_on_market)
[0m22:11:24.042083 [debug] [Thread-1 (]: Re-using an available connection from the pool (formerly test.ingatlanmizu.not_null_int_listings__current_source.0e111ad576, now model.ingatlanmizu.mart_listings_current)
[0m22:11:24.042287 [debug] [Thread-2 (]: Began compiling node model.ingatlanmizu.mart_market_monthly
[0m22:11:24.042479 [debug] [Thread-3 (]: Began compiling node model.ingatlanmizu.mart_average_time_on_market
[0m22:11:24.042666 [debug] [Thread-1 (]: Began compiling node model.ingatlanmizu.mart_listings_current
[0m22:11:24.043742 [debug] [Thread-2 (]: Writing injected SQL for node "model.ingatlanmizu.mart_market_monthly"
[0m22:11:24.044604 [debug] [Thread-3 (]: Writing injected SQL for node "model.ingatlanmizu.mart_average_time_on_market"
[0m22:11:24.045936 [debug] [Thread-1 (]: Writing injected SQL for node "model.ingatlanmizu.mart_listings_current"
[0m22:11:24.046800 [debug] [Thread-2 (]: Began executing node model.ingatlanmizu.mart_market_monthly
[0m22:11:24.047003 [debug] [Thread-1 (]: Began executing node model.ingatlanmizu.mart_listings_current
[0m22:11:24.047227 [debug] [Thread-3 (]: Began executing node model.ingatlanmizu.mart_average_time_on_market
[0m22:11:24.059224 [debug] [Thread-2 (]: Writing runtime sql for node "model.ingatlanmizu.mart_market_monthly"
[0m22:11:24.060748 [debug] [Thread-1 (]: Writing runtime sql for node "model.ingatlanmizu.mart_listings_current"
[0m22:11:24.062383 [debug] [Thread-3 (]: Writing runtime sql for node "model.ingatlanmizu.mart_average_time_on_market"
[0m22:11:24.066455 [debug] [Thread-2 (]: Using postgres connection "model.ingatlanmizu.mart_market_monthly"
[0m22:11:24.067340 [debug] [Thread-2 (]: On model.ingatlanmizu.mart_market_monthly: /* {"app": "dbt", "dbt_version": "1.12.0", "profile_name": "ingatlanmizu", "target_name": "local", "node_id": "model.ingatlanmizu.mart_market_monthly"} */

  
    

  create  table "ingatlanmizu"."gold"."mart_market_monthly__dbt_tmp"
  
  
    as
  
  (
    select
	listings.month_start as month_start,
	listings.city as city,
	listings.main_type as main_type,
	listings.sub_type as sub_type,
	count(*) as listing_count,
	
	percentile_cont(0.5) within group (
		order by listings.price_huf::numeric / nullif(listings.area_sqm, 0)
	)::int as median_price_per_sqm,
	
	percentile_cont(0.25) within group (
		order by listings.price_huf::numeric / nullif(listings.area_sqm, 0)
	)::int as p25_median_price_per_sqm,
	
	percentile_cont(0.75) within group (
		order by listings.price_huf::numeric / nullif(listings.area_sqm, 0)
	)::int as p75_median_price_per_sqm
	
from "ingatlanmizu"."silver"."int_listings__monthly" as listings
where listings.price_huf is not null
and listings.area_sqm is not null
group by 1, 2, 3, 4
  );
  
[0m22:11:24.067625 [debug] [Thread-1 (]: Using postgres connection "model.ingatlanmizu.mart_listings_current"
[0m22:11:24.067881 [debug] [Thread-2 (]: Opening a new connection, currently in state closed
[0m22:11:24.068108 [debug] [Thread-3 (]: Using postgres connection "model.ingatlanmizu.mart_average_time_on_market"
[0m22:11:24.069852 [debug] [Thread-1 (]: On model.ingatlanmizu.mart_listings_current: /* {"app": "dbt", "dbt_version": "1.12.0", "profile_name": "ingatlanmizu", "target_name": "local", "node_id": "model.ingatlanmizu.mart_listings_current"} */

  
    

  create  table "ingatlanmizu"."gold"."mart_listings_current__dbt_tmp"
  
  
    as
  
  (
    with 
	price_change_counts as (
		select 
			listing_key,
			count(listing_key) as price_changes_count
		from "ingatlanmizu"."silver"."int_listings__price_changes"
		group by listing_key
	),
	
	oldest_prices as (
		select 
			listing_key, 
			previous_price_huf as oldest_price
		from (
			select 
				*,
				row_number() over (
					partition by listing_key
					order by observed_at desc
				) as rn
			from "ingatlanmizu"."silver"."int_listings__price_changes"
		)
		where rn = 1
	)
	
select 
	listings.*,
	coalesce(price_change_counts.price_changes_count, 0) as price_changes_count,
	coalesce(oldest_prices.oldest_price, price_huf) as original_price_huf,
	coalesce(price_huf - oldest_prices.oldest_price, 0) as price_delta_huf,
	coalesce(
		round(
			((price_huf - oldest_prices.oldest_price)::numeric / oldest_prices.oldest_price)*100, 
			2
		),
		0
	) as price_change_pct
from "ingatlanmizu"."silver"."int_listings__current" as listings
left join price_change_counts
on listings.listing_key = price_change_counts.listing_key
left join oldest_prices
on listings.listing_key = oldest_prices.listing_key
  );
  
[0m22:11:24.070263 [debug] [Thread-3 (]: On model.ingatlanmizu.mart_average_time_on_market: /* {"app": "dbt", "dbt_version": "1.12.0", "profile_name": "ingatlanmizu", "target_name": "local", "node_id": "model.ingatlanmizu.mart_average_time_on_market"} */

  
    

  create  table "ingatlanmizu"."gold"."mart_average_time_on_market__dbt_tmp"
  
  
    as
  
  (
    select
	count(*) as sold_listings,
	round(avg(days_on_market), 2) as average_days_on_market,
	percentile_cont(0.5) within group (order by days_on_market) as median_days_on_market
from "ingatlanmizu"."silver"."int_listings__time_on_market"
where is_active is false
  );
  
[0m22:11:24.070498 [debug] [Thread-1 (]: Opening a new connection, currently in state closed
[0m22:11:24.070706 [debug] [Thread-3 (]: Opening a new connection, currently in state closed
[0m22:11:24.096511 [debug] [Thread-3 (]: SQL status: SELECT 1 in 0.026 seconds
[0m22:11:24.100198 [debug] [Thread-3 (]: Using postgres connection "model.ingatlanmizu.mart_average_time_on_market"
[0m22:11:24.100449 [debug] [Thread-2 (]: SQL status: SELECT 45 in 0.033 seconds
[0m22:11:24.100678 [debug] [Thread-1 (]: SQL status: SELECT 94 in 0.030 seconds
[0m22:11:24.100930 [debug] [Thread-3 (]: On model.ingatlanmizu.mart_average_time_on_market: /* {"app": "dbt", "dbt_version": "1.12.0", "profile_name": "ingatlanmizu", "target_name": "local", "node_id": "model.ingatlanmizu.mart_average_time_on_market"} */
alter table "ingatlanmizu"."gold"."mart_average_time_on_market" rename to "mart_average_time_on_market__dbt_backup"
[0m22:11:24.102255 [debug] [Thread-2 (]: Using postgres connection "model.ingatlanmizu.mart_market_monthly"
[0m22:11:24.103373 [debug] [Thread-1 (]: Using postgres connection "model.ingatlanmizu.mart_listings_current"
[0m22:11:24.103650 [debug] [Thread-2 (]: On model.ingatlanmizu.mart_market_monthly: /* {"app": "dbt", "dbt_version": "1.12.0", "profile_name": "ingatlanmizu", "target_name": "local", "node_id": "model.ingatlanmizu.mart_market_monthly"} */
alter table "ingatlanmizu"."gold"."mart_market_monthly" rename to "mart_market_monthly__dbt_backup"
[0m22:11:24.103908 [debug] [Thread-1 (]: On model.ingatlanmizu.mart_listings_current: /* {"app": "dbt", "dbt_version": "1.12.0", "profile_name": "ingatlanmizu", "target_name": "local", "node_id": "model.ingatlanmizu.mart_listings_current"} */
alter table "ingatlanmizu"."gold"."mart_listings_current" rename to "mart_listings_current__dbt_backup"
[0m22:11:24.104137 [debug] [Thread-3 (]: SQL status: ALTER TABLE in 0.001 seconds
[0m22:11:24.105289 [debug] [Thread-3 (]: Using postgres connection "model.ingatlanmizu.mart_average_time_on_market"
[0m22:11:24.105516 [debug] [Thread-1 (]: SQL status: ALTER TABLE in 0.001 seconds
[0m22:11:24.105725 [debug] [Thread-3 (]: On model.ingatlanmizu.mart_average_time_on_market: /* {"app": "dbt", "dbt_version": "1.12.0", "profile_name": "ingatlanmizu", "target_name": "local", "node_id": "model.ingatlanmizu.mart_average_time_on_market"} */
alter table "ingatlanmizu"."gold"."mart_average_time_on_market__dbt_tmp" rename to "mart_average_time_on_market"
[0m22:11:24.105923 [debug] [Thread-2 (]: SQL status: ALTER TABLE in 0.002 seconds
[0m22:11:24.107009 [debug] [Thread-1 (]: Using postgres connection "model.ingatlanmizu.mart_listings_current"
[0m22:11:24.108048 [debug] [Thread-2 (]: Using postgres connection "model.ingatlanmizu.mart_market_monthly"
[0m22:11:24.108261 [debug] [Thread-3 (]: SQL status: ALTER TABLE in 0.001 seconds
[0m22:11:24.108505 [debug] [Thread-1 (]: On model.ingatlanmizu.mart_listings_current: /* {"app": "dbt", "dbt_version": "1.12.0", "profile_name": "ingatlanmizu", "target_name": "local", "node_id": "model.ingatlanmizu.mart_listings_current"} */
alter table "ingatlanmizu"."gold"."mart_listings_current__dbt_tmp" rename to "mart_listings_current"
[0m22:11:24.108741 [debug] [Thread-2 (]: On model.ingatlanmizu.mart_market_monthly: /* {"app": "dbt", "dbt_version": "1.12.0", "profile_name": "ingatlanmizu", "target_name": "local", "node_id": "model.ingatlanmizu.mart_market_monthly"} */
alter table "ingatlanmizu"."gold"."mart_market_monthly__dbt_tmp" rename to "mart_market_monthly"
[0m22:11:24.109535 [debug] [Thread-3 (]: On model.ingatlanmizu.mart_average_time_on_market: COMMIT
[0m22:11:24.109815 [debug] [Thread-3 (]: Using postgres connection "model.ingatlanmizu.mart_average_time_on_market"
[0m22:11:24.110015 [debug] [Thread-3 (]: On model.ingatlanmizu.mart_average_time_on_market: COMMIT
[0m22:11:24.111054 [debug] [Thread-2 (]: SQL status: ALTER TABLE in 0.001 seconds
[0m22:11:24.111257 [debug] [Thread-1 (]: SQL status: ALTER TABLE in 0.001 seconds
[0m22:11:24.112031 [debug] [Thread-2 (]: On model.ingatlanmizu.mart_market_monthly: COMMIT
[0m22:11:24.112243 [debug] [Thread-3 (]: SQL status: COMMIT in 0.002 seconds
[0m22:11:24.113084 [debug] [Thread-1 (]: On model.ingatlanmizu.mart_listings_current: COMMIT
[0m22:11:24.113294 [debug] [Thread-2 (]: Using postgres connection "model.ingatlanmizu.mart_market_monthly"
[0m22:11:24.114025 [debug] [Thread-3 (]: Applying DROP to: "ingatlanmizu"."gold"."mart_average_time_on_market__dbt_backup"
[0m22:11:24.114236 [debug] [Thread-1 (]: Using postgres connection "model.ingatlanmizu.mart_listings_current"
[0m22:11:24.114440 [debug] [Thread-2 (]: On model.ingatlanmizu.mart_market_monthly: COMMIT
[0m22:11:24.115940 [debug] [Thread-3 (]: Using postgres connection "model.ingatlanmizu.mart_average_time_on_market"
[0m22:11:24.116165 [debug] [Thread-1 (]: On model.ingatlanmizu.mart_listings_current: COMMIT
[0m22:11:24.116407 [debug] [Thread-3 (]: On model.ingatlanmizu.mart_average_time_on_market: /* {"app": "dbt", "dbt_version": "1.12.0", "profile_name": "ingatlanmizu", "target_name": "local", "node_id": "model.ingatlanmizu.mart_average_time_on_market"} */
drop table if exists "ingatlanmizu"."gold"."mart_average_time_on_market__dbt_backup" cascade
[0m22:11:24.116801 [debug] [Thread-2 (]: SQL status: COMMIT in 0.000 seconds
[0m22:11:24.117642 [debug] [Thread-2 (]: Applying DROP to: "ingatlanmizu"."gold"."mart_market_monthly__dbt_backup"
[0m22:11:24.117859 [debug] [Thread-1 (]: SQL status: COMMIT in 0.001 seconds
[0m22:11:24.118201 [debug] [Thread-2 (]: Using postgres connection "model.ingatlanmizu.mart_market_monthly"
[0m22:11:24.118958 [debug] [Thread-1 (]: Applying DROP to: "ingatlanmizu"."gold"."mart_listings_current__dbt_backup"
[0m22:11:24.119169 [debug] [Thread-3 (]: SQL status: DROP TABLE in 0.003 seconds
[0m22:11:24.119380 [debug] [Thread-2 (]: On model.ingatlanmizu.mart_market_monthly: /* {"app": "dbt", "dbt_version": "1.12.0", "profile_name": "ingatlanmizu", "target_name": "local", "node_id": "model.ingatlanmizu.mart_market_monthly"} */
drop table if exists "ingatlanmizu"."gold"."mart_market_monthly__dbt_backup" cascade
[0m22:11:24.119707 [debug] [Thread-1 (]: Using postgres connection "model.ingatlanmizu.mart_listings_current"
[0m22:11:24.120391 [debug] [Thread-3 (]: On model.ingatlanmizu.mart_average_time_on_market: Close
[0m22:11:24.120634 [debug] [Thread-1 (]: On model.ingatlanmizu.mart_listings_current: /* {"app": "dbt", "dbt_version": "1.12.0", "profile_name": "ingatlanmizu", "target_name": "local", "node_id": "model.ingatlanmizu.mart_listings_current"} */
drop table if exists "ingatlanmizu"."gold"."mart_listings_current__dbt_backup" cascade
[0m22:11:24.120966 [debug] [Thread-3 (]: Sending event: {'category': 'dbt', 'action': 'run_model', 'label': '1145f10d-d488-48d9-ad78-2561d640988a', 'context': [<snowplow_tracker.self_describing_json.SelfDescribingJson object at 0x10dbe32f0>]}
[0m22:11:24.121338 [info ] [Thread-3 (]: 89 of 102 OK created sql table model gold.mart_average_time_on_market .......... [[32mSELECT 1[0m in 0.08s]
[0m22:11:24.121713 [debug] [Thread-3 (]: Finished running node model.ingatlanmizu.mart_average_time_on_market
[0m22:11:24.127533 [debug] [Thread-2 (]: SQL status: DROP TABLE in 0.007 seconds
[0m22:11:24.128343 [debug] [Thread-2 (]: On model.ingatlanmizu.mart_market_monthly: Close
[0m22:11:24.128680 [debug] [Thread-2 (]: Sending event: {'category': 'dbt', 'action': 'run_model', 'label': '1145f10d-d488-48d9-ad78-2561d640988a', 'context': [<snowplow_tracker.self_describing_json.SelfDescribingJson object at 0x10d992fc0>]}
[0m22:11:24.129028 [info ] [Thread-2 (]: 88 of 102 OK created sql table model gold.mart_market_monthly .................. [[32mSELECT 45[0m in 0.09s]
[0m22:11:24.129336 [debug] [Thread-2 (]: Finished running node model.ingatlanmizu.mart_market_monthly
[0m22:11:24.129696 [debug] [Thread-4 (]: Began running node test.ingatlanmizu.accepted_values_mart_market_monthly_main_type__H_z__Lak_s.04a0593e44
[0m22:11:24.129963 [debug] [Thread-3 (]: Began running node test.ingatlanmizu.dbt_utils_unique_combination_of_columns_mart_market_monthly_month_start__city__main_type__sub_type.878e12821e
[0m22:11:24.130410 [debug] [Thread-1 (]: SQL status: DROP TABLE in 0.009 seconds
[0m22:11:24.130222 [info ] [Thread-4 (]: 91 of 102 START test accepted_values_mart_market_monthly_main_type__H_z__Lak_s . [RUN]
[0m22:11:24.130677 [debug] [Thread-2 (]: Began running node test.ingatlanmizu.not_empty_mart_market_monthly_city.e017525ac9
[0m22:11:24.130904 [info ] [Thread-3 (]: 92 of 102 START test dbt_utils_unique_combination_of_columns_mart_market_monthly_month_start__city__main_type__sub_type  [RUN]
[0m22:11:24.131621 [debug] [Thread-1 (]: On model.ingatlanmizu.mart_listings_current: Close
[0m22:11:24.131865 [debug] [Thread-4 (]: Re-using an available connection from the pool (formerly test.ingatlanmizu.unique_int_listings__current_listing_key.d6ebb9d6ca, now test.ingatlanmizu.accepted_values_mart_market_monthly_main_type__H_z__Lak_s.04a0593e44)
[0m22:11:24.132077 [info ] [Thread-2 (]: 93 of 102 START test not_empty_mart_market_monthly_city ........................ [RUN]
[0m22:11:24.132314 [debug] [Thread-3 (]: Re-using an available connection from the pool (formerly model.ingatlanmizu.mart_average_time_on_market, now test.ingatlanmizu.dbt_utils_unique_combination_of_columns_mart_market_monthly_month_start__city__main_type__sub_type.878e12821e)
[0m22:11:24.132604 [debug] [Thread-1 (]: Sending event: {'category': 'dbt', 'action': 'run_model', 'label': '1145f10d-d488-48d9-ad78-2561d640988a', 'context': [<snowplow_tracker.self_describing_json.SelfDescribingJson object at 0x10d9fbe90>]}
[0m22:11:24.132826 [debug] [Thread-4 (]: Began compiling node test.ingatlanmizu.accepted_values_mart_market_monthly_main_type__H_z__Lak_s.04a0593e44
[0m22:11:24.133076 [debug] [Thread-2 (]: Re-using an available connection from the pool (formerly model.ingatlanmizu.mart_market_monthly, now test.ingatlanmizu.not_empty_mart_market_monthly_city.e017525ac9)
[0m22:11:24.133300 [debug] [Thread-3 (]: Began compiling node test.ingatlanmizu.dbt_utils_unique_combination_of_columns_mart_market_monthly_month_start__city__main_type__sub_type.878e12821e
[0m22:11:24.138101 [debug] [Thread-4 (]: Writing injected SQL for node "test.ingatlanmizu.accepted_values_mart_market_monthly_main_type__H_z__Lak_s.04a0593e44"
[0m22:11:24.133624 [info ] [Thread-1 (]: 90 of 102 OK created sql table model gold.mart_listings_current ................ [[32mSELECT 94[0m in 0.09s]
[0m22:11:24.138406 [debug] [Thread-2 (]: Began compiling node test.ingatlanmizu.not_empty_mart_market_monthly_city.e017525ac9
[0m22:11:24.150441 [debug] [Thread-3 (]: Writing injected SQL for node "test.ingatlanmizu.dbt_utils_unique_combination_of_columns_mart_market_monthly_month_start__city__main_type__sub_type.878e12821e"
[0m22:11:24.150851 [debug] [Thread-1 (]: Finished running node model.ingatlanmizu.mart_listings_current
[0m22:11:24.153943 [debug] [Thread-2 (]: Writing injected SQL for node "test.ingatlanmizu.not_empty_mart_market_monthly_city.e017525ac9"
[0m22:11:24.154292 [debug] [Thread-1 (]: Began running node test.ingatlanmizu.not_null_mart_market_monthly_city.db5751dbef
[0m22:11:24.154629 [debug] [Thread-4 (]: Began executing node test.ingatlanmizu.accepted_values_mart_market_monthly_main_type__H_z__Lak_s.04a0593e44
[0m22:11:24.154895 [debug] [Thread-3 (]: Began executing node test.ingatlanmizu.dbt_utils_unique_combination_of_columns_mart_market_monthly_month_start__city__main_type__sub_type.878e12821e
[0m22:11:24.155115 [info ] [Thread-1 (]: 94 of 102 START test not_null_mart_market_monthly_city ......................... [RUN]
[0m22:11:24.155943 [debug] [Thread-4 (]: Writing runtime sql for node "test.ingatlanmizu.accepted_values_mart_market_monthly_main_type__H_z__Lak_s.04a0593e44"
[0m22:11:24.156147 [debug] [Thread-2 (]: Began executing node test.ingatlanmizu.not_empty_mart_market_monthly_city.e017525ac9
[0m22:11:24.156965 [debug] [Thread-3 (]: Writing runtime sql for node "test.ingatlanmizu.dbt_utils_unique_combination_of_columns_mart_market_monthly_month_start__city__main_type__sub_type.878e12821e"
[0m22:11:24.157221 [debug] [Thread-1 (]: Re-using an available connection from the pool (formerly model.ingatlanmizu.mart_listings_current, now test.ingatlanmizu.not_null_mart_market_monthly_city.db5751dbef)
[0m22:11:24.157966 [debug] [Thread-2 (]: Writing runtime sql for node "test.ingatlanmizu.not_empty_mart_market_monthly_city.e017525ac9"
[0m22:11:24.158257 [debug] [Thread-1 (]: Began compiling node test.ingatlanmizu.not_null_mart_market_monthly_city.db5751dbef
[0m22:11:24.158497 [debug] [Thread-4 (]: Using postgres connection "test.ingatlanmizu.accepted_values_mart_market_monthly_main_type__H_z__Lak_s.04a0593e44"
[0m22:11:24.161805 [debug] [Thread-1 (]: Writing injected SQL for node "test.ingatlanmizu.not_null_mart_market_monthly_city.db5751dbef"
[0m22:11:24.162051 [debug] [Thread-3 (]: Using postgres connection "test.ingatlanmizu.dbt_utils_unique_combination_of_columns_mart_market_monthly_month_start__city__main_type__sub_type.878e12821e"
[0m22:11:24.162312 [debug] [Thread-4 (]: On test.ingatlanmizu.accepted_values_mart_market_monthly_main_type__H_z__Lak_s.04a0593e44: /* {"app": "dbt", "dbt_version": "1.12.0", "profile_name": "ingatlanmizu", "target_name": "local", "node_id": "test.ingatlanmizu.accepted_values_mart_market_monthly_main_type__H_z__Lak_s.04a0593e44"} */

    
    select
      count(*) as failures,
      count(*) != 0 as should_warn,
      count(*) != 0 as should_error
    from (
      
    
  
    
    

with all_values as (

    select
        main_type as value_field,
        count(*) as n_records

    from "ingatlanmizu"."gold"."mart_market_monthly"
    group by main_type

)

select *
from all_values
where value_field not in (
    'Ház','Lakás'
)



  
  
      
    ) dbt_internal_test
[0m22:11:24.162608 [debug] [Thread-2 (]: Using postgres connection "test.ingatlanmizu.not_empty_mart_market_monthly_city.e017525ac9"
[0m22:11:24.162836 [debug] [Thread-3 (]: On test.ingatlanmizu.dbt_utils_unique_combination_of_columns_mart_market_monthly_month_start__city__main_type__sub_type.878e12821e: /* {"app": "dbt", "dbt_version": "1.12.0", "profile_name": "ingatlanmizu", "target_name": "local", "node_id": "test.ingatlanmizu.dbt_utils_unique_combination_of_columns_mart_market_monthly_month_start__city__main_type__sub_type.878e12821e"} */

    
    select
      count(*) as failures,
      count(*) != 0 as should_warn,
      count(*) != 0 as should_error
    from (
      
    
  





with validation_errors as (

    select
        month_start, city, main_type, sub_type
    from "ingatlanmizu"."gold"."mart_market_monthly"
    group by month_start, city, main_type, sub_type
    having count(*) > 1

)

select *
from validation_errors



  
  
      
    ) dbt_internal_test
[0m22:11:24.163092 [debug] [Thread-4 (]: Opening a new connection, currently in state closed
[0m22:11:24.163280 [debug] [Thread-1 (]: Began executing node test.ingatlanmizu.not_null_mart_market_monthly_city.db5751dbef
[0m22:11:24.163491 [debug] [Thread-2 (]: On test.ingatlanmizu.not_empty_mart_market_monthly_city.e017525ac9: /* {"app": "dbt", "dbt_version": "1.12.0", "profile_name": "ingatlanmizu", "target_name": "local", "node_id": "test.ingatlanmizu.not_empty_mart_market_monthly_city.e017525ac9"} */

    
    select
      count(*) as failures,
      count(*) != 0 as should_warn,
      count(*) != 0 as should_error
    from (
      
    
  

select *
from "ingatlanmizu"."gold"."mart_market_monthly"
where trim(city) = ''


  
  
      
    ) dbt_internal_test
[0m22:11:24.163709 [debug] [Thread-3 (]: Opening a new connection, currently in state closed
[0m22:11:24.164491 [debug] [Thread-1 (]: Writing runtime sql for node "test.ingatlanmizu.not_null_mart_market_monthly_city.db5751dbef"
[0m22:11:24.164702 [debug] [Thread-2 (]: Opening a new connection, currently in state closed
[0m22:11:24.165125 [debug] [Thread-1 (]: Using postgres connection "test.ingatlanmizu.not_null_mart_market_monthly_city.db5751dbef"
[0m22:11:24.165349 [debug] [Thread-1 (]: On test.ingatlanmizu.not_null_mart_market_monthly_city.db5751dbef: /* {"app": "dbt", "dbt_version": "1.12.0", "profile_name": "ingatlanmizu", "target_name": "local", "node_id": "test.ingatlanmizu.not_null_mart_market_monthly_city.db5751dbef"} */

    
    select
      count(*) as failures,
      count(*) != 0 as should_warn,
      count(*) != 0 as should_error
    from (
      
    
  
    
    



select city
from "ingatlanmizu"."gold"."mart_market_monthly"
where city is null



  
  
      
    ) dbt_internal_test
[0m22:11:24.165555 [debug] [Thread-1 (]: Opening a new connection, currently in state closed
[0m22:11:24.172951 [debug] [Thread-4 (]: SQL status: SELECT 1 in 0.010 seconds
[0m22:11:24.174005 [debug] [Thread-4 (]: On test.ingatlanmizu.accepted_values_mart_market_monthly_main_type__H_z__Lak_s.04a0593e44: ROLLBACK
[0m22:11:24.174257 [debug] [Thread-2 (]: SQL status: SELECT 1 in 0.010 seconds
[0m22:11:24.174484 [debug] [Thread-3 (]: SQL status: SELECT 1 in 0.011 seconds
[0m22:11:24.174686 [debug] [Thread-1 (]: SQL status: SELECT 1 in 0.009 seconds
[0m22:11:24.175490 [debug] [Thread-2 (]: On test.ingatlanmizu.not_empty_mart_market_monthly_city.e017525ac9: ROLLBACK
[0m22:11:24.175699 [debug] [Thread-4 (]: On test.ingatlanmizu.accepted_values_mart_market_monthly_main_type__H_z__Lak_s.04a0593e44: Close
[0m22:11:24.176442 [debug] [Thread-3 (]: On test.ingatlanmizu.dbt_utils_unique_combination_of_columns_mart_market_monthly_month_start__city__main_type__sub_type.878e12821e: ROLLBACK
[0m22:11:24.177175 [debug] [Thread-1 (]: On test.ingatlanmizu.not_null_mart_market_monthly_city.db5751dbef: ROLLBACK
[0m22:11:24.177800 [debug] [Thread-2 (]: On test.ingatlanmizu.not_empty_mart_market_monthly_city.e017525ac9: Close
[0m22:11:24.177602 [info ] [Thread-4 (]: 91 of 102 PASS accepted_values_mart_market_monthly_main_type__H_z__Lak_s ....... [[32mPASS[0m in 0.05s]
[0m22:11:24.178116 [debug] [Thread-3 (]: On test.ingatlanmizu.dbt_utils_unique_combination_of_columns_mart_market_monthly_month_start__city__main_type__sub_type.878e12821e: Close
[0m22:11:24.178461 [info ] [Thread-2 (]: 93 of 102 PASS not_empty_mart_market_monthly_city .............................. [[32mPASS[0m in 0.05s]
[0m22:11:24.178683 [debug] [Thread-1 (]: On test.ingatlanmizu.not_null_mart_market_monthly_city.db5751dbef: Close
[0m22:11:24.178968 [debug] [Thread-4 (]: Finished running node test.ingatlanmizu.accepted_values_mart_market_monthly_main_type__H_z__Lak_s.04a0593e44
[0m22:11:24.179587 [debug] [Thread-2 (]: Finished running node test.ingatlanmizu.not_empty_mart_market_monthly_city.e017525ac9
[0m22:11:24.179322 [info ] [Thread-3 (]: 92 of 102 PASS dbt_utils_unique_combination_of_columns_mart_market_monthly_month_start__city__main_type__sub_type  [[32mPASS[0m in 0.05s]
[0m22:11:24.179976 [info ] [Thread-1 (]: 94 of 102 PASS not_null_mart_market_monthly_city ............................... [[32mPASS[0m in 0.02s]
[0m22:11:24.180236 [debug] [Thread-4 (]: Began running node test.ingatlanmizu.not_null_mart_market_monthly_main_type.f2627789cf
[0m22:11:24.180502 [debug] [Thread-2 (]: Began running node test.ingatlanmizu.not_null_mart_market_monthly_month_start.614b9d0b7b
[0m22:11:24.180807 [debug] [Thread-3 (]: Finished running node test.ingatlanmizu.dbt_utils_unique_combination_of_columns_mart_market_monthly_month_start__city__main_type__sub_type.878e12821e
[0m22:11:24.181098 [debug] [Thread-1 (]: Finished running node test.ingatlanmizu.not_null_mart_market_monthly_city.db5751dbef
[0m22:11:24.181313 [info ] [Thread-4 (]: 95 of 102 START test not_null_mart_market_monthly_main_type .................... [RUN]
[0m22:11:24.181555 [info ] [Thread-2 (]: 96 of 102 START test not_null_mart_market_monthly_month_start .................. [RUN]
[0m22:11:24.181802 [debug] [Thread-3 (]: Began running node test.ingatlanmizu.not_null_mart_market_monthly_sub_type.caa99de7b5
[0m22:11:24.182050 [debug] [Thread-1 (]: Began running node test.ingatlanmizu.dbt_utils_unique_combination_of_columns_mart_listings_current_listing_key.fc41e8e7ea
[0m22:11:24.182304 [debug] [Thread-4 (]: Re-using an available connection from the pool (formerly test.ingatlanmizu.accepted_values_mart_market_monthly_main_type__H_z__Lak_s.04a0593e44, now test.ingatlanmizu.not_null_mart_market_monthly_main_type.f2627789cf)
[0m22:11:24.182525 [debug] [Thread-2 (]: Re-using an available connection from the pool (formerly test.ingatlanmizu.not_empty_mart_market_monthly_city.e017525ac9, now test.ingatlanmizu.not_null_mart_market_monthly_month_start.614b9d0b7b)
[0m22:11:24.182730 [info ] [Thread-3 (]: 97 of 102 START test not_null_mart_market_monthly_sub_type ..................... [RUN]
[0m22:11:24.182965 [info ] [Thread-1 (]: 98 of 102 START test dbt_utils_unique_combination_of_columns_mart_listings_current_listing_key  [RUN]
[0m22:11:24.183185 [debug] [Thread-4 (]: Began compiling node test.ingatlanmizu.not_null_mart_market_monthly_main_type.f2627789cf
[0m22:11:24.183369 [debug] [Thread-2 (]: Began compiling node test.ingatlanmizu.not_null_mart_market_monthly_month_start.614b9d0b7b
[0m22:11:24.183575 [debug] [Thread-3 (]: Re-using an available connection from the pool (formerly test.ingatlanmizu.dbt_utils_unique_combination_of_columns_mart_market_monthly_month_start__city__main_type__sub_type.878e12821e, now test.ingatlanmizu.not_null_mart_market_monthly_sub_type.caa99de7b5)
[0m22:11:24.183783 [debug] [Thread-1 (]: Re-using an available connection from the pool (formerly test.ingatlanmizu.not_null_mart_market_monthly_city.db5751dbef, now test.ingatlanmizu.dbt_utils_unique_combination_of_columns_mart_listings_current_listing_key.fc41e8e7ea)
[0m22:11:24.187421 [debug] [Thread-4 (]: Writing injected SQL for node "test.ingatlanmizu.not_null_mart_market_monthly_main_type.f2627789cf"
[0m22:11:24.191142 [debug] [Thread-2 (]: Writing injected SQL for node "test.ingatlanmizu.not_null_mart_market_monthly_month_start.614b9d0b7b"
[0m22:11:24.191386 [debug] [Thread-3 (]: Began compiling node test.ingatlanmizu.not_null_mart_market_monthly_sub_type.caa99de7b5
[0m22:11:24.191592 [debug] [Thread-1 (]: Began compiling node test.ingatlanmizu.dbt_utils_unique_combination_of_columns_mart_listings_current_listing_key.fc41e8e7ea
[0m22:11:24.194930 [debug] [Thread-3 (]: Writing injected SQL for node "test.ingatlanmizu.not_null_mart_market_monthly_sub_type.caa99de7b5"
[0m22:11:24.198296 [debug] [Thread-1 (]: Writing injected SQL for node "test.ingatlanmizu.dbt_utils_unique_combination_of_columns_mart_listings_current_listing_key.fc41e8e7ea"
[0m22:11:24.198526 [debug] [Thread-4 (]: Began executing node test.ingatlanmizu.not_null_mart_market_monthly_main_type.f2627789cf
[0m22:11:24.198739 [debug] [Thread-2 (]: Began executing node test.ingatlanmizu.not_null_mart_market_monthly_month_start.614b9d0b7b
[0m22:11:24.199603 [debug] [Thread-4 (]: Writing runtime sql for node "test.ingatlanmizu.not_null_mart_market_monthly_main_type.f2627789cf"
[0m22:11:24.200326 [debug] [Thread-2 (]: Writing runtime sql for node "test.ingatlanmizu.not_null_mart_market_monthly_month_start.614b9d0b7b"
[0m22:11:24.200534 [debug] [Thread-3 (]: Began executing node test.ingatlanmizu.not_null_mart_market_monthly_sub_type.caa99de7b5
[0m22:11:24.200819 [debug] [Thread-1 (]: Began executing node test.ingatlanmizu.dbt_utils_unique_combination_of_columns_mart_listings_current_listing_key.fc41e8e7ea
[0m22:11:24.201643 [debug] [Thread-3 (]: Writing runtime sql for node "test.ingatlanmizu.not_null_mart_market_monthly_sub_type.caa99de7b5"
[0m22:11:24.202369 [debug] [Thread-1 (]: Writing runtime sql for node "test.ingatlanmizu.dbt_utils_unique_combination_of_columns_mart_listings_current_listing_key.fc41e8e7ea"
[0m22:11:24.202606 [debug] [Thread-4 (]: Using postgres connection "test.ingatlanmizu.not_null_mart_market_monthly_main_type.f2627789cf"
[0m22:11:24.202835 [debug] [Thread-2 (]: Using postgres connection "test.ingatlanmizu.not_null_mart_market_monthly_month_start.614b9d0b7b"
[0m22:11:24.203150 [debug] [Thread-4 (]: On test.ingatlanmizu.not_null_mart_market_monthly_main_type.f2627789cf: /* {"app": "dbt", "dbt_version": "1.12.0", "profile_name": "ingatlanmizu", "target_name": "local", "node_id": "test.ingatlanmizu.not_null_mart_market_monthly_main_type.f2627789cf"} */

    
    select
      count(*) as failures,
      count(*) != 0 as should_warn,
      count(*) != 0 as should_error
    from (
      
    
  
    
    



select main_type
from "ingatlanmizu"."gold"."mart_market_monthly"
where main_type is null



  
  
      
    ) dbt_internal_test
[0m22:11:24.203415 [debug] [Thread-2 (]: On test.ingatlanmizu.not_null_mart_market_monthly_month_start.614b9d0b7b: /* {"app": "dbt", "dbt_version": "1.12.0", "profile_name": "ingatlanmizu", "target_name": "local", "node_id": "test.ingatlanmizu.not_null_mart_market_monthly_month_start.614b9d0b7b"} */

    
    select
      count(*) as failures,
      count(*) != 0 as should_warn,
      count(*) != 0 as should_error
    from (
      
    
  
    
    



select month_start
from "ingatlanmizu"."gold"."mart_market_monthly"
where month_start is null



  
  
      
    ) dbt_internal_test
[0m22:11:24.203651 [debug] [Thread-4 (]: Opening a new connection, currently in state closed
[0m22:11:24.203859 [debug] [Thread-3 (]: Using postgres connection "test.ingatlanmizu.not_null_mart_market_monthly_sub_type.caa99de7b5"
[0m22:11:24.204132 [debug] [Thread-1 (]: Using postgres connection "test.ingatlanmizu.dbt_utils_unique_combination_of_columns_mart_listings_current_listing_key.fc41e8e7ea"
[0m22:11:24.204340 [debug] [Thread-2 (]: Opening a new connection, currently in state closed
[0m22:11:24.204635 [debug] [Thread-3 (]: On test.ingatlanmizu.not_null_mart_market_monthly_sub_type.caa99de7b5: /* {"app": "dbt", "dbt_version": "1.12.0", "profile_name": "ingatlanmizu", "target_name": "local", "node_id": "test.ingatlanmizu.not_null_mart_market_monthly_sub_type.caa99de7b5"} */

    
    select
      count(*) as failures,
      count(*) != 0 as should_warn,
      count(*) != 0 as should_error
    from (
      
    
  
    
    



select sub_type
from "ingatlanmizu"."gold"."mart_market_monthly"
where sub_type is null



  
  
      
    ) dbt_internal_test
[0m22:11:24.204887 [debug] [Thread-1 (]: On test.ingatlanmizu.dbt_utils_unique_combination_of_columns_mart_listings_current_listing_key.fc41e8e7ea: /* {"app": "dbt", "dbt_version": "1.12.0", "profile_name": "ingatlanmizu", "target_name": "local", "node_id": "test.ingatlanmizu.dbt_utils_unique_combination_of_columns_mart_listings_current_listing_key.fc41e8e7ea"} */

    
    select
      count(*) as failures,
      count(*) != 0 as should_warn,
      count(*) != 0 as should_error
    from (
      
    
  





with validation_errors as (

    select
        listing_key
    from "ingatlanmizu"."gold"."mart_listings_current"
    group by listing_key
    having count(*) > 1

)

select *
from validation_errors



  
  
      
    ) dbt_internal_test
[0m22:11:24.205180 [debug] [Thread-3 (]: Opening a new connection, currently in state closed
[0m22:11:24.205394 [debug] [Thread-1 (]: Opening a new connection, currently in state closed
[0m22:11:24.213291 [debug] [Thread-4 (]: SQL status: SELECT 1 in 0.010 seconds
[0m22:11:24.213567 [debug] [Thread-2 (]: SQL status: SELECT 1 in 0.009 seconds
[0m22:11:24.213800 [debug] [Thread-3 (]: SQL status: SELECT 1 in 0.009 seconds
[0m22:11:24.214647 [debug] [Thread-4 (]: On test.ingatlanmizu.not_null_mart_market_monthly_main_type.f2627789cf: ROLLBACK
[0m22:11:24.214873 [debug] [Thread-1 (]: SQL status: SELECT 1 in 0.009 seconds
[0m22:11:24.215567 [debug] [Thread-2 (]: On test.ingatlanmizu.not_null_mart_market_monthly_month_start.614b9d0b7b: ROLLBACK
[0m22:11:24.216224 [debug] [Thread-3 (]: On test.ingatlanmizu.not_null_mart_market_monthly_sub_type.caa99de7b5: ROLLBACK
[0m22:11:24.217023 [debug] [Thread-1 (]: On test.ingatlanmizu.dbt_utils_unique_combination_of_columns_mart_listings_current_listing_key.fc41e8e7ea: ROLLBACK
[0m22:11:24.217241 [debug] [Thread-4 (]: On test.ingatlanmizu.not_null_mart_market_monthly_main_type.f2627789cf: Close
[0m22:11:24.217874 [debug] [Thread-2 (]: On test.ingatlanmizu.not_null_mart_market_monthly_month_start.614b9d0b7b: Close
[0m22:11:24.218086 [debug] [Thread-3 (]: On test.ingatlanmizu.not_null_mart_market_monthly_sub_type.caa99de7b5: Close
[0m22:11:24.217677 [info ] [Thread-4 (]: 95 of 102 PASS not_null_mart_market_monthly_main_type .......................... [[32mPASS[0m in 0.04s]
[0m22:11:24.218334 [debug] [Thread-1 (]: On test.ingatlanmizu.dbt_utils_unique_combination_of_columns_mart_listings_current_listing_key.fc41e8e7ea: Close
[0m22:11:24.219087 [info ] [Thread-2 (]: 96 of 102 PASS not_null_mart_market_monthly_month_start ........................ [[32mPASS[0m in 0.04s]
[0m22:11:24.220248 [info ] [Thread-3 (]: 97 of 102 PASS not_null_mart_market_monthly_sub_type ........................... [[32mPASS[0m in 0.04s]
[0m22:11:24.221925 [debug] [Thread-4 (]: Finished running node test.ingatlanmizu.not_null_mart_market_monthly_main_type.f2627789cf
[0m22:11:24.222552 [info ] [Thread-1 (]: 98 of 102 PASS dbt_utils_unique_combination_of_columns_mart_listings_current_listing_key  [[32mPASS[0m in 0.04s]
[0m22:11:24.222954 [debug] [Thread-2 (]: Finished running node test.ingatlanmizu.not_null_mart_market_monthly_month_start.614b9d0b7b
[0m22:11:24.223251 [debug] [Thread-3 (]: Finished running node test.ingatlanmizu.not_null_mart_market_monthly_sub_type.caa99de7b5
[0m22:11:24.223545 [debug] [Thread-4 (]: Began running node test.ingatlanmizu.not_null_mart_listings_current_listing_key.369a2bce35
[0m22:11:24.223886 [debug] [Thread-1 (]: Finished running node test.ingatlanmizu.dbt_utils_unique_combination_of_columns_mart_listings_current_listing_key.fc41e8e7ea
[0m22:11:24.224137 [debug] [Thread-2 (]: Began running node test.ingatlanmizu.not_null_mart_listings_current_original_price_huf.1cefc46f7e
[0m22:11:24.224418 [debug] [Thread-3 (]: Began running node test.ingatlanmizu.not_null_mart_listings_current_price_change_pct.b17c5467bb
[0m22:11:24.224733 [info ] [Thread-4 (]: 99 of 102 START test not_null_mart_listings_current_listing_key ................ [RUN]
[0m22:11:24.225032 [debug] [Thread-1 (]: Began running node test.ingatlanmizu.not_null_mart_listings_current_price_delta_huf.26a81ff6ce
[0m22:11:24.225356 [info ] [Thread-2 (]: 100 of 102 START test not_null_mart_listings_current_original_price_huf ........ [RUN]
[0m22:11:24.225684 [info ] [Thread-3 (]: 101 of 102 START test not_null_mart_listings_current_price_change_pct .......... [RUN]
[0m22:11:24.225992 [debug] [Thread-4 (]: Re-using an available connection from the pool (formerly test.ingatlanmizu.not_null_mart_market_monthly_main_type.f2627789cf, now test.ingatlanmizu.not_null_mart_listings_current_listing_key.369a2bce35)
[0m22:11:24.226226 [info ] [Thread-1 (]: 102 of 102 START test not_null_mart_listings_current_price_delta_huf ........... [RUN]
[0m22:11:24.226487 [debug] [Thread-2 (]: Re-using an available connection from the pool (formerly test.ingatlanmizu.not_null_mart_market_monthly_month_start.614b9d0b7b, now test.ingatlanmizu.not_null_mart_listings_current_original_price_huf.1cefc46f7e)
[0m22:11:24.226711 [debug] [Thread-3 (]: Re-using an available connection from the pool (formerly test.ingatlanmizu.not_null_mart_market_monthly_sub_type.caa99de7b5, now test.ingatlanmizu.not_null_mart_listings_current_price_change_pct.b17c5467bb)
[0m22:11:24.226921 [debug] [Thread-4 (]: Began compiling node test.ingatlanmizu.not_null_mart_listings_current_listing_key.369a2bce35
[0m22:11:24.227143 [debug] [Thread-1 (]: Re-using an available connection from the pool (formerly test.ingatlanmizu.dbt_utils_unique_combination_of_columns_mart_listings_current_listing_key.fc41e8e7ea, now test.ingatlanmizu.not_null_mart_listings_current_price_delta_huf.26a81ff6ce)
[0m22:11:24.227362 [debug] [Thread-2 (]: Began compiling node test.ingatlanmizu.not_null_mart_listings_current_original_price_huf.1cefc46f7e
[0m22:11:24.227551 [debug] [Thread-3 (]: Began compiling node test.ingatlanmizu.not_null_mart_listings_current_price_change_pct.b17c5467bb
[0m22:11:24.231117 [debug] [Thread-4 (]: Writing injected SQL for node "test.ingatlanmizu.not_null_mart_listings_current_listing_key.369a2bce35"
[0m22:11:24.231363 [debug] [Thread-1 (]: Began compiling node test.ingatlanmizu.not_null_mart_listings_current_price_delta_huf.26a81ff6ce
[0m22:11:24.234634 [debug] [Thread-2 (]: Writing injected SQL for node "test.ingatlanmizu.not_null_mart_listings_current_original_price_huf.1cefc46f7e"
[0m22:11:24.237898 [debug] [Thread-3 (]: Writing injected SQL for node "test.ingatlanmizu.not_null_mart_listings_current_price_change_pct.b17c5467bb"
[0m22:11:24.241224 [debug] [Thread-1 (]: Writing injected SQL for node "test.ingatlanmizu.not_null_mart_listings_current_price_delta_huf.26a81ff6ce"
[0m22:11:24.241590 [debug] [Thread-4 (]: Began executing node test.ingatlanmizu.not_null_mart_listings_current_listing_key.369a2bce35
[0m22:11:24.241844 [debug] [Thread-2 (]: Began executing node test.ingatlanmizu.not_null_mart_listings_current_original_price_huf.1cefc46f7e
[0m22:11:24.242107 [debug] [Thread-3 (]: Began executing node test.ingatlanmizu.not_null_mart_listings_current_price_change_pct.b17c5467bb
[0m22:11:24.242889 [debug] [Thread-4 (]: Writing runtime sql for node "test.ingatlanmizu.not_null_mart_listings_current_listing_key.369a2bce35"
[0m22:11:24.243705 [debug] [Thread-2 (]: Writing runtime sql for node "test.ingatlanmizu.not_null_mart_listings_current_original_price_huf.1cefc46f7e"
[0m22:11:24.243930 [debug] [Thread-1 (]: Began executing node test.ingatlanmizu.not_null_mart_listings_current_price_delta_huf.26a81ff6ce
[0m22:11:24.244715 [debug] [Thread-3 (]: Writing runtime sql for node "test.ingatlanmizu.not_null_mart_listings_current_price_change_pct.b17c5467bb"
[0m22:11:24.245561 [debug] [Thread-1 (]: Writing runtime sql for node "test.ingatlanmizu.not_null_mart_listings_current_price_delta_huf.26a81ff6ce"
[0m22:11:24.245797 [debug] [Thread-4 (]: Using postgres connection "test.ingatlanmizu.not_null_mart_listings_current_listing_key.369a2bce35"
[0m22:11:24.246091 [debug] [Thread-2 (]: Using postgres connection "test.ingatlanmizu.not_null_mart_listings_current_original_price_huf.1cefc46f7e"
[0m22:11:24.246388 [debug] [Thread-4 (]: On test.ingatlanmizu.not_null_mart_listings_current_listing_key.369a2bce35: /* {"app": "dbt", "dbt_version": "1.12.0", "profile_name": "ingatlanmizu", "target_name": "local", "node_id": "test.ingatlanmizu.not_null_mart_listings_current_listing_key.369a2bce35"} */

    
    select
      count(*) as failures,
      count(*) != 0 as should_warn,
      count(*) != 0 as should_error
    from (
      
    
  
    
    



select listing_key
from "ingatlanmizu"."gold"."mart_listings_current"
where listing_key is null



  
  
      
    ) dbt_internal_test
[0m22:11:24.246634 [debug] [Thread-3 (]: Using postgres connection "test.ingatlanmizu.not_null_mart_listings_current_price_change_pct.b17c5467bb"
[0m22:11:24.246968 [debug] [Thread-2 (]: On test.ingatlanmizu.not_null_mart_listings_current_original_price_huf.1cefc46f7e: /* {"app": "dbt", "dbt_version": "1.12.0", "profile_name": "ingatlanmizu", "target_name": "local", "node_id": "test.ingatlanmizu.not_null_mart_listings_current_original_price_huf.1cefc46f7e"} */

    
    select
      count(*) as failures,
      count(*) != 0 as should_warn,
      count(*) != 0 as should_error
    from (
      
    
  
    
    



select original_price_huf
from "ingatlanmizu"."gold"."mart_listings_current"
where original_price_huf is null



  
  
      
    ) dbt_internal_test
[0m22:11:24.247214 [debug] [Thread-1 (]: Using postgres connection "test.ingatlanmizu.not_null_mart_listings_current_price_delta_huf.26a81ff6ce"
[0m22:11:24.247413 [debug] [Thread-4 (]: Opening a new connection, currently in state closed
[0m22:11:24.247631 [debug] [Thread-3 (]: On test.ingatlanmizu.not_null_mart_listings_current_price_change_pct.b17c5467bb: /* {"app": "dbt", "dbt_version": "1.12.0", "profile_name": "ingatlanmizu", "target_name": "local", "node_id": "test.ingatlanmizu.not_null_mart_listings_current_price_change_pct.b17c5467bb"} */

    
    select
      count(*) as failures,
      count(*) != 0 as should_warn,
      count(*) != 0 as should_error
    from (
      
    
  
    
    



select price_change_pct
from "ingatlanmizu"."gold"."mart_listings_current"
where price_change_pct is null



  
  
      
    ) dbt_internal_test
[0m22:11:24.247846 [debug] [Thread-2 (]: Opening a new connection, currently in state closed
[0m22:11:24.248055 [debug] [Thread-1 (]: On test.ingatlanmizu.not_null_mart_listings_current_price_delta_huf.26a81ff6ce: /* {"app": "dbt", "dbt_version": "1.12.0", "profile_name": "ingatlanmizu", "target_name": "local", "node_id": "test.ingatlanmizu.not_null_mart_listings_current_price_delta_huf.26a81ff6ce"} */

    
    select
      count(*) as failures,
      count(*) != 0 as should_warn,
      count(*) != 0 as should_error
    from (
      
    
  
    
    



select price_delta_huf
from "ingatlanmizu"."gold"."mart_listings_current"
where price_delta_huf is null



  
  
      
    ) dbt_internal_test
[0m22:11:24.248333 [debug] [Thread-3 (]: Opening a new connection, currently in state closed
[0m22:11:24.248573 [debug] [Thread-1 (]: Opening a new connection, currently in state closed
[0m22:11:24.259825 [debug] [Thread-4 (]: SQL status: SELECT 1 in 0.012 seconds
[0m22:11:24.260098 [debug] [Thread-2 (]: SQL status: SELECT 1 in 0.012 seconds
[0m22:11:24.260338 [debug] [Thread-3 (]: SQL status: SELECT 1 in 0.012 seconds
[0m22:11:24.260544 [debug] [Thread-1 (]: SQL status: SELECT 1 in 0.012 seconds
[0m22:11:24.261391 [debug] [Thread-4 (]: On test.ingatlanmizu.not_null_mart_listings_current_listing_key.369a2bce35: ROLLBACK
[0m22:11:24.262082 [debug] [Thread-2 (]: On test.ingatlanmizu.not_null_mart_listings_current_original_price_huf.1cefc46f7e: ROLLBACK
[0m22:11:24.262780 [debug] [Thread-3 (]: On test.ingatlanmizu.not_null_mart_listings_current_price_change_pct.b17c5467bb: ROLLBACK
[0m22:11:24.263441 [debug] [Thread-1 (]: On test.ingatlanmizu.not_null_mart_listings_current_price_delta_huf.26a81ff6ce: ROLLBACK
[0m22:11:24.263941 [debug] [Thread-4 (]: On test.ingatlanmizu.not_null_mart_listings_current_listing_key.369a2bce35: Close
[0m22:11:24.264189 [debug] [Thread-2 (]: On test.ingatlanmizu.not_null_mart_listings_current_original_price_huf.1cefc46f7e: Close
[0m22:11:24.264392 [debug] [Thread-3 (]: On test.ingatlanmizu.not_null_mart_listings_current_price_change_pct.b17c5467bb: Close
[0m22:11:24.264610 [debug] [Thread-1 (]: On test.ingatlanmizu.not_null_mart_listings_current_price_delta_huf.26a81ff6ce: Close
[0m22:11:24.264981 [info ] [Thread-4 (]: 99 of 102 PASS not_null_mart_listings_current_listing_key ...................... [[32mPASS[0m in 0.04s]
[0m22:11:24.265353 [info ] [Thread-2 (]: 100 of 102 PASS not_null_mart_listings_current_original_price_huf .............. [[32mPASS[0m in 0.04s]
[0m22:11:24.265667 [info ] [Thread-3 (]: 101 of 102 PASS not_null_mart_listings_current_price_change_pct ................ [[32mPASS[0m in 0.04s]
[0m22:11:24.265992 [info ] [Thread-1 (]: 102 of 102 PASS not_null_mart_listings_current_price_delta_huf ................. [[32mPASS[0m in 0.04s]
[0m22:11:24.266363 [debug] [Thread-4 (]: Finished running node test.ingatlanmizu.not_null_mart_listings_current_listing_key.369a2bce35
[0m22:11:24.266682 [debug] [Thread-2 (]: Finished running node test.ingatlanmizu.not_null_mart_listings_current_original_price_huf.1cefc46f7e
[0m22:11:24.266996 [debug] [Thread-3 (]: Finished running node test.ingatlanmizu.not_null_mart_listings_current_price_change_pct.b17c5467bb
[0m22:11:24.267266 [debug] [Thread-1 (]: Finished running node test.ingatlanmizu.not_null_mart_listings_current_price_delta_huf.26a81ff6ce
[0m22:11:24.268239 [debug] [MainThread]: On master: COMMIT
[0m22:11:24.268430 [debug] [MainThread]: Using postgres connection "master"
[0m22:11:24.268605 [debug] [MainThread]: On master: COMMIT
[0m22:11:24.268764 [debug] [MainThread]: Opening a new connection, currently in state closed
[0m22:11:24.275207 [debug] [MainThread]: SQL status: COMMIT in 0.006 seconds
[0m22:11:24.275405 [debug] [MainThread]: On master: Close
[0m22:11:24.275640 [debug] [MainThread]: Connection 'master' was properly closed.
[0m22:11:24.275808 [debug] [MainThread]: Connection 'test.ingatlanmizu.not_null_mart_listings_current_price_delta_huf.26a81ff6ce' was properly closed.
[0m22:11:24.275987 [debug] [MainThread]: Connection 'test.ingatlanmizu.not_null_mart_listings_current_original_price_huf.1cefc46f7e' was properly closed.
[0m22:11:24.276137 [debug] [MainThread]: Connection 'test.ingatlanmizu.not_null_mart_listings_current_price_change_pct.b17c5467bb' was properly closed.
[0m22:11:24.276290 [debug] [MainThread]: Connection 'test.ingatlanmizu.not_null_mart_listings_current_listing_key.369a2bce35' was properly closed.
[0m22:11:24.276540 [info ] [MainThread]: 
[0m22:11:24.276735 [info ] [MainThread]: Finished running 3 table models, 91 data tests, 8 view models in 0 hours 0 minutes and 1.69 seconds (1.69s).
[0m22:11:24.282932 [debug] [MainThread]: Command end result
[0m22:11:24.357455 [debug] [MainThread]: Wrote artifact WritableManifest to transform/target/manifest.json
[0m22:11:24.358983 [debug] [MainThread]: Wrote artifact SemanticManifest to transform/target/semantic_manifest.json
[0m22:11:24.360289 [debug] [MainThread]: Wrote artifact OsiDocument to transform/target/osi_document.json
[0m22:11:24.366907 [debug] [MainThread]: Wrote artifact RunExecutionResult to transform/target/run_results.json
[0m22:11:24.367117 [info ] [MainThread]: 
[0m22:11:24.367332 [info ] [MainThread]: [32mCompleted successfully[0m
[0m22:11:24.367538 [info ] [MainThread]: 
[0m22:11:24.367734 [info ] [MainThread]: Done. PASS=102 WARN=0 ERROR=0 SKIP=0 NO-OP=0 REUSED=0 TOTAL=102
[0m22:11:24.370286 [debug] [MainThread]: Resource report: {"command_name": "build", "command_success": true, "command_wall_clock_time": 2.3734314, "process_in_blocks": "0", "process_kernel_time": 0.286765, "process_mem_max_rss": "151273472", "process_out_blocks": "0", "process_user_time": 2.732785}
[0m22:11:24.370572 [debug] [MainThread]: Command `dbt build` succeeded at 22:11:24.370528 after 2.37 seconds
[0m22:11:24.370798 [debug] [MainThread]: Sending event: {'category': 'dbt', 'action': 'invocation', 'label': 'end', 'context': [<snowplow_tracker.self_describing_json.SelfDescribingJson object at 0x108c58a70>, <snowplow_tracker.self_describing_json.SelfDescribingJson object at 0x108c59910>, <snowplow_tracker.self_describing_json.SelfDescribingJson object at 0x106d72c60>]}
[0m22:11:24.371003 [debug] [MainThread]: Flushing usage events
[0m22:11:26.021715 [debug] [MainThread]: An error was encountered while trying to flush usage events
